planarity,pi_extent,fluoro_sub,frac_csp3,mw,arom_rings,initial_bandgap,proton_fluence_log,electron_fluence_log,proton_energy_mev,electron_energy_mev,total_dose_krad_log,mission_years,delta_bandgap_ev,post_irrad_bandgap,efficiency_retention
0.21934563492692294,55.9872258910568,0.8353266897939735,0.5195805074919813,1106.2721862783617,4.397613820183708,2.6302689068814282,14.594716241828431,15.950044645906782,21.357764398311826,6.364644406107876,2.7928974651903657,6.590734603386546,0.10762214121832185,2.7378910480997503,0.7836029175365932
0.4130117368786672,33.26071783594598,0.11397925150512689,0.24967919018787577,1215.195145723941,3.7798304748575466,1.6807957410340444,14.91675141877813,15.974417656177128,129.58611425797645,0.34767282048500014,1.8503183960449165,18.130790409604067,0.1559303958090733,1.8367261368431178,0.8077266294337476
0.9766354781603012,62.50749729703944,0.9369814082100094,0.0337917403917082,574.9945262876895,10.56733743197873,2.0138964281194847,14.907549265027047,15.956329439455605,11.260376799496761,4.114860240547025,2.562113234665937,10.53126015366543,0.04435688750012729,2.058253315619612,0.9294346446807996
0.08889902164812924,45.41180375434125,0.10126948960980187,0.013274375892040348,402.52949635065556,1.6283339279341753,3.7333554092888503,14.74235564948308,15.875851695477289,195.6293125032924,8.59566055408068,2.0202149770930142,16.61980315171636,0.13909851646085644,3.872453925749707,0.8013138376625233
0.47928985968018156,43.441702196261765,0.025699420755282976,0.6277876127617932,862.3154998822426,13.273668417648903,4.898098939033824,14.424071260870187,14.919084799216476,1.5587884341556473,3.4044053557346006,2.5553568996776743,27.030113659603057,0.12126375884229973,5.019362697876124,0.7691456910651988
0.9875504942376699,39.40529244919313,0.1613033855256889,0.17349962698067262,1432.2726544935222,12.370017067589112,1.5330277760951587,13.710782230550013,15.524172328253881,91.27873421944196,6.8062263348026475,2.2537716102092404,0.8453136030535611,0.0635033105200213,1.59653108661518,0.8461031670026095
0.19814108901891814,46.26435880673557,0.5949802420172872,0.11524827063230775,818.7635139429993,10.679626266519545,1.0536006815048238,14.892380511967852,15.119460968134991,3.4695680335199253,8.79888639612176,2.8155535120792305,10.220322202790435,0.12176639102339101,1.1753670725282148,0.8018492794634879
0.9117151818452747,78.96274325143074,0.47086040754296477,0.23174033395175161,522.3625828734223,4.877938166372627,4.571171606033278,14.705289113612857,15.904184979411056,31.067312373231296,1.46506725345824,2.3408200388321316,29.511578911581207,0.09851674535768296,4.6696883513909615,0.860556854975022
0.5582501148658583,58.524364148876735,0.16322791470671494,0.7111516666673503,1011.2921191303321,13.991551778312143,2.6341768323386585,14.797164531618852,15.770910580550208,10.300088019027633,8.078511456634137,2.7285278866945317,2.9870100454178887,0.10618740491995518,2.7403642372586137,0.7247427492668183
0.7832294684757611,55.59269553208278,0.8295891293214664,0.5407622797712799,1284.7724784029356,10.645837096426044,1.1354886565750817,14.862493879699736,15.89011669357069,96.25522339174508,8.212446335279267,2.2585861079441796,3.5233548803432266,0.08232164555814657,1.2178103021332283,0.868054988899798
0.30247658961954926,62.13171712950722,0.5043714282456874,0.517292868257034,210.29017569520042,6.446112982520378,4.2754770429936855,14.908378699781283,15.704884733483333,114.2381976729446,5.679820827670278,2.708645295120971,10.483265878184396,0.12588193866742867,4.401358981661114,0.7746851712043347
0.39730099348623427,61.262389015933415,0.19725412039603196,0.7508923361606362,1302.9026399192485,9.727641679852539,2.2624946757847493,13.098435319305564,15.763114694476961,187.0389874021382,9.491946564200564,2.6648614934528156,12.01197763955469,0.128979923564534,2.391474599349283,0.7581657238004205
0.2959673146904229,21.790956805636082,0.06947146892100475,0.7260640613889295,417.9751596826169,8.512068195621215,4.605734200769381,14.363796346556914,15.016358460741268,129.1755619455309,2.0384812108097163,2.280775794661717,24.311219492977962,0.13810357157451955,4.7438377723439,0.721017512113806
0.8940884610144999,27.150861581480953,0.46310566680982823,0.6458604749835328,1337.486062452992,4.769874195269342,4.338386240500341,14.79808807835261,15.872636751416541,171.99594160881887,9.069540313480479,2.1268512114396954,23.106475735561638,0.1198500371760026,4.458236277676344,0.7940870131656144
0.048175102712852635,62.87761080666903,0.42598210013277005,0.4406167665161159,623.719082028512,4.887721584689221,4.363993006210292,14.940362888160031,15.78226670927087,157.38253459103876,7.952536887669101,2.360275310258165,14.248341963122495,0.13857908343361225,4.502572089643904,0.7492098460071003
0.44506764276358546,4.142951203242068,0.2582501609403649,0.7399482692856073,1314.6229537230686,11.671158329138779,0.6924519150306723,13.938257633024763,15.778077643759104,146.65631542793133,1.013781525711577,2.732334470452251,7.199752393021962,0.1357719363195593,0.8282238513502316,0.7431107962253523
0.5618938892024055,19.971889898283575,0.7731418619513697,0.5067252035562235,1092.8410107267762,13.814285583245443,0.8149836962398469,14.973900705618997,15.953046904287877,154.70035440453415,7.417858691670537,2.765629252832697,15.764735934203163,0.08654551456001225,0.9015292107998591,0.7973571185438352
0.3637146302656621,78.33977517603024,0.5234850750363284,0.71520540288168,675.8480963838841,11.895604769302885,2.7905060877357166,14.495987675297256,15.58942405323502,121.96319176126825,2.8811887935051885,2.2447586287855605,25.933128215247528,0.11387492892897537,2.904381016664692,0.7889837409787827
0.6944930799492877,49.987457636624086,0.950000053815255,0.06415340555135006,758.0821218317311,5.525796882163924,1.262698895095082,13.906426766203964,15.375035872951083,190.30959498168176,3.7876422472529097,2.956812292431775,13.160756374708846,0.06474883809375308,1.327447733188835,0.9086721639140946
0.9233680820436188,32.24425496450367,0.40782574332456445,0.06362378578289506,1014.497592163682,10.857593181129339,4.1599846607048985,14.818091915322395,14.881123995031908,24.348673018483943,4.551624426213105,2.8919285590939725,18.550710373618724,0.10118039490930986,4.261165055614208,0.8119051828411388
0.030593067542217356,8.883868774581522,0.44273378661895635,0.6354389148446198,151.36582167364736,7.377067956077343,4.638964926641126,14.320448049783828,15.952007031965554,122.60314612599188,9.85109121180391,2.9466583659011447,22.749141020239133,0.14846888827088492,4.787433814912011,0.7283791306027989
0.12140543858998842,21.74907118637589,0.5352193429715923,0.45768578794420983,596.0085928621095,7.4562427578869865,1.5654296836631292,14.996095050260369,15.520837680928166,170.0681573864818,3.835301372187538,2.753487724865986,10.79340897700722,0.13223264664869339,1.6976623303118226,0.723091665860306
0.23190636988598334,25.374225579558153,0.3307416388105582,0.07919000855993313,1191.5124597622844,8.485454590054903,1.5735631089859075,14.906052401048525,15.90356894234722,41.164482275008226,0.38260706831476793,2.2300114994943776,4.462058687420588,0.0851894395512864,1.658752548537194,0.8174827280280457
0.6428969497751713,81.90879520248146,0.30086777355424243,0.3734207705579343,713.9860653061234,4.984689555768796,0.6377407163856523,14.701856662749629,15.811458464074738,88.84782395722054,5.339670794954916,2.5855715520308644,14.295298663877082,0.1423864717804275,0.7801271881660798,0.7693396950082084
0.23593360077291325,77.13909045838591,0.34669186589702106,0.23894789054676968,81.91471313921166,13.635188005009438,3.3446736582175745,14.332994290137377,15.45191086648401,137.7447427584632,6.251175901151079,2.4640447543557458,19.74465535793871,0.09826850273815807,3.4429421609557327,0.7693556478846199
0.966865769521486,46.262659067687125,0.6511814761338162,0.4054049921486483,274.8575799466312,1.7704066787417678,3.9550381599210485,14.356902503815581,15.480180915821041,178.57314303874682,9.390345830123168,2.2610067281727204,3.5673712316863817,0.10029020593930016,4.0553283658603485,0.8617763008628765
0.1491671330733525,44.18613100132483,0.5623090899492682,0.46917247891555114,303.2391592746619,6.921913948064379,3.5208755433882515,14.965343423980165,15.896925751472127,100.59378384346367,1.9116141458516087,1.7445353556036227,1.180769935996702,0.11365333765119204,3.6345288810394436,0.8155195989788483
0.046896439497494,11.671057339580544,0.36779661290129173,0.5595148417778161,913.8617246511413,6.859945177318083,1.2423981255031993,14.62715648352399,15.75581817343542,111.923444121166,1.1904977363730105,2.8201331220337833,2.2772460254575257,0.15149379986680195,1.3938919253700013,0.7364880892008492
0.47045114661285403,34.09496877580362,0.24178735585990774,0.6078792643155349,829.567372781136,7.484695572283016,3.7745146313967477,14.766303444589314,15.78632257508281,40.46762723712346,5.751577184213892,2.8963269431450813,13.234410085562494,0.15400112681579353,3.928515758212541,0.772938707706736
0.6825774831729244,61.944809834679454,0.1573309005891409,0.3141435733054479,713.4142178916445,12.822192969771766,3.8740497055174004,14.82424741915372,15.522283315700806,64.85137224285941,3.6901749184247317,2.7838781641337413,26.39031480312804,0.09836285173879883,3.9724125572561992,0.7657158470270021
0.8793831591887965,6.421557146732205,0.263128231545664,0.3905833568453252,171.11682559274286,7.585906773852736,3.445477379619739,14.92028343497302,15.549255205267942,72.73373954001612,3.925177946999956,2.9168222212217785,25.54768088947377,0.12061636900746232,3.5660937486272015,0.7822443813220522
0.6829203721828514,14.389582369312798,0.31574731345047546,0.44107999540772846,244.84085963114586,13.652441361357342,0.8826896170861849,14.065260613148924,15.127338901171335,78.43807986767833,2.6722013554873687,2.2443845023727813,16.080724644361748,0.09738608434468495,0.9800757014308699,0.802744875339624
0.5202866234335063,45.413747530419464,0.9600963377845206,0.6653487370812784,164.6093212019074,3.306835473145818,4.4510809777018725,14.70612129976647,15.492768594854873,41.96080322680251,7.93217103597738,2.4345221686219793,18.142072313696175,0.12156046894354589,4.572641446645418,0.897121441880296
0.46700555851733094,50.13434025965836,0.193875042233844,0.19999342172499468,319.97228070141983,4.577055337053545,3.094142147249737,14.778750884159203,15.941669934624246,149.67608528645874,5.62577687131436,2.9593216703422267,2.277969495096519,0.12443294449508488,3.218575091744822,0.7500002846435121
0.2574006001095316,72.91782836943499,0.8730372889702124,0.44511038242392953,516.8150299356121,11.428011957072975,3.2175615019113115,14.966476795439524,15.644070822027093,167.21993823197823,6.957913600149898,1.9775212505583788,16.6206145578888,0.11388878255084114,3.3314502844621527,0.8539304308359271
0.5080282806998335,22.013329690259155,0.6135276066457852,0.35495050360041847,671.4206248586391,12.269476350079692,1.3672992237993218,13.895290129598106,15.291521438208623,178.19211269902888,0.06311011255503193,2.965754171165009,3.0184196366866467,0.07860692871437545,1.4459061525136971,0.8067055149689669
0.5744697926139982,83.67276417837526,0.3573799958220454,0.24771711204363447,572.4537276755193,11.760971789760147,1.4535216588277404,14.045934465859544,15.885534526742584,134.80495280569178,1.5976844749489887,2.802141921789608,8.613504263154224,0.08112587015594015,1.5346475289836805,0.7662243661205258
0.490141885681439,45.760049964283056,0.989443103232885,0.0240855039010234,1344.9270979957232,1.1079031546989437,3.97440551569572,14.689471572336018,15.3158744912304,164.79829315940688,3.531545054866922,2.074399267025732,19.981951756935995,0.08950484870661501,4.063910364402335,0.8686380427436731
0.20718000021475524,30.51653914140674,0.7116714115858579,0.2572196014617836,1218.2482710573715,0.5963301354870776,4.547804000881364,14.78000288807045,15.63948185300866,26.39315092808586,2.465801544755971,2.6626836110352894,0.7794704684487974,0.0911265793160435,4.638930580197407,0.807247115515096
0.4508835604741419,2.341594678376729,0.04482945032216068,0.05172544829803503,164.72206798226296,3.063998916542464,0.5352429794089316,14.223407464111515,15.918549332375573,99.27010152971584,9.310102232426795,2.2319704905092492,11.198673389245297,0.1323500175938044,0.667592997002736,0.777969125758339
0.9399288607089527,6.510460722619322,0.20910545162830896,0.6887268315956119,1067.2970778400258,5.701641139510682,1.11397140702122,14.841337987892226,15.836134269422505,76.61328051044224,8.253739814040436,1.0849706283481237,22.26575829133258,0.10717584237724236,1.2211472493984625,0.9004898752340624
0.31175372444251737,52.94273061844608,0.038598255207265675,0.1167959584999986,1340.7960182420222,12.22384373610205,3.23333476612239,14.33710823077547,15.73835802082275,194.857069171505,3.4034379885418975,1.915089565819859,6.745423918299164,0.10960973362042575,3.3429444997428157,0.8063699184728917
0.023002568396193634,69.98940002110582,0.02302094530720522,0.06177382772609814,489.2876880108293,1.2998392169128514,1.3752855490611697,14.722559446915467,15.820257573770865,71.25578265391266,7.852967423166219,2.727368563725264,25.037839276784744,0.18366203834371478,1.5589475874048846,0.7472417460756237
0.24909584155915754,33.62887358268498,0.1976012908656668,0.590598530605937,479.26522903300133,6.887461012381193,2.316634448183723,14.165899652203644,15.669656087122522,90.35153248769151,1.365306292665454,2.683741576282976,10.973467973876339,0.14740524644438527,2.4640396946281085,0.7446606066455557
0.21098344092956567,53.92312570962218,0.3604692694613447,0.3838214138986203,378.25941899927636,6.112286138140584,3.353440862183481,14.991943305187,15.621931073769675,56.95537717608601,9.609086145190357,2.5956932814474487,6.774596168866013,0.13576055208376797,3.489201414267249,0.7959244388315349
0.20262672228661216,41.361601118828126,0.5802504480358776,0.06398396488783842,821.1674420684533,4.269597179496872,1.8954972941427597,13.608783989691144,15.60848592763555,143.8331735268917,4.5670897865838915,2.168945665254068,3.3312155801447165,0.08130963674851882,1.9768069308912786,0.8574729914685032
0.6709973385233228,29.865660349312254,0.8272007859834868,0.2147596269997969,1366.8722826173,3.644110832906366,2.1058116084906255,14.134332944830138,15.638865940428248,9.969564737508444,8.582340248433287,2.983282330300753,20.486046345010887,0.10276194536600948,2.208573553856635,0.829873467866437
0.7422454439747159,74.53805454339815,0.5828142555999638,0.6445523021487998,861.6991476395898,12.855832072831562,4.466068899601632,14.691703611724943,15.049596315662889,84.2340859431782,3.959433837267532,2.2205169139550325,5.518787800567053,0.09469130571086472,4.560760205312497,0.8059029003710874
0.8545523494134567,4.598237738442327,0.7883781757982646,0.08092499531275764,651.6273512530967,12.826300899808537,4.830832449645227,14.496933433314522,15.060010176208491,158.9643434459559,3.3608844585633313,2.648888583671022,16.829098949741393,0.0407871436033508,4.871619593248577,0.8882911951897257
0.08434878604219853,35.21256783151139,0.02869651117206684,0.40663048541225405,1405.187031527734,10.234315234439423,3.1613283459991766,14.588819901878715,15.883281561272375,47.57041353472002,9.931255099855688,2.725404095545339,25.8988802170366,0.1618750792781766,3.3232034252773532,0.671144440059155
0.16995954048719009,39.69241803803631,0.6972574955295309,0.021315644856891327,372.2481881212839,12.786737466392289,3.6707973424807667,14.8454239986448,15.40017722439795,56.6999289925693,2.692857942475747,2.753512075417444,28.13512591055113,0.09143423387307423,3.762231576353841,0.8144705130243999
0.9759123620072574,81.92214632647175,0.07895445534443579,0.2813900184388956,1411.8976123372488,7.605069579917219,3.889418532338164,13.184156585139602,14.273667646338442,136.33619640686916,3.615041613067801,2.9680821789401386,0.9398715557515,0.09841873264688503,3.987837264985049,0.7871579797996634
0.0023971728372461643,74.91824927645943,0.1806547774257562,0.11390828087112848,717.7241302004048,12.44920445102164,1.7809457867178733,14.599752867549197,15.842712283231478,113.3430402047476,7.235682378959311,2.8413620204669696,18.010485512339358,0.11813984802691137,1.8990856347447846,0.7171179672550878
0.4576685458384775,39.25063245977473,0.22696352254786256,0.1229587205314786,530.5100416068024,3.947142226580823,3.048103254745602,14.873208302173998,15.815267870034283,93.80910396393072,6.541242735281901,2.6885627080615753,18.817638379905336,0.14837748044799592,3.196480735193598,0.8128719491868296
0.05042590390038104,25.190964822069784,0.5572291175941698,0.08215284248269761,1288.1679524277451,11.359370991218329,4.182936496451415,14.7753625517634,15.862687738077854,41.98188753305589,0.2656194757741108,2.5757346371892065,4.12235467449373,0.10131022443371242,4.284246720885127,0.7728540410336902
0.6518207314586204,8.118735222582467,0.4427200314808789,0.0734382001352027,941.0674354354267,8.023112925540335,2.505164646720706,14.527480454231952,14.443602199100436,98.32576603571138,9.33065441546368,2.019549969698603,19.299401225473424,0.0939160694106344,2.5990807161313403,0.8818206806243071
0.9962993316087806,18.236782492000778,0.80348494871864,0.06538681752414988,847.8989432973862,10.247172555018766,3.7014578844858277,14.727581017667275,15.841846606240948,80.81822297377234,8.126663089975887,2.8029994685939568,13.69490053523301,0.06753729320254287,3.7689951776883706,0.8649867160407819
0.46318253793298003,4.650442155902521,0.348589505420157,0.34480625294407724,422.79307775252164,13.708952458704978,4.118793189813191,14.108842111606004,15.177082642885683,112.01456273585873,3.549809445769606,2.7130380958679865,15.852159517829328,0.10003664000258698,4.218829829815778,0.8112159008059293
0.37213830696289096,38.58865013908337,0.5401154114521141,0.09355327078588865,1098.5254899529666,12.754682478402326,1.3797021678441754,14.850718945371904,15.739432879021912,2.673758866698885,4.628341287658522,2.2627313494864763,23.342881635308366,0.1023826323921961,1.4820848002363716,0.8152171709486804
0.6618725537370849,4.405866896044337,0.31509052169515106,0.6931609262243571,999.647458690776,0.4776079026041402,3.2378934815829923,14.778977450163943,15.757612778930485,25.151230497894534,6.37064121801192,1.202542384112156,21.41234796925637,0.12033727895255202,3.358230760535544,0.8894362475919866
0.6736276240766944,61.39396872884757,0.2428433416122976,0.43530976115981396,88.2989404139212,2.5792306306724457,4.254148146699248,14.685029771499444,15.979325541462313,42.31158975830977,3.2499181394311485,2.9537525958896125,2.5812721435091213,0.1344203993698153,4.388568546069063,0.7151015761098761
0.5975711333063968,4.888907742099473,0.4398728512127368,0.21580359824673004,965.4060640719715,7.294752100161322,1.43152686070702,14.878184135280865,15.450513067743898,118.15233419057316,2.262356630527499,2.73802979458592,26.536442527175378,0.1185290496641367,1.5500559103711566,0.7992211004171026
0.5875078194877303,61.60898362493727,0.23526171527705553,0.2855373745656915,1330.9642911279743,12.321624791944144,3.271679799031863,14.861454964948468,15.77244692536146,92.11436319490399,0.2105242191464627,2.9077471091553977,12.420499172496914,0.1180752142363328,3.389755013268196,0.7436640850004179
0.09682304259153385,56.89124163242899,0.7714521546712543,0.06380333181784215,1413.8810841972982,6.24868158698061,3.637783934778717,14.787514887962102,15.4924934257065,166.50187276727056,7.602734614226056,2.7202767390893867,7.876592950455579,0.11573218537801575,3.7535161201567324,0.7834452547022421
0.9973984637951291,27.871449968502148,0.919303655566758,0.4055619131191742,1243.4604945384006,6.236875622128323,3.410934550498188,14.767826973677877,13.40618828715973,90.74426760726388,6.381845539602405,2.999685215039604,24.827575653081237,0.09395496747086257,3.5048895179690507,0.893003455426929
0.6372309748866792,57.63193148749294,0.8830352644608902,0.2833124339667898,1061.0305120144446,9.4465250091122,4.199051164125207,14.531956703844681,15.821590415533429,53.93625614228027,9.19175838450674,2.707900010788593,9.156228055508185,0.06282882441284164,4.261879988538048,0.8381793444030989
0.23523932883080878,40.172467342614524,0.3804446584261646,0.5622032069540681,641.6249174153805,8.696354927011868,3.739374422950279,14.741400400859602,15.789838494892939,109.62761808841961,4.323095436473113,2.7473546928407844,22.92817028074001,0.1403940355809434,3.879768458531222,0.7205786129179564
0.9110170274145675,80.71113948129994,0.13072525789693168,0.28464990782010297,679.4881388295091,8.172325650113859,0.7146442154426527,14.876993402162256,15.464166620418915,16.570428379490878,4.813242823775794,1.6301651977884233,14.719933574657855,0.09816293531762682,0.8128071507602794,0.8362641742582609
0.16820742550390766,13.432972309816051,0.2684741110850143,0.7814708467158529,573.4618890464126,3.664016783154863,1.0566430209702795,14.975772314328118,15.802411133403638,108.08441142849192,9.394905273783152,2.0914978222298886,6.338171946169264,0.17685721281952918,1.2335002337898087,0.7326885314968439
0.34127022147513764,41.71243409959302,0.10978914665034711,0.7672849334465527,1350.799864993774,0.2688353295180035,1.874822392498711,14.29173247737484,15.991589636989131,15.239129923001304,2.8735845710621692,2.4635207286445575,1.1424572487074585,0.12851179435177634,2.0033341868504873,0.7413190833969024
0.5340395006388768,35.765052115722334,0.10558902792286484,0.5768284817824949,1205.0327430211842,8.4997355652654,1.9491355104895358,14.183565479326047,15.84620298985569,84.27464376004976,3.6896516037644425,2.681185334632174,14.166942323031014,0.1344165442056487,2.0835520546951845,0.7328759502851258
0.3688547838087728,51.126937390942906,0.8598359526634606,0.45039445893935826,1276.9272364651952,10.805269221928146,2.3330403795949737,14.448794831316249,14.759724886824877,116.7550633815431,4.020880774701862,2.8118634395656534,1.5829235142932594,0.0733862236795051,2.406426603274479,0.7873184298492921
0.5049572384869688,75.22845499734154,0.35941207930042796,0.13562261032673417,1149.5818767837295,2.643618890314545,1.8218518785950202,14.307127933751064,15.73542558872175,39.40890229786331,8.413862313425634,2.889687411373935,21.24514515545442,0.13245841284374466,1.954310291438765,0.7853911062032232
0.46817293697057316,22.094669147744675,0.9315883036341499,0.05929191914122498,759.6922901046787,11.241133600428897,1.6512009800525165,14.970449944522423,15.53135367171945,90.97918934909066,5.761989193717902,2.9175700016390254,21.279345721656938,0.0680965577900166,1.719297537842533,0.86779136169691
0.26746430535806776,5.44907863584218,0.6515154477484824,0.28177602160924614,171.06594886568317,5.558902216272662,1.441988202360999,13.621639740481893,15.75251676922644,169.68031550933392,2.8555152658644927,2.242773115954778,9.169980369539037,0.08757284341614971,1.5295610457771487,0.8558989507212951
0.7059615452097359,46.61202854506554,0.3745310164872587,0.1769475422876534,1141.049283168858,2.474705571704506,2.892398217203124,14.972522260019206,15.50353256238686,61.90866251354597,8.627396078764312,2.737794350967431,3.1888224133150587,0.12316284766645838,3.0155610648695825,0.7588899434318562
0.1070941590419413,58.245702439574956,0.4046351856680488,0.6783939320958762,560.9084622566229,2.1357495520289875,2.559841896074766,14.628713165099438,15.98431279901062,22.139459638297883,1.8689681509944251,2.874269968826156,28.314359785764648,0.16614366788672474,2.7259855639614905,0.7254289546853336
0.16623858893462196,50.68692030058854,0.6785922136024793,0.4787812692067708,771.959123494054,0.33548119524461884,0.9946413780892028,14.85567299353771,15.466329843231293,32.4760511681727,5.359638094828706,2.4170765107040357,2.6819137653210463,0.12319945902225161,1.1178408371114545,0.7647385925077604
0.8194210758416954,57.66341655000118,0.5136041599804181,0.6307776924397427,198.2616668781666,10.434177613236,1.8049490218987883,14.895702166030887,15.706791034842828,167.51998329302958,4.698566364855805,2.50724075180005,19.451423245052062,0.10207459723015169,1.90702361912894,0.7951755077051573
0.7514191948393347,5.453493918657594,0.4082018704671755,0.10384969636577086,1114.2971809467128,13.518243928878562,4.392524380602509,14.72909487418269,15.9544907401405,40.291248836182625,8.876476774756675,2.629078311913675,7.491891248148668,0.07705184358208614,4.469576224184595,0.7962488366947965
0.27924256589893026,40.37597387757755,0.5553634882006121,0.16164683188421256,1078.709989392329,6.5047394899808175,4.451615735583436,14.724703676112997,15.53130271286819,73.1992944726963,6.867020625995974,2.534717338589508,15.234615772577017,0.11840744355236892,4.570023179135805,0.8213601096002212
0.8556857158422707,21.71131636766725,0.04461056354903492,0.19775184036756457,1422.1238484988676,2.2883017842705655,3.960441259409719,14.094264954167372,15.872337192449217,194.12327736577262,1.634437036236274,2.8296421345597143,23.617382536832416,0.1572672192029495,4.117708478612668,0.7792624149519772
0.7401815137654887,51.9323798775926,0.7463374765388041,0.7549686906193802,1012.5639582052164,10.621737972274419,3.5571094052918513,14.585623276993987,15.764299445219569,147.63525599248504,0.3247043376313227,2.1042706477096416,20.33334451092611,0.09547079528807254,3.6525802005799237,0.8660134209395928
0.915527412201121,80.15668649195976,0.38220119763399896,0.7374460047744947,488.46876150464203,9.412578127978229,2.0894533991402957,14.942728463959902,14.911964884738545,180.26855951127826,9.97054655630314,2.2996579606941965,6.194948830930555,0.08604076291968266,2.1754941620599784,0.8116398287614096
0.2835383706498744,27.633700427700134,0.7294912259377865,0.5045696360850754,818.5111178186014,11.66705567357951,2.6053896760655566,13.470107317306743,15.863746217157841,120.4613200722626,5.83945502815524,2.8120290651232085,24.547616196161044,0.06406636721028872,2.6694560432758454,0.786983299794149
0.16800659068430013,22.46392658597953,0.17632557877841415,0.3164842679861338,812.03210488596,0.018821279305978322,2.5765021240875314,14.050605751530448,15.98721892400692,164.12083069967986,8.724937424827163,2.307223487497837,23.689386282605998,0.15435608809269996,2.730858212180231,0.7643751778774344
0.23244938424863892,5.683545378141831,0.7424582645165022,0.20625923316960248,162.32634601757456,4.564709208478931,1.275981035608067,13.901022439859794,15.717393290443,137.92810272025002,6.295041908817979,2.8913468077464475,21.399970048948106,0.10644608397906603,1.382427119587133,0.7832614046897338
0.8215771731041895,21.53837964465972,0.5980871498525442,0.2122903411984246,637.4378115138285,5.030099252615895,2.863486045663645,14.871829412317762,15.087828989116488,30.44432875217421,4.639830561434252,2.579875784088669,29.946198388208398,0.1073890229159636,2.9708750685796086,0.8221630760299976
0.8526515885477612,71.01396000388512,0.06951786365968948,0.16638381243774641,671.8900428557738,5.996387169243612,3.7571874638864315,14.818291647660113,15.86582776783664,186.38121475273502,1.0026716265228939,2.4556837372922553,18.878619614997344,0.1376627547918476,3.894850218678279,0.7961986021314209
0.09349133022923428,68.9159991351326,0.37932016198459206,0.18314952329041995,1140.2986249013309,11.079429606157372,0.8776432990552114,14.738642811336257,15.790152556341747,184.61200816286302,6.998839092536772,2.155936422790853,29.900220978232372,0.10304178962713423,0.9806850886823457,0.769392765887535
0.5975302601094772,10.618675524825159,0.8035953184431383,0.17571454589159288,319.9919966389641,10.431549872179087,2.682700018429364,14.626538814794543,15.065656323376732,160.62952349796623,1.1361356729405188,2.908517103507338,12.56581889883079,0.05102347235810858,2.7337234907874723,0.827743359349277
0.9640459604311121,36.67434358782816,0.9267425016646318,0.45370294748198936,953.5438599255402,6.6457699708148645,4.353032569179009,14.14888009142044,15.8805244045154,35.71107442549379,7.380516184986454,2.9930419595964,20.21888913245586,0.08096314262487501,4.433995711803884,0.8382083167101111
0.7160148311667821,61.995419611642376,0.8140594797125154,0.27514218321490463,1469.785687088031,0.3686547813190071,4.890871382011704,14.508572850684637,15.146530350892615,104.49944509420865,3.8909200314322323,1.3612314107059094,15.483921495846054,0.08336586138347317,4.974237243395177,0.8922565384831159
0.058434584883877316,62.22571472841848,0.37801507587362326,0.3131533661317673,84.33696902670673,13.8138318986063,1.1155836435537907,14.982573607084955,15.95395935425144,116.59992734005965,3.568095706236805,2.9129458267027433,29.496314404917772,0.10947955872573961,1.2250632022795303,0.7352053082321379
0.6006287753809204,81.19467879047197,0.6075091674477681,0.03750845406756902,940.1717854141316,2.036571637086822,3.0078380261885767,14.858536410581333,15.407505946456912,34.267866218337595,8.764057701502322,2.4552859761317913,13.325962778124152,0.11374219072650901,3.1215802169150857,0.8305555306873204
0.9744711543437277,50.64011136862183,0.5816848495253973,0.3242097244096506,922.5046579699301,1.5962102556479727,1.2400835401956813,14.73199374028972,15.633590152060316,60.735440023533926,1.1978159833924003,2.5002998546137007,15.960828988783954,0.11434849014120799,1.3544320303368893,0.8489978497156132
0.9252022387163977,47.164375305863096,0.512433385516697,0.6436571509060336,1182.5708675576793,0.2679496904179921,3.3052488216973015,13.953739648616706,15.65800165570993,40.245350293483774,2.763937181794271,1.387193210572642,3.203490942678938,0.08784225710892497,3.3930910788062265,0.832779220034299
0.6125656858808737,43.06182477651096,0.020928456076959256,0.04738599746860839,95.95265515035025,2.890552260866363,4.112518112174303,14.907559758470631,15.683111511832417,31.932348537096928,6.165958045494425,2.708351153900938,24.392484578029567,0.15151489384101213,4.264033006015316,0.7422759175513812
0.8905983046556883,43.090317627406044,0.6124534864685942,0.33524995103796523,377.867852836395,2.8619520825113005,2.603532156159251,14.90440300058543,15.773065064125865,46.54159646810915,9.363011254020169,2.9933090345333984,9.999189014973622,0.1274020904160487,2.7309342465752997,0.8330794741006936
0.20259842565367636,75.19827752289163,0.9605585954990006,0.30978947194417716,1264.2004377470646,9.76446753148295,3.176347545565319,14.372045779995243,15.608991510265408,116.05699193286416,7.2521173793082925,2.446502406365047,18.234954891088687,0.07939560042049981,3.255743145985819,0.8750819820365426
0.9321277591479076,29.36508142663117,0.1045651096918695,0.7390283005922493,366.85535769110334,7.665908967820516,4.168876099003501,14.845865529716177,15.812552642772143,81.39937823152479,6.468161684851642,2.51379873854304,16.626126816415372,0.12730702509885414,4.296183124102355,0.7764054489087635
0.3037246342185399,22.350882073534386,0.036495805848956175,0.32455908021872804,918.2306874056956,9.415194195315795,1.750477771476933,14.899118623665244,15.544746619745673,99.74724984382583,5.115443818593285,2.7956602953110727,6.222107500462007,0.1311384747171501,1.881616246194083,0.6828277602807876
0.9322733671079478,4.003981890574433,0.07305132085805066,0.719085322124994,1281.8287425823123,11.041435088840009,2.982948996355282,14.767304340316405,15.586978189880105,112.6516797110115,1.4401970454204556,2.183668865023853,3.5386185179739087,0.09555674197072059,3.078505738326003,0.7841470953394475
0.4331374325593085,26.720237541713416,0.7794057335095693,0.6901258493926221,1324.8552809894738,4.891424822859029,4.836774706391122,14.244057984623339,15.924137331780551,147.93344831080788,7.794916004309385,2.443024575807906,6.976532631882458,0.11540001454008345,4.952174720931205,0.8280413456772034
0.32381723319762956,68.60736459516046,0.621873848463551,0.6602385711686506,282.1712985043723,13.286320155655117,1.9513218742560658,14.682463569337136,15.665144676289286,69.39394234947817,4.598265648685601,2.281114011411479,28.935609213280394,0.13218716304173697,2.083509037297803,0.7974057440925796
0.6420394573125242,11.445433062558369,0.6343356886258954,0.6216821015405665,1329.061508550454,4.86341408960992,1.6555944029661127,14.346189589701488,15.954446598723445,45.54507206935707,8.264854318124316,2.846916959203044,27.329606960854218,0.11692085982631666,1.7725152627924294,0.7727730368397768
0.6381858801849485,72.82679201272893,0.43183579791637294,0.09484123298222347,877.9958456165708,12.162916667688172,3.1594009319091074,13.75524494621867,15.231700506431599,116.01695913098348,9.868570165219365,2.8975701443443014,1.0562689103114569,0.07442045997689377,3.2338213918860013,0.8120252230048578
0.6629536494302989,32.16887058193042,0.8932327824759261,0.5459077212959949,510.9523215915474,1.6130017529898395,4.709095300383026,14.641081727047887,15.834355206818955,161.47466537661984,4.705833192279112,2.886311135385024,11.241677305056342,0.09896173877120178,4.808057039154227,0.8489958033500673
0.5968167217005191,80.09342356232723,0.2933721676390454,0.6872835462053096,737.6748289659982,11.682386103364136,0.8380602907023457,14.816438089389985,15.921432924534871,141.37097907405956,1.240281718595529,2.961915291230309,29.43289441017363,0.139207020585091,0.9772673112874366,0.7070239013167147
0.46893377887809484,62.46109185144187,0.057185369177898626,0.15307875791572842,1296.2210264123978,8.892340238636267,2.8383932400206118,14.633280406562623,15.697609511041797,56.268448599305515,4.04317871488833,2.4020282912225768,10.839318731030394,0.11819461240730261,2.9565878524279143,0.7466586351411872
0.9182215349447359,57.832487470258386,0.9052825604670097,0.7736108040248728,777.1225743064002,2.5342699732614915,2.8827372265533735,14.594153399620783,15.849555645839454,120.18234925254112,7.128679057170362,2.7703413387761717,4.1235511758169245,0.10053653277506684,2.98327375932844,0.843105659205099
0.6896285034643913,36.1189084783949,0.893574144101428,0.5525556719922905,268.2588887641941,10.2218873294051,2.578941998030202,13.232101583438986,15.849797294683746,125.76051800421818,1.3326226353747674,2.864817938464222,21.937251777030788,0.06597067327102073,2.6449126713012228,0.8757571495534382
0.42529262277267266,62.20924314639575,0.7107512191376618,0.466768847415565,1033.095453554915,6.405586544963391,1.5591995667928829,14.777189525243816,15.986698084955059,47.8059381631172,3.817327567937241,2.6661534696417335,26.146276446916936,0.10180426350799882,1.6610038303008816,0.7983308653946415
0.7052882274608581,3.650938749559686,0.5478624679407681,0.07538974099636819,736.9197999830114,10.90471103548278,0.5434488131183115,14.846990566851607,15.309719316236027,74.53382169514079,1.1143557984633308,2.160837344416775,9.894404553065156,0.0479489313209636,0.5913977444392751,0.8651770684870924
0.946821190762661,66.23729656516626,0.24599016882395686,0.3343657434744729,280.2693633344648,0.41407231515883436,1.132197387729628,14.319151908765464,15.767360805242507,127.55735725301975,6.6971054153583145,2.488088243735144,8.507988283550123,0.11723623625926215,1.2494336239888901,0.8107798925035037
0.05607014721918191,81.47317022751898,0.7125418149376295,0.5493144788407357,408.30834699583045,7.831207043718353,3.324354263991037,14.411224313837316,15.742789805020005,55.47959188366029,4.034853427471132,2.954559521426966,17.27502995155605,0.1370852766579267,3.4614395406489638,0.7508772209642822
0.3991303906950242,40.98309610071045,0.3377643626450666,0.2547551406211319,1240.4251691009376,5.194458179067833,4.873877958128659,14.73324843000552,15.781386326166471,145.78696597488593,5.678926578575332,2.7156537979057487,27.797844429380405,0.13045803188764302,5.004335990016302,0.751581860939451
0.15488052581741496,47.92533791314434,0.10548589713786005,0.5541923767184803,142.07077529380112,13.281976667355064,1.334668986288154,14.970014442940512,14.61904298361303,18.156094467918674,3.241529399354781,2.872021604383162,2.345582690916036,0.12436676751744681,1.459035753805601,0.6552837113780456
0.93453946745492,67.5563703673927,0.16893736068504295,0.224797985661181,668.4256729857692,10.763092523335452,3.0039298407028827,14.720917576542522,15.151152734832381,173.26913106662957,1.3353855833526822,2.5907080453244244,16.712039469106628,0.11273469581408396,3.1166645365169665,0.8026020336170027
0.6959386306141752,23.818392450603923,0.9986159932103901,0.46210340089810603,1394.9208152460587,2.5568293236160224,0.6925102907069243,14.530156606929568,15.991729947595186,68.11771556742326,3.372191040769509,2.7002844077519725,17.19203817909871,0.10184670235960773,0.794356993066532,0.867651507409937
0.6968906301690483,58.60466244361157,0.02179779436122764,0.4903879536115078,457.07702976989816,0.9510432291019795,4.2788402506019265,14.86064224604952,15.88851916473694,94.92451499737794,1.3552679597651887,1.9346060621150307,19.023659596613385,0.16109568614118364,4.43993593674311,0.7532159816277296
0.5819802021150676,69.06977355791167,0.954531456542766,0.2084401161936402,398.0867085409265,0.7630901489896615,1.4992813803786782,14.716259574754952,15.651051771519015,42.424892490608414,5.386533471965882,2.751642262871449,1.9484930954388733,0.09084275439115934,1.5901241347698376,0.8634743519989491
0.06892690463141682,22.960711582586576,0.6334219633477949,0.46561682514168334,1247.482109482069,6.631903342552729,4.438367763463296,14.818152267481118,15.52245059860819,26.960234471169073,4.805175556704451,2.8951700466040706,5.897999265706337,0.1380370782948803,4.576404841758176,0.7721945335894982
0.9467911938883932,55.59226849483038,0.7329895943763123,0.5747855859371972,1050.3031565869837,2.8630838486725363,4.683952576585986,14.202869887808031,15.571822627806444,142.34175683813697,8.937437432023259,2.1329797193850424,11.57187545700069,0.0798719308308812,4.763824507416867,0.8503267916425886
0.8870134262931914,64.97580699807122,0.02156914996788295,0.6402742965939052,947.9387596815744,5.9548108295493725,2.8001570294768023,14.388430078061127,15.864212127438877,181.13380739926677,3.0625192125328997,2.501346889351364,12.550919622856,0.13438980431064249,2.934546833787445,0.757193445872176
0.8506915303811383,15.959800100306865,0.9154563528898199,0.50616027814741,1356.7324415395403,6.577770854073895,1.180252728197924,14.701475912732677,14.995359503321954,196.26995703618454,9.928322440121896,2.673202033417071,25.24328532224042,0.0800386941922498,1.2602914223901738,0.8557891708089704
0.24801102888670223,70.46322404791626,0.3552624731397528,0.31735594213000207,1363.6862478201563,9.389975620217834,4.6600302113729075,14.43989317832655,15.446124043880298,77.81174406143195,2.2739761497929227,2.8315195336634535,1.3551149319523887,0.10414977788025906,4.764179989253167,0.7919706834485446
0.33913044048054986,69.92586091315204,0.8340931959301005,0.005599984411702419,230.77296999698427,6.444425713128695,4.086349952274049,14.18902211167888,15.717487455162965,53.94527630389494,2.880113796831383,2.4927885577377475,9.288694576330078,0.06941787863467258,4.155767830908721,0.8802819726688614
0.46635669952732506,17.170307788553682,0.44783984591816905,0.032485197124848854,292.8615401566485,7.469870696133032,3.790084163763513,14.914003641401843,15.45665360204388,68.6506178006926,2.615225193722797,1.82034018427323,5.662707865744264,0.09689030008245425,3.8869744638459673,0.8915740152973947
0.9861292103515066,40.4255004151805,0.1969669693700301,0.6319651672921925,164.73940869733497,10.02609589364312,4.5036634441501,14.957342691848524,15.245594128710415,49.08705557768141,3.341543632421781,2.893368830568593,15.9525250454159,0.11697821534831003,4.6206416594984105,0.7490455830925058
0.1864058100099254,64.83644897762501,0.7729991472105986,0.4265987402254964,1099.1627650809555,5.865280750393294,4.005883278176455,14.770405312815091,15.739406099991353,185.56029977641197,9.552253504450972,2.906724060739913,21.016652711087076,0.12977822058227423,4.135661498758729,0.7970221448271799
0.4840781051702526,37.4795113750839,0.6241376032832381,0.7121661062628895,1486.1770258883637,5.7405187475019535,4.565135095411291,14.596698537454582,15.61880591655906,169.03739234704486,3.07213999200452,2.343111661270418,24.140029673592903,0.136644609928978,4.701779705340269,0.8054135337444537
0.7794012902572587,69.41889673406355,0.8228211222041191,0.592025729921872,446.6134253822107,0.7064292111818173,4.1960385980876485,14.733495451109802,15.339527757319631,192.21418995114627,3.0613601861400075,2.873439052370517,21.086703392048463,0.13362638039104185,4.32966497847869,0.8535028947736166
0.7868995436893303,28.096134786612872,0.7045833137877836,0.7250536496797082,862.7728464290363,10.96002310173893,1.1001574584201568,13.951806897477402,15.19486818357729,198.22168847293733,3.0498872529097634,2.8557279043109967,7.14569787573626,0.08586439346422611,1.1860218518843828,0.8361335405881923
0.5767047848640261,71.00084681277312,0.21482092318147838,0.6479342702415565,677.6141096713935,10.622951130981207,1.8203041863810239,14.638530503361,15.428772936463034,165.14558172244068,0.3257647256562692,2.6894503543558246,1.2497687160525064,0.10447788699280097,1.9247820733738248,0.7494074060057407
0.492023631357952,29.25139263172453,0.12897217620973667,0.6496570328637878,878.3827121920976,11.783441779782752,1.5088266878509553,14.893387292679623,15.836511726882122,189.69180256275536,2.680707037497042,2.8300715188936105,1.1053498530635077,0.11716151128946355,1.6259881991404188,0.7252566284357658
0.6772419136375922,32.94081608775174,0.03832183806395251,0.42996706644776883,1048.154974169841,7.612110035472803,1.6011096373535536,14.369686500028418,15.742678744640088,108.95646031938597,0.9642214540366429,2.8340002965788234,23.02107112102731,0.14793329272780753,1.749042930081361,0.7508914817099746
0.2950062099383961,59.322367250861205,0.6208116918040134,0.07240106782194378,872.8822683729258,5.18044526680286,4.688181508330124,14.924435980963189,15.761722112871277,67.45101656555069,3.4806736892328893,2.0274958569960835,5.068665031625156,0.09802193978574915,4.786203448115873,0.8428737098032749
0.1820848789735381,27.109958240079415,0.810739362399818,0.695486737893495,388.2830335012549,6.564145675696243,0.5686681346443188,14.507472959808192,14.535057402109127,22.092678272573206,6.410428474906756,2.8638697473854102,8.134681284005318,0.11008886536849902,0.6787570000128178,0.7515865226028353
0.2856457771800095,47.01585810311286,0.8547405875872262,0.09263645709449345,452.43243251672294,10.250099132132373,4.140862122143126,14.45008418988221,15.625107935808106,87.60648680755337,3.800486776077232,2.7895454196064877,26.52637232474678,0.08387788381336501,4.224740005956491,0.8483329491790227
0.6801313798751197,9.299418878261267,0.06679803264107387,0.01636420343875029,1257.8539100871824,4.42533440603053,1.9017314848419513,14.135343728359807,15.976667536072625,24.82619710835573,3.130775520217887,2.964022439039279,29.12785679371628,0.13597166824172308,2.0377031530836742,0.783983254269255
0.29622299841589306,13.491789598159858,0.2045651202973081,0.6913582311330921,1410.8407425688454,5.021882523627529,2.91192236951811,14.914860454299726,15.293963283709132,2.593984594054564,5.884436647633043,2.8552695139663826,17.980971763244565,0.157441744097312,3.069364113615422,0.6892056428666513
0.23192385088028122,66.46090333577934,0.17781453290874838,0.7464364559582766,744.8536841325624,0.7380470536803352,2.174364775617392,13.80752743590126,15.311597830485013,24.096850016112366,5.626296002278868,2.17072095085257,27.063142544603256,0.17122917831106846,2.3455939539284603,0.7687721317407995
0.16333383481258157,81.44413991495556,0.9912645754894429,0.18417316012812732,386.96698818336114,7.209287828644657,4.392500912577249,14.95551577580486,15.834207881391901,4.482394984888132,9.007185392614046,2.7942712527475377,23.746678424122347,0.10464322984615732,4.497144142423407,0.8199004696809018
0.8350982884241658,41.10807289504278,0.6646405541260669,0.19049519221592368,1120.7525290273763,9.822631053880638,0.9290171078198555,14.981081144818965,15.083674013370521,26.348181281044468,9.753777742770884,2.45354811347826,14.997096289247068,0.0822450963669126,1.011262204186768,0.8449053130033045
0.1871499357498142,10.972741788844882,0.3790624591810067,0.28215010953719527,803.096219763598,5.893130131859418,3.0640202865619734,14.933038664442623,15.922072166085872,167.35779978489535,8.545270307835263,2.4497630298210855,19.419955579599428,0.11363595872338779,3.177656245285361,0.7758544896263763
0.5994885208053359,43.700913912933075,0.7310200631695826,0.30535542131152776,594.0812256025465,11.844700103873231,2.2711288465565165,14.539858164473658,15.428644048060008,3.605414722251347,6.163681418665887,2.798469181306276,10.313715202165893,0.09936160509071137,2.370490451647228,0.8453516377513617
0.8269274112424556,79.93767689150216,0.28932628035541474,0.5926802288098604,1063.0072260049806,5.509458651001276,1.6135646061508893,14.799306638188437,15.411447046599806,176.52954876619611,2.279018615393104,2.577202342072046,28.528496883632855,0.1399516188769222,1.7535162250278113,0.7878064893639072
0.649210401799456,76.31408992508112,0.7118062797387639,0.14352426669641885,1208.5650915763486,10.2673073474018,2.7029831074160446,14.796447028223227,15.521774655213989,180.69730000088876,4.258240898611001,2.883641481269042,25.16351540766869,0.0861171223040153,2.7891002297200598,0.8399505582660239
0.6383023945665566,57.29177803807174,0.0030368972590056886,0.04389274195881532,945.5384294554855,1.269880480431797,0.8698632268464985,14.978130540032042,15.791076967637297,134.52311795762338,4.166437381702083,2.9592292820281996,19.71938247444939,0.17074112631271524,1.0406043531592137,0.7708567204707926
0.8242685987597398,79.3348035360377,0.5845206399932762,0.5694632829409086,804.2512428857414,7.069235008775578,3.0995883797384023,14.967748750472712,15.73611448800138,150.51540768160524,2.0823105166162565,2.996783345665566,20.23058400145773,0.1355317314724965,3.235120111210899,0.7717380561303286
0.16641049269745212,48.74414796212269,0.05789394350557775,0.009326920481972856,966.1531461607126,8.251402474505204,2.7260638295418342,14.853023614127126,15.964775455427228,8.314767684609471,7.380950191703698,2.757213027651956,29.370717560721406,0.14681215185752436,2.8728759813993587,0.7113627459592979
0.9820868670071042,0.10038537296248107,0.30197191539510215,0.747693908388754,1129.6771640088625,1.5795855255485676,0.6022450216426051,14.509524377460547,15.780129598280507,84.04798264886199,0.9466363080984654,2.8126539361554106,2.7754311561448826,0.13560443602301228,0.7378494576656174,0.8011265641133473
0.11879829621366012,76.3369484035038,0.4905785944918214,0.6461335596769588,137.01717939319715,1.8225648367122884,2.0654775245299555,14.23068858904829,15.852129218054355,16.751793632347585,6.65552867151449,2.681161553743461,3.9076935882227097,0.1519918362617609,2.2174693607917164,0.7498275611168063
0.7206486495052613,17.71301132484932,0.8901469981754105,0.5200457924479246,364.7047907880904,5.614525373142744,2.7745206716025708,14.93620549329664,15.655923553934377,151.27864176381962,6.707597308355966,1.6868265442142838,8.840680532858032,0.07646876481121019,2.850989436413781,0.8641461522092804
0.7592656367535177,1.1199886997524415,0.1527427575240572,0.6254090749056678,1238.9513726704545,0.9380343693898192,2.6905644184747866,13.706108395602795,15.769109801592267,102.4967151761922,1.3625067627460825,2.9045685690566745,26.490170030079565,0.17881622859215146,2.869380647066938,0.7568559535627984
0.75151805140209,35.16296402871493,0.1725466603453375,0.6382146924692729,1336.7878349613877,1.7367505990641732,3.3237734685705806,14.896316177957155,15.905740877664584,31.022708836061224,0.3787597157785706,2.9204691124921847,20.13974939666017,0.1667718466340735,3.490545315204654,0.761096456816332
0.527896491558702,72.24377007011196,0.5888223910701603,0.6252935256984525,1324.2595925540024,13.923286615705564,2.3690126631707424,14.927675932200078,15.486109946097539,73.49482789194597,3.8379656367210684,1.653294668201572,10.383748498546508,0.08681336905134794,2.4558260322220904,0.8337939885591409
0.9322059574865724,28.55052535038339,0.524152381342372,0.5973924313029179,1014.5064107303218,1.110809320761484,1.5506519889770076,14.9243118404213,15.587920581069927,42.68936782551062,7.213818316718249,2.951975121109375,27.931008986270935,0.14635185764161524,1.6970038466186228,0.7704905587724402
0.11292774654844173,26.704113535398758,0.44865295348187395,0.027834065454155787,456.52587725881784,9.03873226560567,3.34007370286693,14.98792472809571,15.498160380430955,109.1228240708821,4.88511134187231,2.9610886937727146,28.70357994568232,0.12393532024513482,3.4640090231120646,0.7427524610604465
0.17857870113473018,27.195907477274655,0.3416687359299855,0.6418830869631894,1373.1578204357597,5.974685909682291,1.9485749403629602,14.565009674868397,15.292201835258536,63.583806516602735,7.8172428832322565,2.659879417600674,18.750980448964143,0.15167417600739716,2.100249116370357,0.7461238614195157
0.12408204539220835,37.59623841573591,0.4412002937140639,0.7994259934256598,934.9675540899672,10.294821645109527,4.957603041557881,14.78555853361096,13.430795470270297,129.28769403448374,6.429434864898699,2.91892160568896,23.35097542959657,0.14125107391350816,5.098854115471389,0.7056202014027119
0.4176727986940275,63.172259626714485,0.5194392056954412,0.49354823214072985,291.33607989484244,13.432607003415624,3.545790334875529,14.742744724911189,15.454363002529409,71.42741442437305,8.217590812577114,2.584487141241958,15.470882799385194,0.11204404343194253,3.6578343783074714,0.7998634592829702
0.9679692999515785,51.90387802150374,0.5531911386725836,0.3455930951593435,806.8427903231304,12.729666684957998,0.6684490314780528,14.753924893167943,15.642651939201759,42.95680662126282,4.505664173316993,2.808460213366995,12.956402399221043,0.08765246458408722,0.75610149606214,0.8541644674260148
0.7268383822986144,17.870915136779352,0.1289545364317568,0.5645155241245285,1140.0329659694457,11.420885695870025,4.493099727485699,13.915832480991357,15.414034780509953,121.61331982974558,8.71844548241165,2.9757314282412435,28.783784670526195,0.10819447147804762,4.601294198963747,0.746117253919014
0.3250823234547374,28.663930620475778,0.32705513767362404,0.6391529774519931,688.4625196850111,5.567071500804494,0.9840830375862873,13.269522643040451,15.90126905578126,129.8841437916836,9.754532488277063,2.147229174050319,13.272396602176954,0.10314447277303888,1.0872275103593263,0.7628290126440292
0.8601266010941532,41.20884367552173,0.38949623775069175,0.16508082262752383,799.6988407536171,4.320952949743164,1.2851978082599271,14.484290528900232,14.864305522601237,157.2730596652611,4.436441300287511,2.559177468686359,20.725833679918434,0.10389839578270697,1.389096204042634,0.8473431954007173
0.1455491105087292,61.03304911195334,0.5238590684267949,0.7425806353062918,572.4625535478815,7.1814149504868645,4.896865454292435,14.942082932975511,14.844909147361458,129.6421402885055,9.870094541340968,2.059529644450175,3.831590733292282,0.13640736322325786,5.033272817515693,0.7838967441165926
0.8706269236505781,76.83051144309033,0.3403567007437579,0.6791713229396704,1168.5560063285373,13.218224361120221,3.2985227581843177,14.929563158935762,14.241273837772392,57.01071708760146,3.493333462948916,2.361406138645963,2.756730382465213,0.0780528547156955,3.3765756129000133,0.7586299254865152
0.5450452193388593,50.6800562262278,0.19469157573030516,0.27983286793339907,453.5936580701024,8.82316138824599,1.407182961268314,13.765209182298776,15.421074126337508,60.775910586644834,6.737818826521725,2.9696670564296386,19.017753023432643,0.11446909361937162,1.5216520548876855,0.7209610060384187
0.3428122847839362,30.24160646470888,0.838275656016076,0.625577679728773,1439.8913011629984,1.4912481161734874,4.2889975870498125,14.866665379762843,15.709764813129,50.31037826181829,2.612175196126148,2.9641893660963787,6.458838720158891,0.13358999119286097,4.422587578242673,0.7839579565705463
0.6850068229792424,82.27388026799143,0.570616343058843,0.2120698494647824,1398.2749418822057,7.024813836893753,3.5608772518817005,14.665654715017236,14.70541835053146,124.61813841246767,8.902349223936698,2.36606503395214,24.79205192116834,0.11135693711057856,3.672234188992279,0.8558033132418887
0.9768654255246332,13.436711063593862,0.8482386741076053,0.13423839690937908,148.63866392488728,0.09813850665421531,1.7884714227522998,14.741894735140443,15.781306780200055,28.47008303240554,2.57281811056363,2.2192955804138155,2.5171012715451457,0.06611242290033213,1.8545838456526318,0.9120487257605008
0.15883049824971973,73.688629910115,0.819716718420312,0.4478267331622437,264.77837240148784,11.027818936232507,2.4007642196957413,14.77363800637039,15.56848797876665,173.66940657984372,8.010354197594694,2.429011479106962,18.124534115359786,0.11334287813868482,2.514107097834426,0.7759866533399828
0.296530935256763,31.74725543842137,0.9961621957209476,0.2886018930777898,236.3370209833111,0.7034267367538352,2.620388232882293,13.917669715309474,15.980814363021713,57.921260590407556,3.475345966806052,2.636446705718198,24.714152099155577,0.11041647237003732,2.7308047052523303,0.8549979041241741
0.8811004935820862,79.57778704174765,0.7259915516216484,0.6439983785970148,1286.1743227351421,13.640091863329598,1.2021075660735905,14.534399217914507,15.748724990566481,105.15018896536483,3.1265664193202256,2.4606464733152054,3.9210265966994022,0.06120862060271998,1.2633161866763105,0.8602458133986738
0.8725526915485258,14.45595820689401,0.33450557248808543,0.07040994156158674,1208.187656674294,13.216849670036737,1.5816960399246565,14.538833120441396,15.782131418617007,74.58500458003894,3.6069422204358332,2.7830763978688253,26.018197656618103,0.09359538122401953,1.675291421148676,0.8085863019249392
0.6914136338548027,32.2121712807293,0.1425875552709277,0.32892526993091176,349.92242099291025,7.483053861734051,1.2823272539425514,14.9167569183627,15.004275393533034,127.3516961247172,4.020134776681587,2.8387241559772645,2.173711434465902,0.10630803541924778,1.3886352893617993,0.7261286433856075
0.9696970195507112,5.475702877846686,0.5664900369019757,0.3464576537834881,972.3658627359914,11.313247604162369,2.99320059695221,13.613217713809666,15.722767758081055,70.51750264432543,3.076409202533555,2.6661697733433556,18.268431624785308,0.07949914385657215,3.0726997408087824,0.849010864730428
0.1508269641294765,75.61013765628672,0.7607534278415921,0.22622641302097302,98.16130236850879,12.616418666177925,3.770600177101305,14.829979534422963,15.655266194377326,40.95429281536858,2.9716875948492505,2.5096914368488776,29.34131188332357,0.08602688512150337,3.8566270622228087,0.7638829769540759
0.18424563254073212,10.941946081016235,0.8292687712025533,0.7382652847316742,494.8084094106882,11.940285218110509,2.2711328378542124,14.861404402947402,14.852524638043409,95.03493874967536,8.049775117518038,2.6367853026945194,13.591245669490867,0.12595169329817404,2.3970845311523865,0.7240068073719556
0.28054972764389585,49.05024367122361,0.1879852863718099,0.7866762561088079,1467.2489146033515,7.836331474710997,3.144454654453593,14.824182944711893,15.293898886381655,130.7983837297633,4.018841510127013,2.748942817284157,8.0105471541509,0.1518063869348236,3.2962610413884166,0.702054049707276
0.10484996364895394,18.657239512619004,0.6602003961735712,0.21058768521139407,530.3429088970663,10.8279307450471,0.5825853500790292,14.945107661169361,15.693288384069195,24.455188733001155,2.539783100580206,2.476297405598662,7.19194663305919,0.1267175205576867,0.7093028706367159,0.7807698632052232
0.7959761153405731,80.02558737398543,0.07798067346340165,0.21816551543029253,401.0561764283652,1.991607558463232,3.6159047722410427,13.843150231249217,15.69951797947982,189.48611487861342,7.652317492765161,2.662767975350924,8.848255016025497,0.12729647949234116,3.743201251733384,0.8215043186497576
0.9916771691263823,56.233778214569334,0.6523631098135022,0.4001530054463244,1210.6143211500244,5.580605773277715,1.8548829534389486,14.025160500183969,15.884696294472056,147.8427246219304,9.975020804403629,2.48160912176704,2.0587176864129577,0.0882122728006251,1.9430952262395738,0.8630084370367752
0.10044681355695051,38.32798073767809,0.4518105980113879,0.3986298785674438,696.9093717639731,13.975420826411089,1.0477574277752921,14.755514048376863,15.875740540752702,75.64185831169993,2.9571084228501032,2.3557090977821535,29.143083976484824,0.12338903443680567,1.1711464622120977,0.7958789203008708
0.0033356108310241828,2.520369896778476,0.4763523491578935,0.7312477104969772,442.4684602153741,7.174451759117973,2.620273154316217,14.893078225706574,15.27062971335592,182.32113946185532,1.6537531407095682,2.362736874227124,7.523847311062857,0.14260033093522387,2.762873485251441,0.7530566842824775
0.24733201852464126,9.508541280041111,0.16642232901069487,0.6699007938352821,676.0321212739257,4.269152690743531,4.441647893068982,14.902979084563777,15.991768356264378,131.92273208576958,3.9494728958573666,2.9064869456686724,16.62370272746115,0.18434657225069154,4.625994465319674,0.6947296881708965
0.9917593008015098,53.64408177287075,0.7840090850178463,0.11355891327835002,1436.4889139941283,9.334734077330822,0.8713552357114651,13.661852147971105,15.900576056522354,166.98852240953318,5.575999803772569,2.961460277278727,5.52523624758301,0.06743649890670642,0.9387917346181716,0.8935947839505717
0.6522268644025302,38.549895023412034,0.5435797940048415,0.7191915494757182,441.6196535269848,4.333618693679693,2.524584578864634,13.744585975292075,15.845442372634212,40.10063146523549,5.869538803785449,2.740842147280186,25.454182162093517,0.13720728702159152,2.6617918658862254,0.8026540536115216
0.8529507565092105,62.21142427417743,0.37723050341972886,0.07115183247347333,1119.923500275353,4.047337322671977,2.724349827134647,14.426235451094637,15.778019887564103,109.47726467128219,1.9066078412440015,2.9392944207564877,21.636974989417645,0.0954102700039712,2.8197600971386185,0.7901762729315053
0.20942461412779334,53.358326546256436,0.22701668977852618,0.5918367095506301,987.7803822164169,7.286998207672786,1.4600076277963143,14.852911130093977,15.286735895816353,88.65743508490115,4.945449707036131,2.8145736636593215,5.79145392044939,0.1484646323929755,1.6084722601892898,0.7381510604437437
0.1106626662296426,3.68093657931304,0.8703797950511764,0.5870964873835703,952.2285980516341,7.002724948485691,2.613681394749898,14.50705454229971,15.792858427925756,6.827066327791671,0.5467202609852524,2.965804823540324,21.324330645440828,0.1336734717443027,2.7473548664942005,0.7755695288606852
0.024685688688828256,2.727668881498988,0.5146962918417991,0.1787565609241181,95.844797382549,1.1152290364818116,2.9024364160796443,14.992065155264417,15.117236295026201,115.49621452827535,8.624662729912504,2.662468110215393,13.715625797811251,0.1546087782608365,3.0570451943404806,0.7808818468290502
0.9551638949246493,23.316884261825763,0.4844154647299539,0.20467736275851964,423.6521909274585,7.809784974195203,3.163831745380393,14.237454906747152,15.776225757365937,51.045473350368674,4.926225737676126,2.925050412141577,11.07110055550997,0.08559637587912995,3.249428121259523,0.8059427040302287
0.4831240070627615,47.76315384841655,0.5675393210850508,0.23399934061690353,872.4485564458558,1.63821900622758,3.0838432945557033,14.943655841471028,15.481648631773082,89.22977448397806,4.708877345515564,2.230334607559794,19.908394145106634,0.12589182913504793,3.209735123690751,0.8290969638648268
0.0661541473985241,15.495784531133157,0.6327325177882694,0.552191471342081,584.4621667470876,4.61554139547788,1.868139815896184,14.582922579367821,15.84279657008675,123.77245560296171,1.9182609859748465,1.9873762610767574,15.644843801862582,0.1514340594626041,2.019573875358788,0.8020828783704979
0.19962067162718633,39.6903822222263,0.4870399214580954,0.7849369348123828,110.47329500375523,5.897317867405052,3.4462331397691006,14.477364871572235,15.802985659862024,38.48176483218502,1.836471863066805,2.1227230187093817,3.028666798432907,0.11789528025015929,3.56412842001926,0.7569847856084163
0.21437297521782395,61.298838462602156,0.12295329798707055,0.4689956071313519,1497.1261357779183,2.248035493441262,2.7556672318671467,14.919151029338316,15.926636856302977,175.04120699455908,9.631918582023554,1.6329762916293717,10.469570480708706,0.12504099945461994,2.8807082313217665,0.781268210207588
0.02630290360290355,34.7163600789894,0.5504575565050567,0.31322035942946924,947.1357131719615,0.18584662369512084,4.645252536599989,14.624112971835576,15.914281970132313,179.9608628801628,6.942587339939271,2.235583000457883,13.760129289662467,0.14413874886598552,4.789391285465974,0.7874036475427322
0.2661506974100236,8.578841136633972,0.5925549331205697,0.6789610160041643,1324.441099030768,8.492878143770287,2.054353278498431,14.377027008993378,15.541738963490733,190.47407419122175,7.54698803004408,2.703951905586339,15.833458792041858,0.10949433663834077,2.163847615136772,0.758118612221137
0.8243476325741612,39.00506787898051,0.9435042358824445,0.24064295668430555,282.0997160952567,1.674666788615813,1.8818225618824056,14.17792893384782,14.443861594763497,86.35624551808115,5.53466703986558,2.239458676726575,26.650655235872957,0.0898764886461513,1.971699050528557,0.9199119684130042
0.028725928644260046,55.78123305494625,0.7395419455755302,0.1673884622695324,1406.1304292608218,2.754340196931228,2.53772160209889,14.119006890907174,15.555894352747252,62.737102008928275,1.9836188513854125,2.780324775439323,26.55304305204627,0.12355599579173943,2.6612775978906296,0.8046182900814707
0.18770637791167832,81.66133681885151,0.2395657504047971,0.46033090048726094,78.46444222768304,9.68152361553479,2.5098513083752305,14.596888588396842,15.985456992679868,9.026789516420449,2.0544254020861143,2.5411372030292507,2.7632467478406197,0.1418648447128013,2.651716153088032,0.7328314455907374
0.03867420128312249,77.6279425974246,0.2669724904709345,0.7181435223137558,1489.082356754664,2.4111459724981996,4.118015428143877,14.976358646209684,15.499885029481579,59.76787876753625,6.391378733663039,1.0974473250026737,3.398645107592303,0.14661578093591435,4.264631209079792,0.8100729084878536
0.9003212664126341,65.57506821152464,0.8561820228178705,0.6344514898854264,535.5960299887968,8.905476305392249,4.861638669711516,13.913631831693362,14.817314405228505,95.58558976682833,0.14372269199898316,2.067134483660862,11.500065219429324,0.08312533840373,4.9447640081152455,0.8704264446874013
0.8395123116483919,64.83206416141311,0.3608897884993303,0.35208135704616084,1497.9746625122275,1.1080035774879309,4.259481833315428,14.998554914498953,15.90388101022646,54.53048510165243,3.145636522076467,2.7326004641478563,16.099663062882456,0.13391152172810938,4.393393355043537,0.7840483320769702
0.1909509653458854,54.677545683045054,0.617404322568116,0.7025884743913888,1072.111311508826,5.626720523038095,1.1362584257224557,14.644802220135276,15.656152487669445,59.49012425684669,0.5516488921749301,2.5653457959277994,7.1505739383824825,0.14020192121658076,1.2764603469390365,0.7457970409680407
0.7978910973260862,26.20455299595471,0.7320673887956238,0.08679580915005927,919.6526850599391,6.2564378982989535,1.5348065606511998,14.954228271600135,15.205758603226805,146.55179388467857,8.473023492229814,2.986887556784556,11.010304959416946,0.0941468209240479,1.6289533815752477,0.8742931537388152
0.8683749788697678,21.355889788738168,0.06052342744481998,0.757240098961214,1146.2848690880107,11.413988624857355,1.897394635740782,14.5833893667834,15.916379795215478,125.3262965510616,7.28627571405896,2.6280133807644708,26.693117993755134,0.11944558180814407,2.016840217548926,0.732909770118732
0.6009132051037237,51.630676472085455,0.3984160808836149,0.029425991113646077,821.8231436183731,1.3257432116680934,1.109917997201053,14.93510178997157,15.479219436260712,41.967084610016244,1.2300439485308392,2.008333331430489,9.384606583828376,0.10196798662813314,1.2118859838291862,0.847676372878461
0.5969373471618826,31.270450687331707,0.7088384393368308,0.48494657487209375,1152.5505640635984,12.64310791383852,1.6375245029840007,12.816310529139525,15.961611419280853,181.50937012256864,7.107811969156974,2.2347332464907455,6.44839529085035,0.05364288375183673,1.6911673867358374,0.8864501940881899
0.5301656599246548,40.450366356975664,0.9575145907525087,0.12882439873882526,875.5126509174939,12.454778234274624,3.772431847644448,14.796735300233234,15.419964535623633,91.95102055662964,8.124985511347047,2.742703173434559,5.6182626188284,0.04394485728176716,3.816376704926215,0.8698984106273131
0.22129218821187013,51.827321107757584,0.12726222092789863,0.750553042580958,1173.1785618793633,4.149500202809562,3.1028174008048235,14.427493898686725,15.945424464975693,196.10739612294086,4.370719133601989,2.3756331415171457,12.475206474443869,0.13725221969970802,3.2400696205045314,0.7291703609263424
0.08856572976632737,6.854157572757284,0.0743173545019411,0.6033724225448488,1002.8235631561123,4.8971227494690215,3.6208661166332488,14.470588834594315,15.503477670712327,90.57545261737886,4.122614708603832,2.7860429610955664,7.652791465719153,0.15049404007551312,3.771360156708762,0.6920144721118263
0.4477841429497361,20.95479877386966,0.9889275301716511,0.7423506488846705,205.80564915433018,13.592106530975316,1.5867211672085364,14.658757002981336,15.817249389672254,103.40117970682874,6.0226781540801655,2.6995134930574856,6.747678301579548,0.08842040832345861,1.675141575531995,0.7849146218457966
0.4197688222490824,10.023990390373369,0.8048151351464446,0.6770706515681636,1386.746814726267,9.425185257324841,4.975636912933023,14.993853949443224,15.455941180867176,149.90907881092326,6.401211963466984,2.7091646078709184,1.6624004420019154,0.10335544073872362,5.0789923536717465,0.7614871040810991
0.44306559816466595,17.784408825289113,0.7827782669982235,0.3209308268766474,1066.2032670280564,11.626060325861372,1.799215542513325,14.399836857505687,15.849851543971008,42.20325955604497,0.6883015611885946,1.1618156455506574,27.065886142513435,0.06505202469977042,1.8642675672130953,0.8543102015247077
0.0751300057428067,76.81860630887894,0.005469938279404674,0.4658113279258226,1427.757605017379,6.620414568607148,0.5719436635703647,14.437785859452823,14.847636551545271,40.58041909057166,4.747311683666401,2.73086695423173,12.837228393146491,0.16658378408661248,0.7385274476569772,0.7055548938575162
0.28015628778797663,58.11439166232672,0.880568311771585,0.38288798418147885,1323.8719284566541,5.743805328979996,4.479115911346699,14.858163479177069,15.49462175476727,10.976112355747203,9.82858903707063,2.3521621307995892,11.350743263059886,0.09908032877060272,4.578196240117301,0.8710771874388508
0.20424916284333228,33.01749769279122,0.9625924507153024,0.17678013399611175,803.2986128615786,5.731252958867208,3.2874466258405763,14.488352290185643,15.93293243209916,134.5710817506313,1.5864843251928182,2.859193248310633,12.856051568836577,0.08131714326108089,3.3687637691016574,0.8405162447123261
0.8822435062553448,73.66751280455993,0.2794167017635527,0.4163838158567691,823.0156953224591,9.046095398401876,0.9532765956621387,14.746467295670143,15.430127270488613,31.89556405240518,1.9431811376265262,2.9361680860628634,15.640670680192043,0.12612832941631102,1.0794049250784497,0.7641829585195868
0.7479012766231111,17.43559213969146,0.7115991748203263,0.556358207044263,83.14293611075689,6.92718978896681,4.248500428385887,14.107467407313129,14.68731771027082,60.227555213489005,1.1436220462990234,2.302696252968588,5.121015441842856,0.08450156100077234,4.333001989386659,0.8351518079900123
0.6717436858448909,56.89697741247256,0.780061071292065,0.12941279594435393,1156.380628787825,10.788551378163117,1.3992967362633812,14.876291180799063,15.818907171716832,27.896532778266103,3.4008052855073134,2.6973418715062616,26.634656249165825,0.06376667620715576,1.463063412470537,0.8509063501612915
0.23925786873621468,65.42167267312108,0.2490331208640002,0.1602973299542864,719.5607073609823,8.98209089366146,2.2224116203897792,14.510315048468632,15.449165399549214,134.12204234871635,3.144350443527698,2.474953838676031,10.710633911873163,0.10905682504775033,2.3314684454375296,0.7673267264487693
0.1653145057949137,31.251462383846352,0.8678353949872976,0.7144953275834953,1105.2127922958985,11.63569639201447,1.8398981290705665,14.67038282145493,15.882772439441096,8.411911801285854,1.1598333319649203,2.7246960544846046,1.6570192449752121,0.10468243095757072,1.9445805600281372,0.7998542909175325
0.36177178451193837,28.201027665232054,0.9548316113798321,0.6753632314820192,1111.4492600983465,7.318512788151769,4.508569458558324,14.795055914106156,15.385067705787478,129.2384774409159,9.788420525002826,2.6202192673901283,11.35865383390059,0.1138884837341639,4.622457942292488,0.794686027617793
0.7323469576572706,29.880662794719534,0.21352730620032312,0.2954756840869645,102.64962105339518,1.5942702686974513,4.467113526203631,13.926853625513699,15.277913501935979,84.09442787313733,0.22867001065826226,2.556092581528926,29.41316719932984,0.15466047973706532,4.621774005940696,0.7677737887418227
0.560955922064342,33.301940887012144,0.7751434384387486,0.08233432825421404,817.8301035919663,9.93665481958532,2.7134848063807087,13.158910685470097,15.870398948851587,157.37211400183241,1.9687105260640678,2.53310180195507,25.72531348333422,0.07217685927316465,2.7856616656538735,0.8863889374066911
0.5506145177401632,10.902703715399387,0.7355028541645223,0.23590149032711238,696.644015693599,11.023969934152117,3.991778227561708,14.845554430488344,15.835850647816175,98.73960839077021,5.8318132670707685,2.930675219085854,28.800495532418857,0.09287883370805815,4.084657061269766,0.860846433970768
0.7200839719018082,38.77021647539386,0.9991679150280761,0.20636567248895493,1453.4574337906076,9.133012537518788,2.0936871192517366,14.988147975633991,14.925273532640894,164.64696291903235,9.417873349641495,2.3653777658295176,21.457689598974245,0.06793335065184193,2.1616204699035784,0.8741233015144328
0.0660859984333193,78.57172046519074,0.05461349703257423,0.48364813869112866,155.36072747853854,7.96300608504629,3.5540336281898153,14.556323823473017,15.130375691448338,15.690745496749898,3.539563707995177,2.6913763121256213,6.265447255987412,0.16096474770894345,3.714998375898759,0.6809644517815102
0.18761830535021462,51.801250491983026,0.36387853683045135,0.36548457369959614,169.84295786137648,6.304572284933022,3.2472271417778105,14.852997593954651,15.343765230348524,183.03812890730077,6.753284527945903,2.30954554358895,17.98332479407527,0.12765930815420254,3.374886449932013,0.7774447020724874
0.6160044090821334,58.7892170932079,0.6735744208479671,0.028472390847864307,170.3961963865249,12.122239397861222,3.713810475696394,14.886631419922061,15.801787104481468,142.89387629574776,1.7753076729819879,1.8316749027617032,7.966459606621342,0.0666810782865892,3.780491553982983,0.8687955464840502
0.45926960299875275,30.705666995286023,0.6945246844602557,0.5021107700778176,369.96341373526565,8.667176636796311,1.1824176784040987,14.817117254529276,15.87386496525668,9.118750123786027,6.849529035031421,2.939990216240907,1.4662865809129129,0.10451062003052831,1.286928298434627,0.7648462756441117
0.5408888379268538,83.96057065254092,0.11107401897875735,0.35659957409037824,168.55634070221828,3.143586423987052,2.1715324078346785,14.458405708175865,15.650318532813495,142.5094700359,7.244742880227713,2.1980977454291772,1.8284967833689465,0.10918419176568478,2.280716599600363,0.7783609578480171
0.012691695286420224,65.87127485662246,0.8393686487103607,0.13743787163553708,624.9613570683307,1.3566057785834253,4.506380758681896,14.936820666655088,15.83247391838476,130.3749328302943,6.260178973232239,2.0164406613320676,15.12403721632953,0.11247148347875058,4.618852242160647,0.8619717582995419
0.48682728551693544,46.46083225235499,0.7918504659854027,0.39549797076988025,819.9170933948697,2.99449483549764,4.676373584979922,14.138921882830747,15.943434346458254,172.2653679519664,2.7389192816860355,2.8376583164100784,4.2366582935957755,0.10059048621090776,4.77696407119083,0.8225919655951207
0.5108901868033862,33.48356229047005,0.2524944391533598,0.0778724126661671,754.1896022130612,5.0094944579862535,2.5917880908685467,14.941710045703896,15.743300055325744,26.309954049847104,4.936072650174781,2.4572153245274997,0.5100774449912564,0.11350627010508468,2.7052943609736313,0.7896607967107594
0.6772182341262278,40.760759307998995,0.2563405445402167,0.18373677889421086,1333.7269928082067,4.388576894195632,3.821394915468149,14.701391470701715,15.118138117235416,109.76198316745439,8.31983664425863,2.7938533947562765,24.048521330558792,0.14531439669137988,3.9667093121595287,0.7745211475414713
0.6053595878575525,40.74913791347271,0.9648127021805025,0.6135102148526327,1178.4064435496912,1.102577986542453,4.05906926722894,14.208395342056198,15.882431106211103,97.09454830322795,9.652513760239474,1.9145947972333734,5.002560742122611,0.10163939312752979,4.1607086603564705,0.8704080714309689
0.2371718263878786,80.40552332808977,0.146690886699391,0.16000951777978153,102.98119885757598,1.018504550277768,2.3453919997916577,14.564776436467437,15.469067485740062,37.65188419315127,6.108007371272888,2.721764888588175,1.6358961633559117,0.15144091285975023,2.4968329126514077,0.7551162830306437
0.8029230526342063,81.59685171584891,0.6826257457362637,0.6949537006553776,1192.6648708433006,7.966085062894646,3.0059101713208283,14.73988165830145,15.927725695492175,13.936009304848872,2.769713408807858,2.802975961909014,20.283737931436377,0.09180957717453897,3.097719748495367,0.8563119064419337
0.5787821936526086,68.505975595168,0.49982625151305227,0.12744501347365364,1392.545389432276,6.0078601985566165,3.4539795887551468,14.705452162622663,14.575172596009079,135.2389659345811,5.262690141883602,2.695909575194339,18.388398268521005,0.11812294473654393,3.5721025334916905,0.8402613913231736
0.5958633260028167,74.88192042712457,0.28410973755836233,0.37357197257234365,1222.5994056722234,6.270021701446751,0.7236588375494896,14.655279875434934,15.926956599558142,92.63810360695291,7.301037306069252,2.672370596694363,9.90197820656487,0.10469070659648382,0.8283495441459734,0.7987861533043668
0.34005230428887423,78.69320607718807,0.4037818316550762,0.762140640092629,537.1993168869454,12.375749107839551,2.646074670930598,14.979650630673964,15.867294001493754,59.87221016722146,8.17532370404469,2.2317862033794356,17.49312098283782,0.13566237834517703,2.7817370492757747,0.7687158615508292
0.3362514418693756,74.95725877454773,0.9891979094588952,0.11421645847469285,923.5440839046427,5.070387702320892,4.517478100051471,14.848563082297023,15.798647640334897,192.21702863454288,2.9038836859757624,1.1287194546043138,14.39785390763846,0.07451273134153831,4.591990831393009,0.8772354995619375
0.7907559848817437,2.463692802111436,0.41600660225990205,0.7560981937818652,526.5982707619323,1.8577969399604752,0.9909511502642563,14.47279144721149,15.529572524792739,140.44194941181587,1.6996435627548552,2.914570746571139,13.426367492082575,0.13325242921263145,1.1242035794768876,0.7506034670059452
0.07145519386164756,47.789771949003104,0.41113160360080203,0.5088918075447858,853.3104854339454,0.7770682726555278,0.655617250727589,14.084947434124583,15.54414608825649,13.222796983948408,2.5891544200313326,2.000242517637829,7.104621441624126,0.1244258835905163,0.7800431343181053,0.8198521631899228
0.9688793692134107,49.71771799117231,0.522845669906637,0.42358955851613384,1332.4893489129013,11.247781263610687,3.7416070421456626,14.49432707420316,15.761342235943864,168.94645176288208,1.7074367769845369,2.806654822746315,2.5859437625336423,0.08157488010823577,3.8231819222538985,0.8032901698501372
0.28830497325575044,7.3572622857869545,0.5429234869075747,0.08972819696621165,79.3569326190605,3.4139442245075653,2.056418731354878,14.845527166118153,15.669745347706305,191.0447365257366,5.752569593072341,2.8085876424280594,7.875743934515597,0.11573775537214405,2.172156486727022,0.7701469763246165
0.1946672524657942,54.84389748660849,0.41390543581084616,0.6346222742931353,590.4391584545106,9.479731822523254,0.8301093092593612,14.997717008173016,15.251672835819171,48.11405278538636,6.83813369878718,2.807098683040132,16.157986630587544,0.1373329728788478,0.967442282138209,0.748171547845297
0.687982161163145,44.452746152751814,0.6787225104738844,0.7575296433363585,1240.0417237028355,1.3110000008311902,4.216893114574354,14.743267627024435,15.154376878606246,14.722160938222629,8.294349620501153,2.934930663626351,12.664265489962347,0.16900150926019428,4.385894623834549,0.7988276500417085
0.7479296290774035,58.72064293754504,0.31127013784418445,0.48856809128340517,334.343902665382,12.780795627936717,3.9294952007485904,14.683809958267748,15.515687975588998,16.937043116643224,9.980928199152244,2.936567948136143,2.0647423538526617,0.09007404777877916,4.01956924852737,0.7497375177374934
0.8456960339503545,40.77179493968248,0.6046280616316024,0.5134096862903301,677.1291213621195,5.31653084110135,4.867990524108644,14.065056251861835,15.758238869467093,117.0450822616144,0.36135066932352095,2.607550742751141,29.892594097010814,0.10119756088472602,4.9691880849933705,0.8451014405758924
0.326015785399407,54.51188769141125,0.018810070020425007,0.006770504354636842,1396.8360933820018,4.981425395388669,1.9328081854120134,14.386839224766247,15.652285487898354,127.78482563818498,3.6459156521200247,2.7810480726156612,24.961883741237802,0.14063098790552922,2.0734391733175426,0.7407992468390646
0.4310843576465714,63.14519314888257,0.5222487412916729,0.6032756463043227,710.4358373550249,4.462810383372171,1.5264383724046677,14.430618078658991,15.746048826694606,192.44805505391358,5.5775849582367645,2.8500019117285853,1.6100078182346578,0.11058186629983276,1.6370202387045005,0.7597299154368177
0.8121382063700201,27.274288565861003,0.10806142817517872,0.5396689600965398,1141.844668618713,13.601142514534178,2.028477021781847,14.868398609287214,15.753336626112224,109.23496973082689,7.223923921413008,2.6136884186480116,17.854320799404093,0.10867487060505512,2.1371518923869024,0.7552646248182407
0.3963921706538608,60.159585701797056,0.4810455932314699,0.6194576088519989,114.86882692083388,6.110828964317191,2.1176271400732887,14.920986860513159,15.891994348073863,99.42005435850872,6.039592340124738,2.428606617869644,16.193676224639688,0.14171043422289004,2.2593375742961785,0.7711879067184177
0.8196083484543819,4.300040676106919,0.3620021800455445,0.48684899275901855,841.2481205177504,9.51335632965861,2.9328546499240495,14.74908144549217,15.600614935776674,110.08487136131023,3.3790788363908395,2.8343950418371398,26.51880679328659,0.12427016967417803,3.0571248195982275,0.7727779686135893
0.5982258468660145,42.282477026726866,0.9248270215221722,0.5594736734389851,480.8109008080307,1.671283050569267,3.7034977590640428,14.726608986953789,15.96102130377122,121.64946951507243,2.38903564937775,2.8177972278379895,29.969241264121287,0.1301710385381855,3.833668797602228,0.8476541218591601
0.9998316280273192,61.12428890378299,0.6853241162831485,0.4845318664652462,1159.5650472648845,12.635482456744144,2.3841951155561687,14.839517002804879,15.741681305758714,136.47977949120022,9.66632993459535,2.8379126114424764,24.778930692853564,0.08395633538436824,2.468151450940537,0.8307479843028012
0.1624026052062112,60.39894232237061,0.8667051522999779,0.36567904086976405,915.6182754064232,2.8677756355098154,2.4571067145844667,14.414549442142084,15.915812406500097,139.64871682821862,1.6770448580846717,2.2896267661250653,18.32001906991237,0.11638495960804597,2.5734916741925127,0.8080629561410965
0.8714109926369329,4.48603174495436,0.9548676276440768,0.26297076185181095,106.6067352461434,9.542838057202873,1.9164263142032054,14.820624745504352,15.180991788899153,183.75510215747929,4.136685219164921,2.8424415580723768,24.211244873775676,0.07381373134694225,1.9902400455501477,0.8851099231366103
0.3389262888897874,27.82174187002758,0.8187024102586498,0.08072928505029192,1114.50439223737,11.221913589296449,2.4535635125624013,14.953270670283363,15.73672263997333,87.9567493634839,9.826598102249081,2.7008599624873,4.127117373409918,0.0861026469562949,2.5396661595186965,0.8258379014766933
0.04384650325754491,6.111697065373011,0.23658408925970364,0.4576254051745017,761.6965687783065,6.887153439000152,3.789516764388325,14.829240850135351,15.876790141679944,54.29863651749797,5.307740129603563,2.715701786403807,17.3323164154842,0.15428382058915957,3.9438005849774846,0.6821527573313853
0.33138667100601715,77.71629771592583,0.5375935356088212,0.6043708318714542,1227.3375110367297,11.100002987383723,3.325293584181103,14.489714385183762,15.853644664925545,197.81131388701107,3.0592946065331943,2.7029734461243877,18.18777552689444,0.10613788494562688,3.43143146912673,0.7481244815406617
0.5251989391842748,62.416326421300184,0.6965602735454917,0.7898923992952467,384.8987086319016,12.762727942449853,3.150019116349886,14.141477436340312,15.420351332855011,10.638810392313534,9.090548354317015,2.9370497200287318,29.476814199046075,0.12837957869686856,3.2783986950467545,0.7872951542262795
0.41186451756962916,61.573763487448076,0.5754391774523702,0.09863770186704378,1316.9563185112265,8.746022983610407,0.610256861686918,14.264111970975152,15.734189599193169,94.749299769927,3.920005302801324,2.856399400756333,8.429698928304408,0.0919965588902982,0.7022534205772162,0.8330915679113026
0.4603959033029712,82.38644525503042,0.08393657675399224,0.14130789566589472,817.177665838218,4.691095494127885,2.578649353461365,14.807143902513374,15.013617926324402,73.68310334916994,3.9726205191337107,2.390558948941392,19.654706900712995,0.13430453588634383,2.712953889347709,0.7376967986809294
0.7702551358280234,77.02288980667075,0.7053132454333142,0.3255036279588042,503.0500020130126,8.726731713552503,0.5989554073520873,14.561121396155702,15.48479348736303,111.99731099921874,6.993024305321718,2.799123959281772,25.30518879486075,0.08351025294288338,0.6824656602949707,0.8702741914874463
0.636065471803193,70.3771400952746,0.4122374467358003,0.5439435201549903,612.9054508535847,3.215826311935487,2.9198746894458165,14.976065057584492,15.50438943021004,124.69953844375003,2.949329353512243,2.680027533209762,20.195058227603383,0.13556388063376748,3.055438570079584,0.7590298286069538
0.4100727077018552,29.595498339231106,0.04680298290600915,0.5302241628277263,267.27120520543565,10.757284178324971,4.1950935826838105,14.866277891898598,15.723214180336841,162.95288261901578,2.188044836928809,2.961206647154549,0.8295980189448482,0.13552886151382282,4.330622444197633,0.6893364501428101
0.5669130713114856,41.42616291741554,0.48225104887237324,0.051697806322930175,1388.087543428683,4.907071713499612,4.825731799943083,14.9319756770107,15.761521343792483,121.26918410877587,4.862787068595231,2.0154090331154153,29.378017895802145,0.11612160279119536,4.941853402734278,0.8923566700101195
0.14849626164967367,4.240746424565783,0.3313074423353678,0.5454327296035276,747.9190117191611,4.579210754325218,0.5246958450672636,13.522191806418757,15.336947190929935,53.33501303108184,9.562349724920674,2.4091378174455613,16.766610191792346,0.12726256202335456,0.6519584070906181,0.7857360810207727
0.5156789891493911,63.79052374766789,0.4103493467277164,0.2103512502448317,726.3732469674181,6.860697561004735,2.1828646573577326,14.900646346231087,15.667235097476242,180.02707550728468,5.592386433991834,2.8309861178043145,16.847633345257552,0.11577112910493977,2.2986357864626723,0.7981675596819149
0.21573489190774653,43.60153191764322,0.24054208252222742,0.6882372788965473,1028.4091384913388,12.084954079170622,0.5064238589811372,14.458297648268264,15.849729489662577,6.1763915202076305,3.471828784536273,2.8926440168126417,13.150015935400386,0.13341248339400458,0.6398363423751418,0.7479135801197513
0.9230803711200681,42.077048560824636,0.6206925813005093,0.6874305254797165,948.0621877736213,4.21799486179023,2.781096176503827,14.76924779985286,15.874949461554888,161.08332644054659,5.906012740127849,2.8795274597801037,13.82851157775224,0.11926606511691508,2.900362241620742,0.7997698620176041
0.02321709031629693,83.8716428886852,0.8298479469072904,0.6206014345474097,651.9164898750842,8.996672431510163,3.58014115043217,14.855122134665358,15.924974183849553,63.49375422006251,3.978014209919899,2.8714814348952746,13.70527474564714,0.11796266689956825,3.6981038173317384,0.7704976195357813
0.9137105222490122,44.16637849651411,0.6413977897010577,0.0842257103748902,1369.8480564437864,2.0625654708955308,3.8127664932745446,14.770593673609808,15.690030751083102,41.79807807635311,1.6895995406065414,2.835874157919095,25.841104900547275,0.10256714088459853,3.9153336341591434,0.8177884877431612
0.3861148638467603,81.44130747439581,0.18435471507778478,0.3853514588648981,1281.4319014070652,6.478278269666353,0.6561721678132004,13.995289738966529,15.354793020174725,74.42548677831883,3.510085227449802,2.9628157312808923,16.12098828351457,0.15078391879877168,0.806956086611972,0.7110383619237657
0.23157058622399718,8.60952880326026,0.005398903684761369,0.22638006434516447,445.51267595614837,12.866204563740549,1.1770443702127191,14.744017064387545,15.877385998769787,69.51804869904078,1.684177902198058,2.8371763131694694,12.247185874704671,0.12983826568305856,1.3068826358957777,0.722902730177121
0.5971218652138488,71.42878499184604,0.07289209256183327,0.63591997600901,1104.9932658916737,4.19466511292316,3.997415274450876,14.584002775698744,15.984660959504458,37.72671457528796,1.4107425674894076,2.112570465993731,21.33205061511658,0.1416446643847248,4.139059938835601,0.7507876388639849
0.43820210184062725,7.718332330383319,0.6997599665746064,0.23467811402352617,227.029265896442,3.137986308955157,2.4824158534474603,14.855446298195929,15.637706010412293,184.45025031248264,7.968411821335959,2.5771726907291383,16.892475875403452,0.12717765009536836,2.6095935035428286,0.8300082038004412
0.9585949577181044,72.84953105593382,0.5119800835441054,0.45862295380008994,325.12989161523933,8.197931351796479,1.5368286041002197,13.294398615205528,15.981697640970605,108.01306156625712,9.03668207336813,2.9925542879198894,7.018578162124202,0.08474354361574955,1.6215721477159692,0.8035955140861984
0.0959462652968206,48.76884292543741,0.7811521487321149,0.15287794144932604,847.3088968914133,6.769862558682983,3.602938442215369,14.715696493901138,15.967988175878558,60.66261160788951,7.399104518652863,2.193890297167728,16.005560569688498,0.09758688603682085,3.70052532825219,0.8220798734617476
0.37449941507581275,7.732019831691224,0.299187347245192,0.5222228225839036,731.1297797951908,2.7662630196799807,3.9226098264578084,14.68358641632558,15.890570461869855,118.9421296813737,3.546322653708598,2.4981134212714093,21.08347601766446,0.14968642310467448,4.072296249562483,0.7387801064606498
0.31299030837529196,13.615771100318758,0.9201784723362642,0.7309817918767272,1157.2416127455547,9.967616613199663,3.64631621524262,14.320210034718343,13.990418621213937,37.51524450536106,6.557209666493388,2.1736771021984156,17.7221867686669,0.0954959248722121,3.741812140114832,0.8515829950299133
0.6207705729620251,41.35989909398325,0.506208849789279,0.7559056457432107,778.9974718920133,1.59804453153391,2.0727042674291525,13.383962276029852,15.731060826595284,197.68620806423814,3.004859398354064,2.669241382749564,2.410641314575214,0.10808533687831173,2.1807896043074644,0.8196329089974512
0.01928455008766028,63.01321998128116,0.6966221534711456,0.5021653175834649,136.7911688693785,1.2424703947887143,3.8816691074041128,13.807159077688791,15.950622429079887,173.77058447481187,8.59760951894547,1.2216679553667757,6.945071976598293,0.10744110000812698,3.9891102074122395,0.8759049243909343
0.15150897245108808,36.84046651324524,0.799641219904659,0.08174907105911303,107.40740287823232,1.9073680375190947,3.225351526179529,14.894494472594426,15.899253942589722,97.40965195399527,2.756866043755725,2.6612867862414884,11.698364860082027,0.1071545929312099,3.332506119110739,0.8644168760736868
0.5049790557876752,72.76372617310608,0.6666819814857083,0.6316060588510798,355.47300297985583,6.400250151308048,2.8458485744665447,14.491755863664276,15.733512405723516,47.982830143799816,7.4183487350319055,2.9391424267823463,28.497928086994357,0.11747660499893577,2.9633251794654805,0.7582612447624938
0.8642073278097051,64.35133271450434,0.5065974265791755,0.16326355138275128,127.88632854931132,7.244953288603534,3.817604333860535,14.740122981305488,15.577790695525714,94.24994484468341,8.901214569821809,1.9492266598177272,9.311602442887184,0.09378262799517548,3.9113869618557104,0.8892995042844275
0.8201985485470301,26.481527340638642,0.17273534690955006,0.2172563358034017,1374.8871935118152,7.98519101668058,4.139675617466117,14.933880920320536,15.197407270393457,97.94010751276915,4.643302476396249,2.3793734195868903,23.340849990728223,0.0972826390275714,4.236958256493688,0.8058407666012579
0.3851602614504256,82.19713731228813,0.44599995504369216,0.3122633829337049,181.92914520598964,11.489161716636977,3.3461335293886854,13.247480241068901,15.638676671225822,66.18102674880295,8.340703896318276,2.8718709532477917,28.334216405397694,0.08111330970019406,3.4272468390888795,0.7867200639262741
0.92379321481082,46.946429715888925,0.5564053526327991,0.562496144599713,557.7699438795801,3.3507375780431645,2.11077933584464,14.767026685773029,15.355529817917974,3.5592637584157885,2.511101745691991,2.671313696998298,4.080473594732526,0.10712211354008308,2.217901449384723,0.8084827177015552
0.3011909724403149,44.7516923750091,0.8488289500204197,0.41302441459580597,942.1389556123124,6.921119331714349,2.980015425998745,14.141222717033362,14.994575581808798,110.78252805809447,4.898470689788652,2.6847170169815384,25.98460025117143,0.09029320076044076,3.0703086267591857,0.8205073896512349
0.6291610666084853,55.16086563522141,0.32321550771666085,0.5605545392085055,273.1608736663112,7.431576722933196,0.7761849015221924,14.901835425108546,15.873167031078504,32.319749608131985,6.231160206017119,2.9134596646362763,9.282447995074877,0.13261536379640226,0.9088002653185947,0.7376552849521455
0.7436259728458406,50.99149878084132,0.8560039401924957,0.43994424346102284,125.51440554533916,2.1338187397889947,1.0379741981380293,14.711461387793065,15.958314293312283,191.12949771580244,7.824720429129932,2.8026822530524766,16.150516319017882,0.12954812356108916,1.1675223216991184,0.8515212419929492
0.002466987432925949,28.76687249315043,0.6993340134230175,0.5382170337016875,206.71151144069557,1.9968711155601009,3.2373847080302944,14.682413977303074,15.383791722707139,113.36847824477363,0.7870757551636867,2.2885176996278016,11.473442648763571,0.13916655461815133,3.3765512626484457,0.8102932524818176
0.6496443838063616,29.07357881734135,0.925044972387657,0.05494450971846119,298.17024055407444,4.339030817999978,1.827465662329372,14.774490685892268,15.993367717399622,190.8738643878291,4.612339399501585,2.043641338607822,9.808015810950705,0.0685314337387471,1.895997096068119,0.8728586042137976
0.7306887136253271,20.247086460596183,0.1905394546726381,0.05128852590700488,1088.86476547327,1.7240578128008759,2.684099691516873,14.88804124465911,15.955536787008112,157.92722252704075,4.62470520298791,2.3879170124314935,27.00138306996756,0.11559853006071004,2.7996982215775827,0.8028647732043004
0.8810942697173683,27.310061207399425,0.5362957219763187,0.7167231457181852,336.2286718388859,2.919282149954955,4.736271783080611,14.7485625508775,15.991816059283272,29.557528599422223,0.8346462361713604,2.8603003231545228,29.716934832937323,0.1490200588594825,4.885291841940094,0.8127319193758256
0.7630073787772648,67.44493136422837,0.04424353476787146,0.442978987399206,1353.3330741120944,13.18644686591962,3.4120672040927125,14.863491309801292,15.5530283509736,112.14289053618559,2.8944721131602402,2.8221875563479526,9.289753083899075,0.11550767646947155,3.527574880562184,0.7403153827874602
0.035863193682397654,2.936064202512343,0.9341730275401534,0.48145254145763217,570.1555618044906,0.6800734295385078,2.0336061021460985,14.676589956752496,15.547873332669672,79.77811056549871,3.2381732870026863,2.787113901364477,18.797599808830167,0.1467639161753502,2.1803700183214487,0.7693509841972291
0.8666221065540942,50.336340953052336,0.6648616725702877,0.4750535658728069,1301.422680121525,12.998735934900012,2.772366160243775,14.77385425298295,15.89022059130605,178.45479950399422,6.50393827532193,2.519475003218556,18.859989346420093,0.07808958055830174,2.8504557408020768,0.8498025673567274
0.7179962030668211,37.603776364892916,0.41984540779542945,0.5082801582601408,1343.5088405074548,13.797080924236589,2.288372966446241,13.781560795156633,15.908353610392208,56.02734449961278,6.906039948403625,1.8120896604071473,5.786275084861488,0.06033521709284195,2.348708183539083,0.8477466672971876
0.7499759949827581,64.42846596623147,0.19348228374184284,0.387984580179672,421.8573512300504,6.339107024706008,1.9453432158189323,14.979763202081278,15.860304314023855,190.8114706186689,8.697278748115727,2.967878303182752,21.209824430259,0.15434923239523163,2.099692448214164,0.7549980309564129
0.7022031829441404,19.665463957799115,0.26485225225717357,0.5364853190518261,909.0143376920322,6.498638061106895,3.6077017004244634,14.94688961941388,15.665302886348288,146.7541498465024,7.938475060762874,2.4594977474406354,3.547448389869796,0.1108640084518733,3.7185657088763366,0.7764930485885362
0.3063813018803413,59.55898774481637,0.5013169304557453,0.33524160262131836,312.8837739266169,13.790579520518294,3.316158430427595,14.434755090252912,15.558847353410593,16.775595843546284,8.083054732757828,1.8319590708274862,9.633738142986214,0.07383482522449981,3.389993255652095,0.8111707205086416
0.8479479784657297,71.38056754334322,0.34603636847058894,0.41587550639995474,1261.2701739118488,7.1364816535835285,3.675626182449149,14.816834222311295,15.570514675192332,88.77420356687831,1.8444157303606998,2.2586052983499143,1.325019067055632,0.08983013392729032,3.765456316376439,0.8184656540095748
0.564060459334879,81.83901230878776,0.5809625971352561,0.7724023567810239,1366.6247183323208,4.108105593122049,2.551641544314617,13.769499402550723,15.898991549062849,194.44268159769152,6.798228970890701,1.5674913568398978,0.5637028302737099,0.10180230532765269,2.6534438496422696,0.8464561190897643
0.1503837232447679,52.93663971649836,0.8086711723712334,0.6334234707180837,1284.0750270060269,1.5015125555072564,4.479350403457362,14.939749071162138,15.54216876173658,192.82323796324414,4.324485721039519,2.494866879044182,22.679657871254005,0.12186370172554262,4.601214105182905,0.7967455467557313
0.6391242390308122,58.29996607555996,0.543825739381827,0.2051763897065337,975.0952739456651,7.438706960800937,1.3862780692415417,14.395910920541557,15.538797913925464,143.16592064203286,5.636836921458392,2.588961250269244,23.48362878898238,0.10510450600482665,1.4913825752463683,0.8587055509956814
0.0920908117941448,0.7540790907706469,0.4873594228779595,0.058511256927079196,919.5417498716505,13.448155151158925,1.5410738530851902,14.95166492356233,15.993097478034343,28.609243697188965,1.6140480108136317,2.525267428613715,4.984528685729413,0.0899775392777191,1.6310513923629093,0.7501874896606113
0.1681229553268565,15.073684091062683,0.8953940520591295,0.6793818394706732,883.0788195379255,12.098577761617268,4.524745490305421,14.462315690723939,15.716777470748694,183.04458673214057,8.566445734081562,2.9296644162016814,10.05771742315482,0.10386214509734391,4.628607635402766,0.7680203538749671
0.6271022870671822,42.97611192147335,0.6378777787762391,0.46654882691424177,466.0668914345448,10.868758588786367,1.2834005158199575,14.479125770538275,15.928468413662172,189.58858657582866,6.943735763180855,2.981580958736892,26.5739797908652,0.10092499041211601,1.3843255062320736,0.8025746762090183
0.1703196217679681,78.44120462823042,0.13913511948477653,0.5557907231790427,1033.7700117215809,5.963160542193259,4.337163081503755,13.981766934927053,13.81251683790972,187.29683499628004,4.892723247848115,2.2648638035542117,25.597243803282254,0.14972378428872893,4.486886865792484,0.7901426413672639
0.32755915741242214,66.83720088708367,0.1543671214628085,0.28256896249103597,910.3214732529044,12.032758635908468,0.800823142475694,14.787189228999662,15.740442809946927,174.9262372994686,5.0262603880229655,2.6319338957294183,29.46460573120428,0.14852711628386334,0.9493502587595573,0.755541937735865
0.624862479228614,45.372328674941656,0.23397378074655972,0.47892070406580833,415.58819250997556,4.299214347785784,0.7732052588884424,14.896432793836869,15.817440931211953,66.81321946176843,0.23659552480956897,2.707375206760687,8.871716379812153,0.13958578445107434,0.9127910433395168,0.7538834371898365
0.8490017087233968,10.573631411894926,0.14334769785063006,0.795318244536773,494.05336642362175,0.8029604192623097,2.4109306461771336,13.347381737821102,15.915475494925937,144.75114191779582,1.9130772285479283,2.6266745958495266,7.4827039953479995,0.14726663088329903,2.5581972770604327,0.7941543615375878
0.3841334484589083,47.81378802366781,0.18950556467985213,0.21941275109009872,190.9918608070601,1.1478680151037142,3.7994942580331634,14.987864210620353,15.88393061981957,191.01455576736763,5.324273863299315,2.783536339308675,4.802781901823178,0.14629284569532494,3.945787103728488,0.7177718494191926
0.11537341080171926,8.289424986395353,0.18917680328264153,0.37918466983348353,983.6430834277568,13.252679890698717,0.8920090701520611,14.58990736110706,15.992110545813004,190.6327375015349,5.757622315565269,2.9357449822762653,21.61629011737161,0.1293425246189012,1.0213515947709624,0.7002205141823866
0.053702427221461346,45.47891346518251,0.3479763610256138,0.6724265184704779,1161.7061749040654,5.9951919679918095,4.793442957420313,13.392658061669863,15.937595189963412,15.035389214000217,0.2684802469932028,2.695398624301791,1.043956279803096,0.11587250598178526,4.9093154634020975,0.7488940408094972
0.7145381332827888,15.570095041413811,0.3493338989256358,0.4883641935604212,816.8374572109748,13.703457348419331,3.1020015181676444,14.912445650815586,15.202345953637133,130.91929495189743,6.336688240907765,2.024416185476337,20.358324559325656,0.08593802176606494,3.1879395399337094,0.8394051504644738
0.45538462701424076,78.6582864180019,0.9692955824927056,0.2492666597600855,1113.7400051065385,10.777787412489392,4.508672011944182,14.423082627613192,15.655461499265442,166.44185294263966,3.740488903916405,2.70967429055312,6.229355057167975,0.08554913785497872,4.594221149799161,0.8479810133700255
0.7714874708705071,19.0412188260268,0.6835089806157635,0.7877783626576493,532.5878838664464,10.50762962080864,2.3758141505291333,14.9201844300925,15.957055543889638,18.259325920513405,2.882159438237021,0.7035563251126504,12.00874857434585,0.08881987018423107,2.464634020713364,0.9038163277139114
0.6490169262433663,46.486642539373406,0.5971670470185393,0.7408271499908858,871.2612699675016,11.029378683709783,2.3082284242669684,14.846648826477045,15.839903685662122,50.279531586886876,2.4810118265929653,2.6858013420677858,4.200003532899125,0.1147577730543217,2.4229861973212903,0.792807632012598
0.6812804336680848,73.4220460918248,0.6555300077772601,0.39779979226922474,1200.5082331953038,0.24240292311251666,2.3853716265796714,14.759183868275384,15.598805822174606,115.60706957523549,3.795125557470014,2.757255099365006,6.479379553172628,0.1042719531121971,2.4896435796918683,0.8085385382494514
0.4318071660771027,53.63220618918286,0.6502219694123994,0.6437678122306711,1314.540708403796,0.41170020743524516,4.268703638629489,14.82280603218163,15.905731394889,85.67675099630462,1.5237209808681385,2.867371153805188,26.382292104327497,0.15649830859112043,4.42520194722061,0.7614280882080013
0.6908704652340246,58.43221265477471,0.7012351856365813,0.028352914508246663,1233.0892459649654,11.7297664760398,2.993820592632932,13.888292513747325,15.765160852588732,141.67266123468417,3.105544099773107,2.8593420691134295,5.715221747812154,0.05465486759981276,3.0484754602327446,0.8489000623116374
0.8684505351695364,63.43296905231478,0.8728937259592008,0.655781523894776,1459.0260483130116,1.4828810238499355,2.981111315479474,14.971930905771849,15.380964925316459,46.55459884280954,7.804879084875704,2.6090611423588888,24.96364198718253,0.12052573604452138,3.1016370515239955,0.8331272130383862
0.6549459380144508,73.64926326072099,0.4855166078279116,0.167027234607927,190.9654685394499,1.5693302236988822,3.0033055989468473,14.88867192352243,15.95078955368244,95.03286511832728,6.529729200009371,2.535229198376886,3.6144987731266993,0.1168278303000384,3.1201334292468856,0.8108055070999474
0.8855986745121496,46.11827822939354,0.015928122007478507,0.0012808963322106237,488.4224750695801,4.56852866151317,2.483525891747607,13.609845967626455,15.472295660674272,189.56701028784204,6.253667987757577,2.5950182073840713,21.57901519607489,0.10819497014923657,2.5917208618968437,0.7968299547554724
0.48941980758169434,69.03425065955955,0.37232128928200614,0.20099560634241548,485.6347011827158,7.46730727728478,1.0450966785863174,14.959388355061254,14.982302135645767,82.98152750787398,0.9526137807060713,2.8332993662213317,16.288652229482693,0.12688257555402263,1.17197925414034,0.7355241017862852
0.8018480724533656,58.16337826135616,0.24129457899050466,0.5588672240746785,834.4586883397541,2.0775040986691975,3.717695811293713,14.60945040325248,15.999650760229216,141.8071434745608,1.0527510358419765,2.617976788302672,4.22182126944238,0.12597919381990838,3.8436750051136213,0.7463220130432663
0.02787606161312972,23.7683468044181,0.6065589092141362,0.2912648776172483,1042.28606807522,8.912236939941419,0.9269956987629846,14.937478444087231,15.297747639659573,21.14260475473489,9.79399642385833,2.8986602770632675,13.841129263027433,0.12246459267257227,1.0494602914355569,0.7503636442478743
0.961178171188654,15.546799167429077,0.6978956693206904,0.19360630676462148,659.0306062696419,4.33956103100031,1.3106436850252394,14.798810736611534,14.497211869271693,104.68866275080244,8.51151664377191,2.4809558994897105,10.37094919697249,0.09972112160510165,1.4103648066303411,0.866079574364002
0.23721547536521337,75.45493557051294,0.855922724898796,0.500757377435557,1299.7199334314553,1.6886246589107718,3.8259499306153653,14.78547441676488,15.688856543848779,65.90912073805265,8.741689570165365,2.9197858573693383,13.048706608903776,0.11658220372829081,3.942532134343656,0.7938750799873764
0.08317273126947178,79.66863191010219,0.8271320940776543,0.3212295355212996,396.18235162037985,4.588507133503219,4.863804949065154,13.990037526704128,14.628956287067176,55.25385643389185,5.9244647269411805,2.9930308087961954,22.990062465071823,0.10877606456012263,4.972581013625276,0.8165750452124385
0.003043538241103483,8.102394055023593,0.027633631254598168,0.08128698313918702,540.4226086612075,6.9273506067240325,4.301036714416533,14.975737029229203,15.665131472680457,110.1338677869046,1.1207113308900412,2.7970075560745626,17.51772352959754,0.14361546311990106,4.444652177536434,0.7285664328706903
0.6607618515583625,10.614078323104232,0.035240224408392584,0.33958254469042254,778.8197286843849,6.822410358134334,1.9786418545181448,14.773310797358576,15.494248183877751,113.8547763727865,4.701193238474446,2.7064542938783105,7.632943405614421,0.10819897466294454,2.086840829181089,0.7555498480527232
0.7003697023743235,3.8126115205008717,0.7658944239062171,0.3470814719929594,1485.1016280748609,8.195550890014587,1.4910251038535534,14.728301928199963,15.468471226554406,166.09231246748115,5.182239807396424,1.6255032636254994,25.801939076000238,0.07975210908423123,1.5707772129377846,0.8817185783183811
0.9451076146553163,59.595969350445294,0.2799952919285441,0.14342956670238813,1025.0997210509304,2.012573338286769,4.791009630681804,14.007085148642085,15.392568078158487,4.774114316992296,9.997996475367712,1.7606033654035764,23.841830097413848,0.08798985730566915,4.878999487987474,0.8888608935260146
0.5865994952087952,51.186177490413485,0.5667913955290255,0.26077858079365246,736.6468163477501,6.221961604256174,1.0556841736273554,14.61749243559734,15.574371963185122,118.32134561853562,1.8345299899857521,2.882702805061229,29.685912015188457,0.12178801491535526,1.1774721885427106,0.7755802501052014
0.36602056851368425,19.727951161816815,0.9403562091578869,0.35641378950505054,1297.5938249132905,2.8165906449637497,0.9446746506734798,14.852789220079925,15.975098910948798,63.470055101555786,7.87045046335647,2.7638269767237036,13.147570066181542,0.09952189795889854,1.0441965486323783,0.8150183957337771
0.32880516577566865,55.95166919810273,0.485709464676536,0.6225234466743097,1181.739166706084,4.434564243987523,4.360155060537496,14.304982640352831,15.461869862710422,25.91669643960522,1.3426365851115831,2.9232407965069926,19.725946526004808,0.1438699594610801,4.504025019998576,0.7396950321518335
0.14837000370788977,51.40337078655804,0.12776273621054168,0.26765939748939493,1112.2910620740759,0.3092086253513655,0.8801602975499767,14.718603031910067,15.925779297513282,63.739895484559796,9.54493410139968,1.9319463570499438,18.52597714160354,0.14985933840246002,1.0300196359524367,0.7913589073658153
0.887030649216717,5.987676065452461,0.575384170075612,0.590497301508644,780.9085582501277,11.229414454199608,2.473185754405887,14.40124217484987,15.449007004533707,178.8787665592462,0.11045100611122424,2.4426850194609244,21.994766504013278,0.09091638323624539,2.5641021376421325,0.8388795615798539
0.3557826786698388,72.77471501130967,0.7378791054433527,0.5126242229399991,78.51224172325732,12.651510113392506,2.1065955323529812,14.973638643155631,15.125972383293858,35.98154253297819,6.701198948918309,2.374655547116354,11.325983684226722,0.09606267505607603,2.2026582074090575,0.7965547272691061
0.05413073238853505,51.08375236844043,0.7773740351492345,0.47792512198311504,1227.5552194772456,1.8430747792224824,2.5128397484270835,13.904620847151245,15.684192195668164,138.66265612805225,1.5751558443078213,2.891559619481925,15.349108869461594,0.12163335355572208,2.6344731019828056,0.8201336238661382
0.1700609230803759,35.68516319537221,0.8322431296639444,0.6742665507604838,791.4167984974166,5.012386345073427,2.217700937676681,14.90006645346808,15.89961102556501,90.71926409779464,1.8210941466816157,2.519084884312624,14.629299075989595,0.14352129658318355,2.3612222342598645,0.8023050863072692
0.44011977442042716,77.62436395616854,0.32978585408566363,0.5280941795134655,884.8869361384365,13.006311085878071,3.8337019737823,14.755063843150884,15.879526648755645,61.80919513126649,1.1717556336910515,2.9104925198283547,29.439360379288885,0.13704756965597312,3.970749543438273,0.7072977504077657
0.4082808967389502,72.50620497004452,0.9803257188318163,0.16222261429446255,1016.6840146724567,3.9735531710411376,2.6909662635955027,14.6024530885613,15.62831289172586,5.749849333588115,1.233858666077011,2.668958696711369,29.37658168912111,0.0994445037832897,2.7904107673787926,0.8689327177857482
0.5340423738353393,24.825216827720137,0.3801353389848241,0.792209749577744,521.9442707629735,8.829196693678643,2.7920460644330887,14.446883680216223,15.90867258569936,127.69231334541476,7.956168357893227,2.9018162124366325,26.809690070897886,0.13040242930041188,2.9224484937335005,0.7347456254125634
0.5610177462110042,34.951432604857125,0.25889169530126444,0.4133409239939099,322.50438250069544,4.199798243335797,1.4457537948896522,14.516879592884571,15.694280681249166,196.3066413025107,9.672082678098977,2.5341206894725197,12.485296822711192,0.1482280017923261,1.5939817966819783,0.7615718269550756
0.47152438127958574,50.86694833874911,0.8264153557673821,0.43490556808872616,154.62170614850703,5.462242213550711,3.91238822136328,14.627469831869075,15.95607737848831,37.65976802633256,0.05144211072835058,2.162422959905805,2.8128414114335034,0.09051677820269341,4.002904999565973,0.8852729067979113
0.722745284563065,74.44795616313898,0.936637567652523,0.4921311033747192,83.1965718680912,10.221266364148468,1.3341511211779715,14.746514109840552,15.825022550030521,152.98506851069186,4.809971486321496,2.908044939238485,21.802870025253824,0.09385930172881597,1.4280104229067876,0.8341338799175243
0.45743584003731275,34.510299559370544,0.9092163217133056,0.22146846892451588,1449.4002844624824,0.7106754737966439,4.4527193778519685,14.90210430199487,15.647709329861215,43.86138593103943,6.7615934275290925,2.48936528974068,21.107180731753303,0.10455215044673062,4.557271528298699,0.845636967492312
0.8272171095804987,33.42835215603909,0.6537297415965614,0.7716770569373895,1225.7846270146551,7.689755269340347,1.442912007857211,14.810305238852761,15.965983515188098,49.364965236024624,6.459436352593921,2.8135672009281856,0.8412665347933621,0.11238290057892948,1.5552949084361405,0.7817409403833172
0.28861919640542266,23.1263586442954,0.9028571119463252,0.3612391678279628,513.6182626397426,4.48653919389066,4.808700811433499,13.98716572856029,15.77541765118473,163.25454480061134,4.394612789661889,2.6481213604368845,25.038886841288182,0.11717261793719931,4.925873429370698,0.8367023807335715
0.45230078505910243,33.71363256603975,0.4335519517578428,0.5226789810020297,1181.7682096847684,11.770172779186455,1.8045826769853373,14.82631919306677,15.204730536743682,64.52455077009066,6.2946675596864665,2.137053021642037,22.571336684512765,0.10664926128933172,1.911231938274669,0.8038099089722595
0.016146136228394448,23.55610129000193,0.7545311583426376,0.45089038502520506,453.7353917218389,5.971350175919744,4.288825032042258,13.70090374459341,15.12003231470085,138.90663833245992,2.693501426060164,1.9896459694933195,24.59648362707046,0.12391107349168681,4.412736105533945,0.8388828520163969
0.40566046947622003,0.30552669894842577,0.9560432548390908,0.06954835697861945,1378.005983644574,5.554231163583705,2.6326566950949624,14.60708615374251,15.865589231628432,135.97721957872292,6.93289784793686,2.0870426963630013,29.460724749378723,0.07661375494923597,2.7092704500441984,0.893569094787827
0.4526065007502421,52.021876248985016,0.8343664459249164,0.511519485442556,1196.9832356091035,5.44798635996518,3.363699532551457,14.519739656126282,15.651492116386077,132.32854847504393,9.99168980140328,0.6931270399070149,28.265455392892058,0.09870959403912244,3.4624091265905794,0.8822859958099375
0.3882391303799966,41.61540794564486,0.05991715398161934,0.715863368577021,538.6711614211642,1.6305770747320358,3.1155039357099414,14.854770503629073,15.69702891047886,27.70271461594102,5.4216284219552335,1.9551712517609194,24.758828400540736,0.18750857248869263,3.303012508198634,0.7295821964287188
0.1503119202396359,38.45744604213935,0.3349822919843738,0.5407540559772178,1440.7428798271665,7.6167525390914905,3.9253955630118296,14.956919579957981,15.418844699937384,51.274332529135556,1.7079702685114986,1.9257318489653446,4.7280218259301865,0.13361364450674384,4.0590092075185735,0.8063372849932529
0.41839318296934913,47.88987580617005,0.8190562894302557,0.43199619284761503,1111.6264320931284,9.316762644351895,2.312919133438728,14.548856959031202,15.47518209856556,162.9621853576023,2.2762318194991975,1.4942965679308464,4.804806983060261,0.09003609969624518,2.402955233134973,0.8428501265406491
0.3530897870239472,30.198910334305637,0.3364389633372149,0.11890208299846652,1017.1735705463065,6.893167885374613,0.6834234583449985,14.942162006441423,15.973091555024327,195.56157123916353,4.642637340612899,2.7579804694854446,28.50958385630644,0.12686375376950065,0.8102872121144992,0.7371838845808758
0.893077789521044,81.46823495738839,0.5344882917432165,0.6156396322206779,471.09766666712824,12.995733653832911,2.0365160538535716,14.134799535856722,15.747122091567416,115.9180539499759,0.9690300641278533,2.9236707883290314,18.97055489989394,0.10032571043535582,2.1368417642889272,0.7924235071092015
0.8224684890795668,82.80448645131983,0.44308857571542737,0.6264326750763927,729.4122796742206,9.408615638211613,3.1700610195335095,14.670383356944395,15.626092201727198,26.443202880668245,0.12674180149837166,2.9506044032992125,17.49373475555078,0.1062048028444343,3.276265822377944,0.7656315420073039
0.5897912502084479,82.19006666987215,0.9861033974573774,0.3879410494126432,306.89180840000756,5.750619970130663,3.4959463395398416,14.666102608784287,14.809823660571858,8.244276367094969,4.1674837103320765,2.9549601504313103,29.653276227659372,0.09835032619613773,3.594296665735979,0.8764549762484425
0.20621369145005275,35.60155833359115,0.13830603388400164,0.033088095798596395,1247.1014566849865,0.710006047168003,4.248884683272915,14.770219341154782,15.981919837626078,13.3487237194857,0.6485512461515079,2.8715092095673143,5.101039944271038,0.13998907869059746,4.388873761963512,0.7287470443665947
0.5887931442016525,32.91259475488179,0.26522012219936575,0.09591081577040833,426.21154516691496,11.102400116845766,3.692761950064696,14.61376282985529,15.453393773703766,183.35196666663094,5.710366944273933,2.3121078803940294,18.570283335536796,0.10334929208047612,3.796111242145172,0.820121443577744
0.05006697299143226,25.0890984429727,0.044761645051335286,0.4907748166754686,516.1405383644897,11.011532467761068,1.058557251925648,14.787119281273108,15.949876812507615,75.75868102899457,8.283914522559341,2.8277927312620745,17.21672898084056,0.14235143511407608,1.200908687039724,0.6750151889735727
0.9118379214993512,30.105709466315584,0.5824501796891672,0.7855840306191593,890.9336761964672,13.056961005807779,2.976733446584696,14.796297610989031,15.765227356724475,116.99751068903853,8.21786607440965,2.9951262523444573,6.176780973483098,0.10826370972035201,3.084997156305048,0.7627656328164019
0.2537924288470005,23.25091878415816,0.011919362083648077,0.49542719265809226,1340.7406208180123,3.1755740644963097,3.746521436369454,14.934887331990494,15.251872551641284,58.975564918597726,7.882805060636293,2.979584951451416,25.288076041908116,0.18333757915992155,3.9298590155293756,0.6266070146175181
0.824131304314877,55.38350245065205,0.27024227686651736,0.27620986967512107,380.8942479237332,4.378178638997108,2.1249685999278496,14.238401867117375,15.551289911902515,138.85158005127863,5.6375001117150525,2.4651094771148037,1.499512835653399,0.08880053236176953,2.213769132289619,0.8081979071279877
0.4718984082131912,64.81293859831476,0.1626819574824766,0.5183921246484225,259.2130101404756,1.2789804304901367,0.7565804820222963,14.972155653461433,15.779636959870565,41.40037963803208,9.909110497834892,1.9418442772775728,24.169646631399004,0.16206753979028485,0.9186480218125812,0.7714469869755838
0.24520623767661287,32.188678263840444,0.4186913727086896,0.41121090320800696,506.290573713559,4.226625949926492,2.151847865712547,14.474283801804116,15.5555876008877,72.01900308074495,3.060068254491119,2.2830173365433737,3.88109093486519,0.13200346968398935,2.2838513353965366,0.7868652481936921
0.42291017144130894,47.62469242385642,0.9832894180471963,0.5121093581768785,1285.5224400496168,10.131094290024217,4.450326071325972,14.574536533378035,14.88216309626361,160.66482015105973,7.408756929184203,2.453705530223059,7.832953552658306,0.09183770952965632,4.5421637808556286,0.8202451293881311
0.9981478549688606,3.830736168111708,0.9412458510691648,0.45481320701996086,1157.0044672670067,6.94652700640236,2.721870130256346,14.218515157277825,15.20279153083258,157.18730450292628,6.375305387632161,2.542788892970111,2.692102531311183,0.04467988671696124,2.7665500169733073,0.8880143834249248
0.7966115574901851,0.07294112873326242,0.23523105060562954,0.5955527333123202,291.019149426965,10.02537880780388,2.7609008937980146,14.933606156741655,15.906563043257417,67.05302195440039,2.949126241007626,2.4052826559775773,0.8550242366682129,0.10876025472539702,2.8696611485234116,0.7965110321068516
0.8364396439942278,41.84658042259442,0.5870051710808208,0.7848887952501692,1185.3150822765592,3.269130004680044,4.3329498325055,14.604602795956055,14.428247117116541,30.606834274221413,6.815929442927764,2.4485413276465744,29.97584603170358,0.13357449452203823,4.466524327027538,0.8102627673186984
0.5088005491061636,13.934173736743062,0.613548942156238,0.33013581401748127,158.06716460443624,0.18641066361258218,4.920486977521634,14.923587222199341,15.946133024524139,5.887451325757126,3.7626270186871906,2.7254876405215747,1.1737232328886313,0.12274020757700745,5.043227185098641,0.8050173915614471
0.23628208377801552,50.914093615691215,0.41728923782141625,0.09278956073339391,525.6687667916644,13.5842855212107,3.583415416044202,14.613613752574599,15.944202214088925,83.06714692683623,1.7357756557846606,2.2533846381856124,3.470279249929538,0.07088392977590995,3.654299345820112,0.7892573684549493
0.31946235081989083,36.04254208637525,0.757166133706355,0.5853371377462329,1284.098880541878,0.8608805156053818,1.3740351333492797,14.721175923733856,14.674875586440193,182.81802436736066,0.29421096972872135,2.9036164951044654,25.87560410621614,0.15804482249403337,1.5320799558433131,0.7807198278784949
0.7933011900539558,49.18078438372038,0.5998608501067235,0.3457529185954278,893.4185082090162,12.749251405900438,2.8471954163525135,14.64787845473076,15.768116285778017,170.85254346885898,2.4200668207712526,2.559493040569384,27.316101471527865,0.08849636702001029,2.9356917833725236,0.828714856190229
0.9565489764187263,24.676413332776672,0.14166297338966383,0.44576031559407625,703.9337327170914,2.245777811859991,4.522683694805873,14.134366513570995,15.944210144980293,21.618626230857718,1.782758696341653,2.941468618335302,8.775335444735578,0.13954266662710757,4.662226361432981,0.7726194188985414
0.699823401705013,80.56471225509623,0.3394467828340402,0.7533160963022744,845.18872177485,9.192128852885714,2.507881696916797,14.730009162922315,15.034430368755764,104.43477814323357,4.665503695117806,2.7102405803689327,9.24389164520107,0.14975182931200176,2.657633526228799,0.7451642024043375
0.847450468018861,9.139411759906732,0.6598937081028409,0.6907939616609322,793.2391505004614,11.897052770080775,1.2270214899727974,14.463043489643196,15.832343136660901,21.510809524579887,7.981245805365631,2.9320306769574738,15.40335764273236,0.08002913316046249,1.30705062313326,0.7888406905438067
0.5635171287732448,63.357750916558274,0.539410603429826,0.3672529445565593,326.2440731611742,7.02250580174859,2.091657342996097,13.319614285069322,15.881831874311054,33.654499477443814,3.7139435064558386,1.5855496901194583,2.504147722007187,0.0632542242932522,2.154911567289349,0.9013013219755805
0.16889976820938324,4.972513285445391,0.4356163241113804,0.22454839592414136,160.3782125838118,9.92081999286303,1.554663349685973,14.492548527713591,15.956578422398042,25.59175204201611,3.521657078304048,2.971285902280941,11.995306771295205,0.11756261422413317,1.672225963910106,0.7455226961732063
0.5472641071485135,5.8331743855656315,0.39767592049986245,0.23544570865128486,201.8605040198151,13.575819421472483,2.9895082459900277,13.338067171716268,15.418011439956294,121.8764663372683,0.7461066431484344,1.3098049305024524,12.266294353130279,0.0563385737576062,3.045846819747634,0.8570663239865983
0.5979322407470902,63.55004783538263,0.4303505994962611,0.5731220154073945,214.17153289146975,4.690985331293952,0.848079440197937,14.707350387729454,15.999184911268008,190.78069020419463,6.074683571980138,2.1790788466149023,11.361635327554882,0.130626011142886,0.978705451340823,0.8123003933451518
0.13407438493504642,70.35877503240816,0.39227724286414867,0.7663137727080922,1414.3832006281941,12.718851746703558,3.810057433963495,14.739255977174086,14.780315767241174,27.75598786260386,2.2548015232353564,2.6559457366576473,23.991101367964017,0.14813000823743797,3.958187442200933,0.6989141875552318
0.5039575083352364,5.161336970738894,0.8820772285788371,0.14761351850835033,1300.5355401671145,12.884341880890908,0.822400393597351,14.20046816825651,15.890685896365264,144.11518259847605,9.03002606352724,2.3850117755618334,12.031370389249783,0.0756408038001704,0.8980411973975213,0.8705294996770774
0.3104090665311934,62.26773681310759,0.4462652093277034,0.21165969954906239,342.6295274114099,2.328229995048085,2.3744538799707042,14.653072438892202,15.344470370906715,117.77672035496359,2.7687527009753876,2.4374841119176844,27.308091065956496,0.1280041668270855,2.50245804679779,0.7757794961169556
0.8990089495641989,20.914154837428022,0.45647256773167366,0.18116245073888004,212.16165838979575,4.617214479610466,2.017648346774363,13.612272273368106,15.24571068195029,63.796497716624884,5.493740891946268,2.725693867106046,12.176733592896493,0.10177559138585683,2.1194239381602196,0.8420773017888069
0.9285029000281037,34.663594636100335,0.9362959823637983,0.3946645188092176,1480.409183227233,4.378018370539223,4.397327202564609,14.695597681736993,14.674488931332492,104.95661648857728,0.70046286340061,2.61476121775869,4.880534168061125,0.05708823769467416,4.454415440259283,0.8659538778106713
0.9508562475746127,24.30327784363234,0.5814405444414643,0.6633162638419612,1419.3096904416593,12.472472651502274,4.472993777506273,14.932669248447361,15.954970880621214,75.82686190946467,3.0058466107925503,2.88445151187424,21.165272573049123,0.10234185251803947,4.575335630024313,0.7795365043876531
0.6068953612259639,60.97835663174637,0.02524704559671187,0.758768344236519,961.3781914044519,8.50441799777454,3.2108490646759913,14.099324586529141,15.595911373705306,9.98040451246074,9.626556146824136,2.621696785413997,7.616703403803468,0.13828596694654133,3.3491350316225326,0.6928896814810428
0.7885335511615639,32.6418977901584,0.5087089005822583,0.6398929717058462,307.2797166629908,0.924162092180588,0.9057779075684069,14.938180683220429,15.79377392666183,72.17943244252051,7.239411558965987,2.5976540834505015,2.635115745422148,0.11279457320339452,1.0185724807718015,0.7604413314162397
0.9326772169652984,26.85252109679477,0.3337265570434058,0.29058536578436434,758.6268804326901,2.6956640002484726,4.1024935743043045,13.751531910572856,15.658357849042822,187.97298364374916,0.8744395340016333,2.737907409774102,7.474576277808785,0.1149467852362313,4.217440359540536,0.8267826734850635
0.6375295413979116,11.021532220165952,0.1289468007049992,0.3619118401303508,377.9723877975506,1.4322709280745471,3.229709559987425,14.706071776085487,15.953935745781273,62.53441070985002,1.687766527405382,2.9151254274426552,24.948423479895162,0.1565874418857603,3.3862970018731855,0.7291032571170747
0.038329677803625506,55.49970435454337,0.952436864412622,0.47269344657152984,576.8231195077922,10.316843444466254,4.276641445183336,14.958443545214266,15.574928931973627,96.83286893331628,8.364094686246688,2.9602888891272525,17.023976772143374,0.09353954345891179,4.370180988642248,0.8028053591213397
0.2202627490473026,41.53584419404775,0.29411088861736134,0.6269166675707788,1368.590433294845,9.49758155554765,3.772726118726311,14.152706339436461,15.554396902738565,65.47250199205043,4.848587528903866,2.8403447925991894,21.016581000036965,0.13489825186817098,3.907624370594482,0.7464473606971922
0.2372901092463674,64.9243283817957,0.2301399467407963,0.605152644565091,403.4916863912897,1.2110433452183438,3.2854964066749757,14.948571681941726,15.193477466134249,55.889145302348595,7.391094331437693,1.295575748018072,19.367600736599854,0.15627698603498383,3.4417733927099596,0.7926517346218547
0.3268694149953384,56.412030866851204,0.8326357504091234,0.06019696401634596,503.79699362458604,0.5491869117579486,3.175843959509775,14.949219955682764,15.96595987637166,149.78652394489313,8.175683841566874,2.128561110763235,11.527281683238485,0.11092459894380625,3.2867685584535815,0.8937661547814426
0.8195654512633298,8.484069276852415,0.7214595828493898,0.6952422279942253,1366.537499038204,7.136744176951495,2.0035299710662047,14.365132244032495,15.69259665936167,150.84721575603425,9.85326588179786,2.453826672882012,19.93366591182256,0.10815703210771031,2.111687003173915,0.8596441950607677
0.8268352068691448,77.95913695228272,0.2779295727402933,0.36532048435751624,611.3106966958599,12.403858340670263,4.136459573899634,14.404068655310649,15.408661871539985,159.58662292485667,7.295730715076471,2.6450182528404382,25.7138804573284,0.09535514241068958,4.231814716310324,0.7861001987396795
0.6062941752867279,60.50265337995947,0.891808153393553,0.06807192960059823,809.0913255214168,4.520243394889402,1.6584774692107909,14.45758760910695,15.712972738849881,163.03386641567027,1.5484119910159557,2.9034030898700443,29.75001848714732,0.09279029594908324,1.751267765159874,0.8356434772518552
0.014045517689384779,1.2565823237878342,0.8735991287428935,0.2507985156156461,123.9466448047214,9.386400708010742,2.186713743969965,14.72135079655792,15.464765180684786,1.2779438637371907,7.575526159329276,2.7653383250734547,1.0030105430263903,0.1077091031045774,2.2944228470745425,0.7900978740537448
0.7985691502722941,10.656118071413218,0.22447984907481866,0.7225521029767039,595.8247237483291,5.188858969620675,2.268605671910668,14.718654032693406,15.855032888931472,186.68758604198854,2.6944515019858266,2.8740149171996956,15.301938930426704,0.1601108933642909,2.428716565274959,0.7340290985591886
0.5925799839611487,35.50566159994088,0.17225116418259923,0.776535528934013,1052.1218751648528,8.111352375581786,3.2101312352545497,14.638742992724127,15.52918894884168,99.43908693932242,1.0868853322708771,2.021220888806058,13.407923873294374,0.12891534634749374,3.3390465816020436,0.7605452849739845
0.604198848592083,58.41147000340665,0.4380918948824105,0.6187490163074744,1189.9714333091028,6.27579377337637,1.206436826390501,14.045962729212189,15.735516039556842,122.16596792422506,3.5945810028977903,2.363020947983109,25.251472598173436,0.13369934237312076,1.3401361687636217,0.798818423141784
0.04732656892049003,83.40347027829552,0.37556327050966287,0.737447740711334,1236.424660812047,1.4870614657232382,2.0403193026201967,14.687468152687142,15.958373662220978,12.825055257598844,9.240857635516292,2.6502691402327754,17.373530353383227,0.18481364205456588,2.2251329446747627,0.720732004070795
0.9241684053117244,59.36133658834842,0.8122210952270769,0.363600823060954,386.96491198589234,1.4769624523276903,3.8519482164728474,14.863938741870784,15.752023579482499,94.10739582420506,5.52357488215962,2.834218428524406,9.615710432912278,0.09727905408150984,3.949227270554357,0.8440661285797958
0.9731342125644745,82.04873088299784,0.977558616520673,0.47804351485652985,559.413489894956,7.642314804919384,3.433785037546003,13.989008244907776,14.980390784794103,6.2849215607932365,6.725188372520371,2.740560317382533,29.537603341437702,0.08502602631380157,3.5188110638598045,0.8876254948479093
0.07330138711760237,65.15332429804211,0.7684360914067667,0.16303644205476564,842.8573007053312,3.2389679377956324,2.779683190787493,14.651446449307933,15.335461332040841,111.99369510966048,8.974592770311629,2.736188674573202,18.789528127561915,0.11788215360056045,2.8975653443880534,0.8050829846952856
0.2561946189872738,1.942428775480102,0.4044085937008428,0.5569703399980919,1211.7448974187294,10.10674928287833,1.0966886551815955,13.777599353394818,15.84751195658256,183.21327363334314,9.126995437685517,2.9436863865211937,16.718323435803,0.106198935948141,1.2028875911297365,0.7208730516951105
0.4045634141829709,21.020566198601294,0.40392008265779356,0.31126111664620426,1492.8707876940646,8.445610979746512,4.377696041130383,14.200524976887435,15.939869358911432,148.4796643659542,9.659107641243116,2.6749100892886815,14.070919523612199,0.12148994951444346,4.499185990644826,0.8058664827042474
0.8103068343184178,52.39868721285393,0.8398451501761082,0.597991791668182,1155.4738510305112,9.98273213398712,3.255118550342508,13.806614459086596,15.892618185689171,12.19663575110223,4.719226120527981,2.229524155145963,10.120093769975798,0.08696679198974899,3.3420853423322567,0.864221443639211
0.9522177074860195,82.67980267690382,0.425726415295718,0.5681010406881086,588.4081505546961,9.297475456722701,1.2514706128485125,14.983139030514135,15.723863598874187,123.23398356713541,7.422052172182453,2.3445684378390026,3.8768369131555453,0.10181468711481609,1.3532852999633285,0.7906873367169853
0.10064165723863461,17.223627846438823,0.6307034997155518,0.6612342443557662,370.54046307421004,13.419817578870642,2.604876130967436,14.1975310152027,15.626666778773771,148.50283066952318,7.712961778478377,2.2928904428092447,24.66413430504837,0.09662677958085995,2.701502910548296,0.7965699607709222
0.25717899363128083,58.077773909275656,0.7715585977013064,0.22807674826635926,554.1735878139657,1.1386003472646382,3.699898868729504,14.935275197134924,14.919342489399439,128.68761278570474,4.597735677113655,2.705017251730308,22.57346874933143,0.1358791761568759,3.83577804488638,0.8126549797948126
0.014697033034788531,38.30046475780705,0.529184331754584,0.30150680202514785,169.57263258937843,5.6512836085642455,1.3366089153240086,14.29391920571295,15.58616457841726,124.52949037913653,8.159793196922138,2.8268385345120914,18.060330868186952,0.12374740916616575,1.4603563244901743,0.7862132665252715
0.4155000826450176,40.165019437562265,0.1576629881273356,0.18471904630249103,788.110663582058,3.711553545759525,1.597189240762117,14.972865288629691,15.852953265596216,176.2875246616459,2.773292804726997,2.6339677560084036,14.207962447636096,0.14494133658186575,1.7421305773439828,0.7460400317455114
0.2832496953908967,32.68553557617951,0.3424047957639246,0.587714619171173,1297.705895830465,9.889168425521559,2.9585620738774456,14.525841958199532,15.862631207309503,74.26377715661852,2.634900136380547,2.073182438107376,28.529409592329245,0.12810937297133018,3.0866714468487757,0.7737869249743231
0.4874519700863832,47.76538677314268,0.673631774983231,0.06739543785962097,96.87620368929443,1.7977016427051005,2.842485303330921,14.50367204003672,15.751322330598951,75.04588207426961,6.611072260555287,2.9652870239774702,3.9551221280164963,0.1090147121106893,2.9515000154416104,0.8017478828566299
0.6885276716065714,77.44859672212334,0.10929413342766658,0.12269042389249876,931.5037478941323,13.706553017946497,1.8735742362576164,14.978254935853968,15.821808661693883,15.209052883472932,1.9255028023354184,2.5397075596075656,2.4117798779256656,0.09263927859546839,1.9662135148530848,0.813550531306227
0.5350151492785098,70.64145876192423,0.2642513009698484,0.18887232723107986,1373.2012057272402,1.2738032668517563,4.0274808177436725,14.592879779916807,15.704881174939821,143.67120080050069,7.271194905624019,2.8256876682128715,11.265902796301331,0.1391719125316902,4.166652730275363,0.7784110823489894
0.0022471540749492425,71.8667189353303,0.8677619882032699,0.48987031408384696,170.76070322088242,13.81469197384002,4.056203768092619,14.911002708437476,15.9977107420447,6.972754871078051,7.60792859199119,2.2654832086845142,12.226464037299193,0.09733597562551217,4.153539743718131,0.7922220260942031
0.03275017516400214,68.30071329333327,0.10364247982591479,0.5454517332329026,748.5987598452041,12.385035052084094,0.7133616152937147,14.418757817583845,15.93048825882328,197.66229808356812,9.83010937337279,2.842407065021401,7.51595673698773,0.1415966026948305,0.8549582179885451,0.6901420080841014
0.5645245427272092,4.782846642311262,0.5498227172361095,0.46860505316131573,185.54759899604252,10.831516725351042,4.8680183939260715,14.90729314100976,15.660258715189409,197.37162358750595,0.3446721809404466,2.609892831540648,19.443352796755647,0.12097563246173154,4.988994026387803,0.7893024525903919
0.6851829097466928,46.057095111858914,0.588454424019968,0.44579747660631397,1069.5588618476959,2.031333274120069,0.7333335633289727,14.990281022190672,15.69647397486475,131.96328530604399,4.596615460514271,2.991855102989859,23.19554941774441,0.14036261685248136,0.873696180181454,0.7715897645868779
0.23272405294228515,39.91735428970389,0.665434631096503,0.38731902436696136,797.2199954276667,5.990488681875817,4.162803347747202,14.550927449149365,15.970863181292756,198.39116281766698,2.3743796552451393,2.9393279010200595,29.94364793981645,0.1254482787725776,4.28825162651978,0.7542664415555349
0.7658689553192832,61.06128916154785,0.5588730185957779,0.26617407115931585,1253.8360795909746,7.165120398133196,0.625103156211235,14.974747478094713,15.97869711889394,99.49593479741885,2.34631635513006,2.81883278952422,1.549077434757388,0.08120791713748379,0.7063110733487188,0.7936483907544148
0.6278847751952974,0.35091359335421757,0.773435013689487,0.461799688526783,758.05394372908,4.835469698928634,0.8658923733149231,14.930885822539452,15.526009882029951,183.97529083118422,9.931621728699353,1.178575978924464,21.629676459639953,0.10865019336555844,0.9745425666804816,0.9167858967022964
0.47552779683184865,83.90826206157469,0.8923738508629233,0.4775571334272213,938.4069247188427,13.631589458503356,4.233066507201018,14.601509318775188,14.642377953139313,177.87093178317755,9.479801014024506,2.8770416555521554,14.137351959745272,0.06062853973149058,4.293695046932509,0.7991240112154939
0.7990244244584972,41.83105903495469,0.48581703527596776,0.22095277112113695,225.73102069895387,1.5276395559688565,1.446294758074718,14.999536885326217,15.680596061916894,63.251477646711955,6.851001179227462,2.8132132092255815,22.853936910971033,0.12915482499415917,1.5754495830688773,0.8420812956876652
0.5807895174119551,24.578698572335927,0.7316320755362243,0.5849738354304144,927.4487273643854,3.489749199682711,3.1863096558267276,14.961712983058769,15.325854831835217,125.58567828926338,0.9320243183190695,1.959738183112323,6.011651756450676,0.10595876778760235,3.29226842361433,0.8793647888119129
0.942671090453201,18.210387868637536,0.6433848256609331,0.2970598099771074,159.33946572619698,12.794951147495105,4.202165367498559,14.729613986801313,15.664611463239254,142.2726852940883,1.3050802286960284,2.23239229687719,20.143832906940162,0.0703218018033812,4.2724871693019395,0.8541211977120942
0.5977806265489779,71.7230915183255,0.3392437088261476,0.027421954107206405,998.1855530392997,5.971336872462678,1.59381401124407,14.9648784101982,15.785253273862073,78.42550873869878,1.8612337141317816,2.4877503115840227,21.685908695981762,0.1116452821456811,1.705459293389751,0.7773749937803478
0.23849585717114663,55.547994545825716,0.7579328191632705,0.0600502828454621,1313.190173450947,3.877777375186488,1.595755706066546,14.610824513520175,15.24910783407103,83.24339542498883,4.642901710196,2.861268985110643,9.80221668013158,0.09257954893628285,1.6883352550028288,0.8318711562496701
0.06731777668324279,62.63100472057504,0.4407965995333657,0.1477355849744356,427.6453944705638,3.8170803296479923,4.445818922102005,14.922460607816225,15.868036103100572,143.2802745003936,8.100854293365611,2.5100704609943065,6.420710141878495,0.12374588278548965,4.569564804887494,0.7419436867882041
0.08935804025467486,81.53601450558043,0.546140065135673,0.26468089794153465,1202.6239998111296,1.3523330510001192,4.6773511608854905,14.846622610248737,14.547982527312435,37.14624924148471,6.258382686904594,2.770203013606372,10.77890410661997,0.1564845374286083,4.833835698314099,0.770158215103261
0.9975347730714568,57.930280835020326,0.4123353538404123,0.5922492607905169,944.3940240702465,13.03621336051201,2.6897872156357083,14.582732656723046,14.384135950473897,89.64563061118635,3.5553366063175456,2.8484173155756345,6.126475030033468,0.08487452875733482,2.7746617443930433,0.7716032483060997
0.8658806323053453,22.577892726905382,0.17392649405523408,0.20960213367929637,573.2285111701311,1.4249344968497377,1.3547281997072615,13.969742506545044,15.897774872681417,35.21002869720977,1.3674920397460941,2.0403858895325144,18.300204010134006,0.10858705928973053,1.463315258996992,0.7981676706592131
0.9750867408224303,46.87539828067133,0.8185040664350431,0.42581940377148914,1358.0088772595573,10.768308140672627,2.8884155042066775,14.61062605933797,14.75749335155026,35.998078325262185,4.505626350534921,2.9497723906510034,6.911161024295367,0.05476970768730078,2.943185211893978,0.8585511133151282
0.025902623287155757,5.637478158813036,0.9081449689375867,0.01568481117314553,143.250858890082,2.6106201765401633,4.627139573747108,14.821107968915841,15.954206215858443,30.994212833147934,2.494527957141517,1.272412040011672,29.66662261816269,0.1238009563453149,4.750940530092423,0.8759587749266735
0.6628336326255757,70.23486958967177,0.3194212723663321,0.31588770630398044,1322.3056135252868,0.18418963547932266,4.5150232111222985,14.22189794270946,15.947846129519593,124.02989977192532,2.2670448491050985,2.092475696465379,10.420535104173009,0.12754608721693772,4.642569298339236,0.8248824938950102
0.7395251266948468,53.81955257733668,0.975143754752946,0.4570567059788682,378.04144207829626,8.721234212589899,1.204322590282843,14.890397287534684,15.908875835369837,170.45266521008986,5.999386871855087,2.8856990766232236,25.356496168731237,0.08225179213745111,1.286574382420294,0.8558387044653177
0.783591569049001,60.97109540723858,0.3961508569758576,0.3702571205680095,1120.7861917040057,5.770447341223212,3.1728329797367123,14.944584213407753,15.597415406537078,91.28961089889519,7.525592619033297,2.7286207935260194,4.268903249963432,0.1113010185076139,3.284133998244326,0.7993297724757017
0.42740227806145203,50.13671953109686,0.9494965730302278,0.4468375471574845,1390.855881532642,0.814797451928557,0.5421697617538996,14.828983052190038,15.80477928665967,40.463948851986984,8.397047831920018,2.9265223751231444,17.573173715355917,0.13382165049153863,0.6759914122454382,0.8144489048448486
0.1272106739923633,67.2849093872038,0.2900993922172883,0.40126004004917637,906.4034678012652,5.867971643581164,0.5148598012663649,14.42506958496474,15.933284284963186,107.79950871896081,7.2490908420631746,2.5465182970094173,15.855668898909707,0.1310035070079593,0.6458633082743241,0.7463776992578749
0.5009292035559189,81.4090048265032,0.9724305930520842,0.34785429626115677,956.5703854847718,11.905830288970414,4.150087081563401,14.544053903877202,15.798508892030545,17.190754638309084,3.885078820082031,2.922735820431955,6.849751889184291,0.06790588238120145,4.217992963944602,0.8403747402816685
0.6451719941119947,26.3679356096107,0.8542711856081582,0.6391028614972084,57.245400053670224,0.0024654858483050823,3.374976028217071,14.08640515536343,15.928290634080893,179.9475506583161,0.737456837491173,2.9336388952276615,6.780355271580833,0.12096145112486666,3.4959374793419378,0.8387575438721984
0.9528669200961989,76.81443191217998,0.9977502039575769,0.131333200919335,1333.4686298566266,4.731316659134013,4.387216620747869,14.764667038557288,14.629347784299295,184.3647228629927,4.750938232671995,2.443651618956331,22.26475309017368,0.06925630460473585,4.456472925352604,0.9193381027501311
0.7677621437437422,34.073918223668755,0.8237908354700374,0.5205813433480819,1396.8657530072687,8.281887634457563,2.9555054490358152,14.548600389132499,15.707098894599708,75.67252096639741,3.2344653556467975,2.921895062922106,14.941302977954386,0.08590889894918878,3.041414347985004,0.8367055505319163
0.47913698270882676,51.83112595788095,0.29530071370043054,0.7477056303189529,429.78468136184733,7.347464909212053,2.7911699626972606,13.738709484558779,15.764959774574464,185.93589624247454,5.751292050418805,2.6748894185018393,2.4511489626407457,0.11546567916337762,2.906635641860638,0.7937618951583812
0.8326270003791362,74.42638686794405,0.5918614367285274,0.2804169868225409,693.2466335638574,12.100030653210952,3.1508484500148604,14.963675269448476,15.605593761484993,153.61626423073656,0.8613579998285843,2.9624787308450773,10.255550839773685,0.08315541637972389,3.234003866394584,0.8540610766877698
0.6462345280814696,8.514734489604429,0.925149259775091,0.7022598391216235,339.8185688715175,1.4053859637268893,2.984582921123524,14.809007397819395,15.175842476130164,112.40923922866904,1.8976682336982171,2.6807401751177977,11.800621396340285,0.11043237988004131,3.0950153010035657,0.8160251875408947
0.016283347309609564,45.0072200090382,0.27388032235986814,0.5297718646709552,665.1047651831889,4.658164670642348,3.9545229231207797,14.992178391743494,15.992882532048991,182.06392118703008,1.7880808438940123,1.7150559297040098,3.736066250569108,0.13875200258092196,4.093274925701702,0.7808367260492477
0.33347980611898453,56.35679709507276,0.03253776477973491,0.5596148829649565,636.9888606668359,10.779631923496831,4.194453943498253,14.60084649172357,14.018290489114573,93.30169317317343,0.8211942159009538,2.839960018910566,6.704692876271351,0.14478557336926778,4.33923951686752,0.6894273818994858
0.25065781222876493,22.9847700402142,0.2519281719946087,0.46083653696122195,487.40065076805985,9.924261865156083,1.277398949870124,14.910524055278387,15.887069806006465,20.534401446854396,6.4071952275087,2.7424845570342193,28.256763024625123,0.1491811667904598,1.4265801166605838,0.7292130490197017
0.4029834996365381,14.047552108502506,0.6916761647600997,0.6038110746881518,1462.5495749268457,9.939199201556281,3.1950170666355495,14.079883647447238,14.186739174135212,177.74153080146348,1.5023978696189828,2.2211533778558183,0.8652175797685683,0.06989318321649024,3.26491024985204,0.7923639487268305
0.42028778024458846,62.106444666896095,0.4365828054941463,0.5464196177810708,526.6895307762326,2.7821052592980773,1.3791803724276646,14.905556307971011,15.81935849187732,98.91359300426979,9.30932328530151,2.9400602851044444,19.32157693319419,0.16949821499773524,1.5486785874253999,0.7861109419100569
0.10515937093440686,20.06221855732015,0.3562817890995721,0.19986439871031314,1160.0786435925243,4.893031528564958,0.9149054079654687,13.869619549436337,15.623381985789647,103.57464166616981,5.668163224342268,2.9113027089821384,0.9809556747096331,0.11929617499948603,1.0342015829649547,0.7277350208206843
0.33570314097287524,37.80925328445871,0.11619319730929711,0.23523058188924584,1341.9324657881361,11.43995954241777,1.918186141766627,14.771535132630008,15.44784284355975,90.99508482607101,4.396612534486481,2.743008264222097,5.727956977512023,0.11650555199150035,2.0346916937581274,0.8077395359683274
0.36921759666638077,5.816164048604787,0.7858117389344402,0.3250868056702042,394.6616917425968,3.551157870464193,3.6340543067536712,14.633357583630996,14.995588676307147,23.66785571686673,2.0931953648975896,2.6418485526662505,9.57562178607515,0.11019966418906613,3.7442539709427374,0.7856934155840569
0.26816948288049225,36.933245562810185,0.266440405051074,0.7740558799067043,1347.8144475114739,0.3399483384521609,2.7275008863513075,14.795672407107498,15.60697479186371,100.26337190358099,1.3083425236286277,2.6221214612283426,5.389294556981809,0.1624448120790254,2.889945698430333,0.7017315608145546
0.7872507698825385,54.992143084882514,0.6860629403273271,0.6877472059986772,566.3148931572873,0.061397904017571614,0.9081992207541075,14.948309013936884,15.860052913103338,113.26942685353326,3.787498095095856,2.9373327142315953,0.9470845251052276,0.1030505051437732,1.0112497258978808,0.7825550077234162
0.18008792106892202,52.682166637405984,0.534439236030237,0.321740366585191,1086.5489613545742,3.5886195941292782,1.4323948534681836,14.842356598007225,15.590458246217134,83.57677564167328,2.1507225489253967,2.9025228805783447,2.16833087672254,0.14039294270226454,1.5727877961704482,0.7790258956755314
0.6196346955255453,69.79409134677024,0.8450573630355418,0.12292411525815493,1482.9353567204646,13.74164190390526,1.1530411410985182,14.395452017971973,15.76540147890743,24.695410731408064,9.053704882725025,2.9617895141866355,13.410076354456555,0.05056315839352943,1.2036042994920475,0.8606375260292854
0.9460869866516289,37.64664287109841,0.13146586964027307,0.2326341805792459,1088.4284158194566,13.125516590452634,3.3098961911768856,14.937415456113257,15.970416026352924,189.5769636872917,1.9115879260563708,1.9302715979716816,5.80023071901399,0.06633784512428258,3.376234036301168,0.8457120464129477
0.5321551869439952,40.44663898409806,0.23381943296755736,0.7311216239882067,757.9227761309985,3.9613623632323804,1.8653235310472647,14.794541003176565,15.738643387458158,165.7377729190069,8.306249273842946,2.5173720295367343,26.775460251007143,0.1556670144280948,2.0209905454753594,0.7537211192218349
0.879989282234568,38.479789160714134,0.30564429102684276,0.7671504979227388,242.95383132432298,4.962037596717854,2.985893567298915,14.780968812462449,15.526854589429762,178.10567521658416,6.01570148818695,2.367333057578005,13.741311453515063,0.11291750835971065,3.0988110756586256,0.8174780203427973
0.9150902413899361,23.416798442140013,0.9785626405266419,0.5292551319286669,638.3405070646835,8.07088727685184,1.512007879491997,14.974048776505603,15.372170984215524,65.2122715820101,8.938738736034457,2.833289264354912,22.538531459167512,0.07942462534714517,1.5914325048391422,0.822100188076452
0.08590457203554935,6.607630204719735,0.38826501936061464,0.2910733328135739,358.3744685277038,12.881161923847918,4.303591527546362,14.867041704128615,15.9686894891609,75.25065507340223,5.088408632857172,2.5463661112572087,1.8668777747677057,0.10541598505618603,4.409007512602548,0.7760667278474269
0.1302361606716118,34.233871431622916,0.7024390393096144,0.1190207979639264,661.5630993978243,5.008800215680252,1.1377409864098007,14.744864520405313,15.91772841473774,156.1178446075516,9.35413889677593,2.7534301757858217,24.43356781413082,0.11663854634853493,1.2543795327583356,0.7959336065314994
0.5987052233737817,61.41107529780083,0.761785270455493,0.2620512781934915,1480.3958413896626,3.5061205852501294,4.860456479213203,13.656877556754353,15.620472316574887,118.26347950353417,2.7537981135842995,2.945564539943853,4.135273307334099,0.07414739267598579,4.9346038718891885,0.8958643992202698
0.4668124745466966,78.21594574304011,0.938820300906664,0.17095791935989688,649.160377736099,10.820404788246956,0.9761733341363625,14.79543430522029,15.643366980574758,36.06635546926827,3.1656993643105054,2.3592446505138165,23.58051516221432,0.07526821696418864,1.0514415511005513,0.8827583922960742
0.05691880101409552,48.18704737858009,0.7436906601690296,0.6719019373359094,1209.7174197795086,2.2046812820106716,3.9632732951646705,14.82272818249395,15.703813531302755,89.37686129629012,4.261471544409776,2.9666275283984658,17.338962094161598,0.15251178749737945,4.11578508266205,0.7140443623164558
0.062357260322606356,37.17546769354692,0.36324571698754216,0.7929830337528012,400.163830335755,2.4407774958227035,0.7471875445170777,13.474181282026414,15.84767420877327,134.95536888144932,1.0010279191271563,2.809333167751706,25.798196556099164,0.16243468287805987,0.9096222273951375,0.7589808987352752
0.20963396101326182,41.296595325350076,0.06336133389658527,0.2714332519089117,1485.8438313978806,9.541417976089273,2.685954171997145,14.518883528837915,15.83703374048536,32.612741597533876,3.790378718785895,2.7575699870301174,26.052277666570394,0.13299208862710324,2.8189462606242484,0.7400079337395119
0.7102752896114927,1.598988666650758,0.7544734081800815,0.555753196531322,432.6742328122415,12.002339549685637,1.1050878579118035,14.773869575886883,15.183685310770354,11.291501076765154,2.149523800732714,2.697182362323462,23.141975005637715,0.0939141528615137,1.1990020107733173,0.8010061429620812
0.455340179435636,83.28429861175971,0.42223284961791396,0.667757885641604,1004.9621637456016,6.548055220364362,2.6080401945642953,14.901364292275447,15.189793085452793,145.25527558134573,4.596050639644306,2.886997292716042,21.63232472067491,0.16279541897230582,2.770835613536601,0.7389264801700305
0.8061330156887543,33.389333183783606,0.6613115250433181,0.01738314211540928,1367.1986089397703,2.788873654676165,4.496707800562525,13.88156513367555,15.232541517960446,137.2278403999623,8.882466447265845,2.7782164766020054,25.21967553153659,0.09388576556064242,4.590593566123168,0.862679250074048
0.7618489751387657,43.744694339203306,0.3508009004920265,0.35876187731122977,728.874760043883,3.6414753691353154,1.221030315019288,14.92635873110473,15.969000077222837,71.99850201238708,5.837271294998174,2.3993781860491827,11.232848513440485,0.11599797857010949,1.3370282935893976,0.8237318700458917
0.9528097484677966,50.405991201463124,0.7572333120081035,0.6737290472772165,801.7990274073809,9.199942583735833,2.9012916097471524,14.204958039861296,14.338818785726447,101.466353874891,1.095862757845681,2.4094745390961556,16.386533244225603,0.08857644958699923,2.989868059334152,0.8438839436302776
0.351950056718194,40.191946192190095,0.15145115893792405,0.42775194448879045,1248.1329600133286,13.670689767387145,3.941926242514152,13.820595340533195,15.479463926410872,100.41069776103848,7.829591726778572,2.6882574880306214,7.690689620631554,0.10898564520642134,4.050911887720574,0.7402298834987244
0.4047769147664346,83.47372637597478,0.09163862953461965,0.006413587630064033,365.7905633379453,4.714441637021791,4.060271064542778,14.36134615099082,15.081091293857883,188.37807322922922,8.273773026008946,2.810201032823296,7.503590363620857,0.12340715658119301,4.183678221123971,0.743272632233519
0.724885987562134,19.778453958851117,0.78734246556991,0.7809715964583337,615.6771474547963,9.641699030592623,3.713497754469204,14.997359351386825,15.821548940968038,140.76151478386865,9.75285285595871,2.1962289807488506,9.267349988207597,0.09354462852955571,3.8070423829987594,0.866709758278634
0.350966382788396,77.9185683119163,0.4468288077882824,0.6925261318367012,956.455562104102,4.775188067735737,1.5884304404103724,14.842684808106517,15.801853144304234,60.74081932893358,7.815476232508906,2.6613107986742364,19.678620584468465,0.15732779754117893,1.7457582379515513,0.7647835274147537
0.6282140945612884,3.068540924364657,0.38168234311763727,0.5028718729565304,1142.9378180661038,2.0350985663774357,4.459226868083879,14.746383314465435,15.97087192965093,157.18787347677863,6.125627320329394,2.9291368619472964,7.076002718887695,0.1443707573222028,4.603597625406081,0.7696032445636547
0.9503415931070492,60.579936061984526,0.35810508290539333,0.31537205932367574,969.3764817008628,11.962117984698308,0.5641807001809984,14.723584032295765,15.900933036597568,141.9038351658778,0.4222860244571765,2.812174641613193,23.642049175964537,0.07198017062959904,0.6361608708105975,0.7933678762833963
0.056696294713960205,17.081237942192896,0.5507580487602194,0.5828991109467117,637.1779550773383,4.733021911749416,4.769772996227855,14.915941979394649,14.092325236655212,54.53917593947962,9.666977964764325,2.2808918425594067,12.946166254163296,0.15465530288736035,4.924428299115216,0.7648045776604206
0.3400800922703593,19.92674844787297,0.5949814875425168,0.23172989318513731,417.4480513000074,13.747718771738713,0.6115089589569329,14.255265932274911,15.892837652044207,124.775107559501,7.669108436989177,2.9238516010415667,13.578853270782155,0.0882209584909628,0.6997299174478957,0.8228128532185867
0.9840125201597906,21.31422318015305,0.6535549053400724,0.4994892226840657,625.2199532029344,7.127957848271133,3.4272743693978387,14.645373360221555,15.815596995665448,65.32785612851946,8.154822644611786,2.8746378236003336,20.518898524126925,0.0936528510213877,3.5209272204192263,0.8266832477374157
0.8028480223504791,67.54942779319086,0.7519733924161996,0.593182175965996,761.9081759333312,12.997664145789024,2.7154488009412936,14.109448688936528,15.974639171334399,2.001732163936592,8.49176400027473,2.7629891263495923,13.10719221115549,0.08141654878267493,2.7968653497239684,0.8012497795355551
0.6741287142826173,50.4936334964541,0.358058140960267,0.4849087389426422,1458.5143898569854,12.944190761100684,4.806189203655937,14.765279479005837,14.420771580839038,80.60809740191243,6.330123949620303,2.9406214006138374,15.308685020790497,0.12068122814279704,4.926870431798735,0.7628635990937818
0.7099349319248874,21.203986167539046,0.08342707759278611,0.007986468994309881,573.3602400693659,7.717631451494156,0.9435190897039304,14.747564886998783,15.812962860879308,114.18580725396642,0.5999322909912146,2.6351771375442494,25.089496731166133,0.11805393489737849,1.0615730246013089,0.7715538117697451
0.7207650231677628,5.827331288384596,0.34478762668249663,0.0075578521788714605,1303.812290213839,5.8990222766273375,4.703874227330455,14.986202504228237,15.842630759748461,86.39570487842614,0.3346362223605915,1.429733981920314,23.584227379175502,0.0870793883665878,4.790953615697043,0.8621448034035154
0.9140353891329608,41.825839215238275,0.5811723333218486,0.2551010471201779,524.1619891826342,11.788501153083448,3.428307774795534,14.614026777352688,15.374637508894953,36.84243534726477,8.875786262248461,2.1282182868847803,5.680863782739282,0.08331683433133508,3.5116246091268692,0.8384186049719072
0.016036019658881906,39.97088945914332,0.616393078871328,0.5997269055729554,607.0798454724425,12.549295242698113,4.979196351394317,13.851155147516323,15.97761838421,108.19732215336877,7.956005595297927,2.0511423327737175,6.044865912631951,0.1005571125528484,5.079753463947165,0.8409612328343645
0.4362892738532481,48.957209382931396,0.8747322845595602,0.5464491538500947,275.4633170900815,5.289078369120974,2.8499241355060603,14.6420681666418,15.919539464218763,150.99956000886212,5.163092395088557,2.1936603763734603,12.940147397517425,0.08399476163632012,2.93391889714238,0.851032525200994
0.2147516930052168,25.47478842890951,0.8477787675492378,0.7443825909993285,702.0299533603074,2.686420020226776,3.5649344769498703,14.757436914344952,15.929378617528823,113.27951658418208,3.7048501187422875,2.1418995481322693,2.900396634358621,0.11325067126534254,3.678185148215213,0.7893508896802836
0.6037357659789526,66.86509596324025,0.4979515221248173,0.5817988348580612,1077.9934679156213,11.967859092171281,3.1484119751713853,14.677742376531592,15.81477209432397,107.82345147187827,5.278222084525955,1.8325635662653226,7.677654454067866,0.09602474575673864,3.2444367209281237,0.8431724340449384
0.6565717085898233,39.138607330791395,0.048178878239064415,0.66243606497737,1370.1510660036786,0.26637728183036646,4.109035240152546,14.691670822172107,15.834854753872968,50.87265145583058,2.2980115938956245,2.3227219368067407,2.3043513026451277,0.1465889850679703,4.255624225220517,0.7752592992874688
0.8894354550405975,71.04980115184532,0.5292586476125588,0.7861280886043049,382.4144803826331,2.740026328003886,3.775218524794384,14.8318017157097,15.44136220844869,57.06211736815415,6.534189802034142,2.9720877625244317,15.375975285429984,0.13782428923780743,3.913042814032192,0.7782772926934762
0.8169338196174248,6.2378290448088825,0.8755772058526465,0.30813872095076245,1068.1860153293087,12.349817637105865,4.580269202167444,14.909841187654783,15.421454656219536,179.26476553904234,9.079206302849308,2.2140469737217563,28.32699255732789,0.057992603495878176,4.638261805663322,0.9023027860150719
0.19012156305799943,39.07399768152514,0.11342914207163712,0.5544020474756296,537.4300113781744,6.385109537067435,2.2408598988691812,14.997495899642756,15.583248798076596,32.56925897767533,0.48415761567162013,2.058418617032128,24.073123512693105,0.15815378876358063,2.399013687632762,0.7375623777479886
0.24210808072732082,30.56928575794923,0.4775752340328402,0.5029791992809459,1257.3919781069085,3.379898273626946,2.097735703878596,14.070495974178717,15.537206304699206,32.9912721636252,9.644395276901168,2.882226887682596,6.3855103101073,0.13319839349094728,2.230934097369543,0.750403460740515
0.41343762122214245,43.88083526309153,0.7893663598375719,0.018811272089587484,1207.554100264516,0.47191690564025945,4.562709983450697,14.978562203986963,15.546902022723003,175.6199350582512,1.4065538869346899,2.762907891403185,8.850982611177354,0.10865583531460063,4.671365818765297,0.8188022123521824
0.9617415445176878,52.44259284481812,0.5085808326415961,0.3555409088728155,520.2585652302237,11.05908055120904,4.5709965120508755,14.997216984908524,15.841947776824286,46.59521353317576,5.072247740260833,1.9586987405981968,22.04777767294984,0.08251348351579348,4.653509995566669,0.8497774948791152
0.07319309303568844,23.22729816951387,0.9405096039784547,0.4756659582966782,1310.6577056002097,10.76985096149199,4.043241658216916,14.883867154800578,15.939100528888192,18.64539944049526,1.9855153450145882,2.7979374200996703,3.224674084868987,0.09715356242134116,4.140395220638257,0.8475651199076468
0.39975139577075003,22.760923488157633,0.9066871082202318,0.037707629389567024,763.4371839276988,2.5909548222033925,0.8083293255469851,14.639951719607987,15.98988032344458,17.617913767816233,3.3357507929731627,2.771241399379602,22.891642197788432,0.0973543739288619,0.905683699475847,0.8715048508893093
0.881903450958058,80.33273214020325,0.9674373716877848,0.30389704566867515,456.47929652378707,1.0865803276704873,2.9740786136828863,13.873738679950256,15.940520475671565,86.75633105228438,7.21321731572241,0.859143641666089,20.532122007983812,0.07792549008865443,3.052004103771541,0.9458121022289542
0.6363978574799386,11.784819847096404,0.6767283579104599,0.7580096251238616,709.4547761340561,2.3464705457354746,3.823161631683177,14.685440551688517,15.691186963129594,151.78761866520858,9.875957271062317,2.9904435694999525,20.63664350388903,0.1431495149366338,3.966311146619811,0.7849371408467031
0.9377034548080699,59.519817588621585,0.17072062650152742,0.568139035634633,535.3314441598795,10.029382110042153,2.769422815599742,14.92997276853335,15.92486649789923,81.12157221853647,2.267478263366239,1.3550622619611903,13.739971663070174,0.08497687596961562,2.8543996915693577,0.8197312042782644
0.5160725248900976,45.1916399478948,0.06168767223498206,0.4505011859973407,702.3407575266584,10.53339905503951,2.652530611681566,13.115564012452364,15.338512489651547,59.383782848250284,2.158592448895968,2.853567229991179,3.6169188979519316,0.09783170441033626,2.750362316091902,0.7551480518526782
0.9317321068135175,62.82386411789143,0.0003823359257122405,0.6339639272915161,1208.9156795226986,9.58200220907716,3.2410405797822346,14.135919309112559,15.601056789604861,146.84863234957012,8.714466950400645,2.9991543447940616,19.454864194704648,0.11247293508196743,3.353513514864202,0.7309507777096785
0.2027724442042671,17.7230503984488,0.5555123541492288,0.695556665413552,778.5810449163878,0.46726692414873083,3.2004611447927225,13.553622795866515,15.20304311498006,133.9290384755688,7.073556678107698,1.1235625235393911,14.991239658901879,0.10955013125230727,3.3100112760450298,0.8609413202058853
0.03497135002937346,6.938315869191232,0.878314822144959,0.4155035393319967,538.0418913985806,9.982241076892418,1.8699024926805525,14.05108306363513,15.599510617178058,95.75686789157263,7.652875273662245,2.9034360171474223,24.151401348645585,0.11067132529521474,1.9805738179757673,0.8233376470318837
0.7622660918550728,10.57989306587814,0.8947214233155482,0.6104960502464282,909.4727768091035,7.122836436825038,0.9309263020995365,14.115184210621987,15.961128980515545,42.05986485673485,4.633110452456515,2.9898710118904144,13.864664162969145,0.10054614997526508,1.0314724520748015,0.8127249860444171
0.5808793970183292,37.85270680801337,0.4786316057538702,0.09968119286768173,1285.08039244796,2.199032034366412,4.75711194977525,14.769612561515231,15.619304385475722,144.43363886385114,4.616723704151404,2.906994880716019,18.834060930826553,0.14008742499574633,4.897199374770996,0.7908591466247848
0.500901665110363,81.38695374304923,0.9917952898822773,0.6770199701979472,1176.8767813839604,5.951833944770364,4.013314388766106,14.115226248876759,15.907320931262252,89.5560891759549,4.3508850922902935,2.93058146110661,8.01587611705042,0.1065977176352087,4.119912106401315,0.8298400997879763
0.7421321521510283,25.630248348483278,0.6618578786020635,0.381542388407759,450.3960155919348,8.565705450475953,4.490439691513702,13.613295796475208,15.342274168684407,96.5901126213379,9.371962967371843,2.9032178077018975,12.583908675958108,0.08151388507101306,4.571953576584715,0.8215978113787935
0.6181185387418575,50.41281905575198,0.8768529991077894,0.798264929018591,1380.3424212404657,8.726753894676419,2.6928865435719507,14.825379948763432,15.535266233483277,79.83881652423568,0.7313481264709187,2.931111599716366,19.750184324389984,0.1097740386094219,2.8026605821813724,0.8074556418624543
0.4153470245095373,10.151292034162765,0.25606314516654316,0.13233014077947658,979.3842418355324,4.010291847400964,2.7836005410657325,14.636380773790732,15.904289125624075,3.3447349680474874,7.267065616236274,2.5055578342913467,28.670500457845833,0.15013584288095813,2.9337363839466906,0.7723974722879577
0.28233201005844133,38.9359359251213,0.46688317408557745,0.6333830212675443,844.6555432540299,10.198884944190107,3.9927498195170488,14.846503083313218,15.41409522448528,143.52022395458306,5.884276711990706,2.7549762732283423,14.251758625223786,0.126715990623202,4.119465810140251,0.7512258813172021
0.08414353633736427,43.43079554521708,0.4578805716283256,0.23710137055033817,1037.0867568817407,6.272399557102478,3.299833559522447,14.945025969638673,15.909463217957356,107.78690342486162,2.7004028442620442,2.549889218321151,29.731632935945445,0.13791179651888202,3.437745356041329,0.8209333043764486
0.42046081432115856,42.52886494100777,0.689738694866847,0.5239376422171346,1004.2369221821918,12.11762969908238,2.2340009833621197,14.99177286822556,15.359772468312128,57.83011324375644,4.80076750930467,2.536958665128256,11.778370527806656,0.10742703408194333,2.341428017444063,0.7887007460062481
0.4751139112619144,60.63342400064405,0.6700594133030069,0.37668957605914255,1314.0341464322084,2.3877741781524064,1.4678516914480548,14.745343135580992,15.815641588768429,92.63211462784643,8.702066240258718,2.748068500970431,11.249436513478937,0.11384420143353308,1.5816958928815879,0.7898394676123754
0.34747312919341833,22.205046149147254,0.9567661497900373,0.08182063829841627,412.91117950722173,9.414488336087484,2.129315035297846,14.755008278813651,15.797501665210913,156.28208112325473,2.2542215944553794,2.5402069184699805,28.719208100704385,0.07153307011448178,2.200848105412328,0.8731080076672634
0.5675806440736991,17.70965574782194,0.005108398442030926,0.4132589425861266,400.334774263209,4.5346936585472815,4.073242576924354,14.373114720779538,15.94740064010245,60.18326397662917,1.5396183841855717,2.1513707536120674,16.202001073040893,0.13316656875601918,4.206409145680373,0.7450155307136652
0.7354542815747964,34.704327644002376,0.03249416152319473,0.5428651785434241,1453.9477746908406,13.075024688147554,4.260987951494963,14.823540369642362,15.606735759807119,123.34926214116062,4.6390034944742595,2.716610031714961,18.912650271478775,0.11307194701681059,4.374059898511773,0.7428599404719143
0.8141686787729735,77.60454546589465,0.7802188875057077,0.2986616788925006,512.1184364403891,10.716044554035797,3.1151867787717813,14.429989954231743,15.592436657209152,176.66585784504227,6.920200147839199,2.98792569552489,25.98573009609338,0.06318925382640599,3.1783760325981874,0.8527573658185442
0.6670903149544287,50.28178353856978,0.4975022449274117,0.45617958611273174,383.1310540361868,5.9055581940751,2.563354480872645,14.312115695905419,15.620019189805454,62.81867058761901,2.613251814919766,2.1815108131976255,29.277527121341517,0.12630287635127563,2.6896573572239206,0.8162709511189782
0.8460902272380628,73.05034962716182,0.5416978102681544,0.5210165294103296,1433.3005187349181,5.7256177027190365,2.7064470843804385,14.854381064170834,14.865076813277863,196.21978989031862,7.669152679337754,2.9294998128271743,21.600330041521453,0.11926217865406218,2.8257092630345007,0.8171023574634884
0.4436520404672455,22.15501404414229,0.28389207207025535,0.7658312047209058,736.5884388296658,6.063376742026456,3.1899282656658707,14.179104354816074,15.953939727440426,151.01530235981892,2.3915943626790663,2.6825980377457133,15.243223487112797,0.15518430854354537,3.3451125742094163,0.7567752948355847
0.935516485985802,54.81113100606925,0.12048996555916691,0.01866239992604779,1422.1064073693794,11.567802707453483,4.359367624621297,14.755353518454127,15.915119257737526,58.811924434992505,0.9150716567480308,2.9077495160278612,28.837681080464538,0.08926915346251187,4.4486367780838085,0.7681220423766263
0.5723771780849061,0.5810420452050056,0.06110746631117059,0.4164921452580459,95.01863535913763,10.273236955647427,3.2915596411997834,14.535418964633072,15.97252849464417,72.37523569975939,4.140944874270201,2.7057058021295743,28.802218827346188,0.14365746390443487,3.4352171051042184,0.7278990419527437
0.22113487024613254,79.88281148371912,0.24600278917121432,0.28893816914358184,809.3076916361525,7.046286015241167,2.636471631091851,14.296600325602068,15.07498382097862,160.96987290635164,7.873843345635741,2.7839239432341913,28.805750900755847,0.1414735857605987,2.7779452168524497,0.7186018112439173
0.9985120374302366,34.683509691501854,0.1040802063548284,0.1430851272926079,320.62451776183303,13.953061700084314,3.473562558116838,14.462794106383994,15.942494961393962,79.46155943819831,1.7439745430131628,2.8950293222383054,18.882203095915774,0.08238353683370955,3.5559460949505475,0.8008540544956076
0.532947894787474,80.08979332788712,0.5779953306422781,0.3713666553983148,633.7281711494163,9.326390139748323,0.9960653733888947,13.627076321510334,15.866796312204924,21.70466069506326,7.491767010075295,2.9260657239916106,11.546848386827447,0.09267101658083159,1.0887363899697262,0.781468448047839
0.10863528362223085,59.0007076140779,0.16043115227929594,0.3159755947773175,942.6127511615839,7.077105361964543,0.8449335384454372,14.379073909457047,15.451881901322434,16.30433027498072,5.148954051338495,2.872756079380411,9.651183726750068,0.13941727244909732,0.9843508108945345,0.7636076690347573
0.1363516592584837,77.45110136839095,0.18438244172189022,0.5138656242156717,951.090553311659,5.056768315915739,2.317548560454422,14.257559269144485,15.129097087615444,110.20625907359565,5.200343587300719,2.995171391852592,6.079210867000922,0.16548401090368345,2.4830325713581054,0.73391895973988
0.7093502793772262,42.40571708303944,0.6771361484318321,0.2566152418079189,1499.2411275559489,12.44762105422013,1.692852142003497,14.868344795227939,15.959593140410643,94.4075043294079,3.198819676313782,1.6858119021470424,3.489715766094679,0.07631103241303257,1.7691631744165295,0.8962125987703287
0.33461847526241895,61.52332833631448,0.9065804950880033,0.49705876292260753,1114.8464049432246,11.345627187120094,2.01782398386114,13.192326798505626,15.952547675681803,86.58072401490296,0.4127180543558149,2.469445774870557,28.245105958025576,0.0775065373777704,2.0953305212389104,0.8493740978815527
0.3910644121555614,0.14580835421925498,0.022727556049425224,0.15042842230588482,683.3275162427764,3.1348741153637123,4.923086778180887,14.820875725217046,15.93651179437726,100.08819575283862,1.5357509687029576,1.8068771776256463,9.896705352852676,0.1283950778029341,5.0514818559838215,0.8003534677135423
0.7301357261421579,1.9510185687629895,0.04359344726115755,0.22917967674932616,718.1698917366534,5.477232018864508,4.944279795543476,14.927632949234638,15.943935827683864,41.111411060596346,8.503599623745064,1.8006970427980837,25.525216784337392,0.12707919570026224,5.071358991243739,0.7931284507331873
0.9109476883243178,23.028551235441302,0.018457401974182552,0.6180412824803255,1483.794705837761,0.4907313639340771,0.9130435217694726,14.907848680031424,15.343332699131613,114.84433514352897,6.187212925069192,2.972959494461943,22.168705686292725,0.1797947865429456,1.0928383083124182,0.7079922796582498
0.699230711640304,1.5566559549112275,0.5177516468041978,0.39904594480725813,128.59735300118103,11.647003143113226,3.7266103863245057,14.977297489300721,15.89041031307459,29.606931571032945,9.909605928662945,2.965497444414152,1.2352295427793463,0.08829657156818502,3.8149069578926906,0.7533418902054648
0.8162442587265952,82.08187942287128,0.9250531694456919,0.10723677634358753,889.6824443470603,6.569395359307265,0.9263799444829386,14.787103974698212,15.737957589358288,27.274863305439574,0.8138245921519003,2.474143790980464,4.3221510600474335,0.07010349015726611,0.9964834346402047,0.8835419012435773
0.9751763780359989,42.442563840680236,0.016402329093633927,0.4427983000243074,565.7107733700765,2.7583666186671025,4.37321699697379,14.898364625144469,13.596599525961452,194.13672375476256,9.311890582044933,2.1447684547724912,8.872485095586693,0.11880800944663386,4.492025006420424,0.8198412492787043
0.22932987840006858,43.68889902846459,0.5425858049252843,0.7053802129864729,1235.9673788122707,7.291233296731461,1.6388825372591043,14.646648709160045,15.104975079406424,166.2188422732887,8.181138351491109,2.3242252702794404,3.516341724171215,0.12861609695653164,1.7674986342156358,0.7659832981316848
0.5306523431713365,16.71310130702991,0.53159925494827,0.7808208691680711,1475.051164576596,5.481961519377481,1.236275857165542,14.51343434563332,14.055777380174646,61.376502052284714,1.339248191127836,2.9521051660051794,1.6893873209473023,0.12893221286913237,1.3652080700346743,0.7300306982961832
0.6836506229750333,61.20273119058862,0.4879713721179112,0.1309590652777536,1372.8540436650455,9.789371016625665,3.3294396014785583,13.474609603343861,15.096393730791988,112.41447547308822,8.965783133397592,2.3480268758874603,7.486606049514303,0.07577470519611966,3.405214306674678,0.8628387062035597
0.049440792777854625,40.69437514536111,0.4409655707235265,0.05211240029580164,172.58847598440747,13.648655919709975,1.7130369377271815,14.896615696517495,14.957424931674119,55.620658671762676,2.564735485458284,2.7870659941068214,25.481925585313682,0.10788250314979003,1.8209194408769716,0.7882845850941339
0.9628048954246609,39.707066466353325,0.6606034352730502,0.015890368740265528,555.2609648204697,1.3228551309826853,1.3472545755896081,14.665059448006371,15.69548605937008,170.4373417964307,2.588123825640461,2.8675296680616325,6.544505957214407,0.09243748207392354,1.4396920576635317,0.8600164226884203
0.6557025882488713,23.78027725456995,0.9332611269773463,0.4300094969011654,393.1053578581008,11.689138514692116,1.1703688791336564,14.950087491282549,15.424761709956357,10.800488501954279,6.677985943363431,2.508652130113489,1.382996121799393,0.05274121349628552,1.2231100926299419,0.8483566966187035
0.8681103845604085,72.17336845761173,0.042892929891655496,0.398714173705923,1250.4940235182119,8.424992053080748,2.2814416455404416,14.206515432605437,15.25105610092626,77.97009273782217,7.67567660839313,2.257126695139325,19.532327570583888,0.12025143368787973,2.4016930792283215,0.7835604674808754
0.0528213483926514,34.8750924203593,0.5460189663480659,0.24831060823451986,452.2303406500504,0.27026471903480465,1.2435866681453296,14.999333865372664,15.674971887325475,183.81079287695758,9.499238302127726,2.8052447746110465,15.820693187176637,0.17185054598614632,1.415437214131476,0.7974016987144291
0.6536043187893622,11.088500004287205,0.4331825463852734,0.7611389887321458,192.55154688853375,2.331097567018843,1.9247740043594879,14.629803282910306,15.32829234293716,1.5398965695730866,0.8225601697854783,2.596627257089098,25.272812791167084,0.14524883866213947,2.0700228430216274,0.7833873399826976
0.5583133412480027,14.446320330452702,0.1836587262167636,0.5588907042523434,350.79283737730174,11.035380636323596,3.8842859310025273,14.970143224184385,15.88443906549686,63.25172373434989,8.413362559930174,2.9990418737659623,10.224109440555063,0.12369113056425961,4.007977061566787,0.7381294297068747
0.9459628039798847,18.738801454126666,0.6539766278626887,0.6705673491152647,910.0661180059809,0.2701664336013103,4.207722935240361,14.830562539014645,15.485881663903383,125.7479774263771,6.6048305681260775,2.824245417155135,26.805072108093235,0.1452015719830957,4.352924507223457,0.8369249892519838
0.567600634316065,9.349574200583193,0.09834258982895194,0.7663284002416466,1042.5863730784472,12.940855916071405,0.5881042173102157,14.918493741010096,15.929856342895851,115.66592093005497,6.707495483969631,2.1767339072498024,18.26705600867111,0.1269424681911881,0.7150466855014037,0.7452100884599342
0.12355474968920555,22.45090781310508,0.25464379747729815,0.030880676890046477,157.7650499808086,13.604204882950109,1.782267009395043,14.924309567111564,15.37530717374242,81.57212827753423,0.45066270395652064,2.4647394053506333,4.386322037746975,0.08052637758488831,1.8627933869799314,0.8011585061778421
0.5698284768361692,34.65978005810009,0.40367836130806434,0.2636750510926253,1372.6133698020783,12.120313737691166,2.682595068580853,14.975624374737217,15.970469461878059,97.26730119729476,2.082415297174821,2.4386583605433034,1.8974567927802104,0.09168584912340778,2.7742809177042607,0.7542744738488031
0.13312481392978037,27.59783857972443,0.9997272568208055,0.48524360544839373,1403.262881004565,2.4838372368840202,3.7664863136139997,14.86215373624596,15.84698905269763,54.786863294524544,0.26643769726063216,1.8263757127366722,25.15463153270131,0.10570204286904107,3.872188356483041,0.8422511253415633
0.6777244127926523,1.598836056540701,0.962998617986604,0.7391573018448235,271.7151408406405,5.821109713268448,2.7435744178162347,13.318208276504151,15.959775689027897,108.93044950023844,2.236893413647763,2.5861106019967113,22.596152999081852,0.08513582448135515,2.82871024229759,0.881868105301247
0.7677446222319932,61.42153962132983,0.24913475853136302,0.3674775647423523,1021.5261957974085,8.469615841078205,4.45635029437387,14.983450262500968,15.68464130752748,116.16502701864182,5.235265911501645,2.4702700637813435,17.698760006256165,0.12056982468551644,4.576920119059386,0.8250478448366659
0.36111353761714715,8.866595319642787,0.8392841710654467,0.6119828759910079,1497.7550875705244,10.272783667079509,4.0232010102959626,14.225721139784516,14.60059340615647,81.49621682326769,6.769400831684979,2.4648400886825694,29.449772969695633,0.09618482269882943,4.119385832994792,0.8111854163217402
0.3735776782109058,23.763080815766468,0.911120749919039,0.20473048892916365,1097.151135268826,7.309937766071891,4.266191542802437,14.920098671752244,15.856277592970876,134.16235637695516,6.793469291745571,2.803322637312285,1.068623983024434,0.09064228029971683,4.3568338231021535,0.8234004844334726
0.483387376631646,41.69737868696443,0.7014578905643626,0.7612803136114293,1254.9915812169024,9.09129516421194,4.127888913551663,14.930605303564665,14.47943953849501,31.975901085987815,5.651336045473215,1.558322267060845,24.136556891899644,0.09630733785574255,4.224196251407406,0.8603718673039088
0.38888490284305766,44.62971897891376,0.920318557656821,0.06883700272958508,1239.089390436866,13.220863708378676,2.233230453152337,14.588743852030387,15.978995122569462,14.755731989603008,7.209704259612677,2.949207980101275,10.28091966006424,0.06331467693790221,2.296545130090239,0.8682342043033148
0.28401056268817915,69.0703690304964,0.5023314116124904,0.00709610114508008,1445.3729154492355,2.570331823998247,1.974117584991936,14.97166123400877,15.810859286078653,197.33092757111228,3.7728308090759843,2.2864251710591703,19.650209113602493,0.12164090388134524,2.095758488873281,0.8018362746292954
0.49688990468800276,31.851873933104038,0.20423988228548995,0.57506301842816,248.940039970408,3.702846323481987,1.1432724485951782,14.129130489972951,15.32820641067312,191.97846115179377,0.11460666816882567,2.717493686267686,14.419549627765914,0.13046456078245133,1.2737370093776295,0.7567116423191481
0.3066858362563274,0.6226790063304146,0.5881326548346943,0.6363148028004161,1145.598871832842,12.348170099944813,2.4034626907712373,14.924575574723592,15.968978957926023,3.5785436238089714,0.6468068904552485,2.667260798429416,3.1926477387439323,0.09738607924806401,2.500848770019301,0.7680531207154158
0.4298882530275121,70.91204061106464,0.19307484019403132,0.6513842052093213,474.4442982184323,3.964063564105971,2.0582023962453864,14.695448554427134,15.980341264832562,40.82688006429907,9.741141151983584,2.8534187892702816,6.36515526301183,0.15784458224388137,2.216046978489268,0.7058244779442108
0.7806220055209367,33.67010827696426,0.03603546573404437,0.2420594036891376,1364.7414771204437,13.930879045094896,0.9005460370733178,12.811994499052384,15.763189699936753,124.12871264124179,8.416357971257277,2.858985527491836,3.475835989523138,0.07335231651572541,0.9738983535890432,0.7778517394482534
0.3411401159701912,18.750949770447768,0.4322580410333814,0.27590589546181626,222.53975087869128,3.501770175007392,0.7588225546912984,13.596285921836735,15.989790915554432,88.26087257349558,6.955173219936157,2.999074626879546,21.81387933437119,0.1178312411475284,0.8766537958388269,0.7841990011001498
0.761168397249002,55.41073343069983,0.01476352552049287,0.24782928350811365,508.70225379280765,7.23195268064636,2.6513445184428965,14.048909056348094,15.986419255267617,37.820759610108325,1.856241009745175,2.932746638315532,7.8864065768837825,0.12198635532722674,2.7733308737701234,0.7621662237911951
0.5222887379696597,52.938137516608435,0.5007314562560404,0.18848219838198388,483.4577991472828,13.792916265603207,3.4963700599930068,14.853678572174971,15.772122358803884,52.16199520463419,5.389767151676744,1.9955899974537223,27.377461103643597,0.08886899856728758,3.5852390585602945,0.8274994182723787
0.26492905423242397,74.5110149226257,0.8611361480813093,0.7419943599217076,1432.1731097300658,12.250437797093014,2.326658083152749,14.684822330268274,15.978988823982858,116.82110829238128,3.757197991745105,2.8043937791578135,25.602989176226917,0.11420871337510065,2.4408667965278497,0.7986071356369462
0.8504517116591399,38.23502207152531,0.22580431348103103,0.7241057245280158,665.8466122839422,1.700608474040795,3.3170045621966526,14.818901064328728,15.936835511235989,119.97065296209264,1.735524895919723,2.372882334575651,22.019771763228015,0.16029048362432682,3.4772950458209793,0.7671794834597008
0.6089688634194821,46.233886090146314,0.2722662612188089,0.1524583080956096,1176.4742632326706,0.4246706389788286,4.691881557224965,14.870222016224409,15.936917145861717,66.8469441550244,9.271155406223818,2.3841468313883416,5.101664251177913,0.1251565681121438,4.817038125337109,0.7982845968474592
0.6935727666319587,14.22477231877714,0.9975567201058159,0.6616565857123167,874.9597172577758,10.210131329221705,3.264476098149018,14.600275579493923,15.856073937128087,74.06345226176764,8.495845087292613,2.851885367943874,18.74340651332689,0.09823541848631469,3.3627115166353327,0.8692291014366283
0.4539710692029554,1.7390425401028553,0.910575983349877,0.3035501744844317,98.89985491103347,2.9342154146923862,1.5489336264997338,14.998445389955302,15.632955297710478,27.929749024943515,4.5682633329239914,2.9673448686135337,26.60239397456303,0.10457621935988937,1.6535098458596231,0.8145724696126934
0.2747810467634899,51.280005013783644,0.6440586456490723,0.37540927382268985,1476.3070486388033,0.03806071775053099,1.4536868313291536,14.284835267305546,14.555589875581832,160.3757582779132,6.355808967941812,2.6557422872118304,5.104426238206085,0.11458189869822773,1.5682687300273812,0.7694182204586901
0.3780386112069364,68.34036811483357,0.5336703284588862,0.38624157710747115,844.8491396948369,3.9145543533726666,1.8692343673440548,14.52830475740913,15.902341387768452,92.00635618210349,7.7139866551035,2.9281140916088333,25.463640331607476,0.1303808485976055,1.9996152159416603,0.7970275944776534
0.08779709808467406,83.01484434278677,0.7778209306556366,0.16365050794444314,926.9291490274934,0.0036203767854809943,3.5304110964804796,14.11173874748618,15.721464444271291,131.03063719772945,5.864044992072887,2.8152435718304205,14.29282950977538,0.12475250612764023,3.65516360260812,0.8089965535077822
0.842737057779018,67.9482937881319,0.6618034536916293,0.12884546448862838,1299.0338803767352,13.443995016481708,2.552407417819008,14.829692394075575,15.968712065942626,42.78551894845293,4.050111771347309,2.888209888086003,15.546263508225017,0.07535559830772567,2.6277630161267336,0.8138012468597421
0.5956450295145224,35.15775926573873,0.21452418806311124,0.7288779788927963,998.4361219917818,9.169756097578492,4.704072608335956,13.8028687920685,15.756546337239117,170.93158418545272,5.802236883487752,2.851424292672584,2.496823132908043,0.10783988407177962,4.811912492407735,0.726860877881393
0.14208611270381122,60.36989933142546,0.5755718718799204,0.3895882140177494,493.1428600421923,12.27521840488494,3.3861985831687984,14.690763561498072,15.918161081700989,20.767679175802993,1.9625986563304423,2.8178732974466043,8.394233940479012,0.11475557212406771,3.5009541552928662,0.7879052567701247
0.8209673207984286,43.93723003942684,0.748157417842794,0.2479510512840144,1025.7037596486816,5.017838010702947,2.902106407456908,14.846124852934107,15.607166827951055,137.38710019531493,4.188798538631034,2.886969346674922,14.176940278310589,0.10278890986557261,3.0048953173224806,0.8429190949855079
0.3752058751037456,15.585299321448552,0.5370170121993598,0.5420722193234311,815.4380056948407,0.5216888903458459,3.2378645519654645,14.744866327719174,15.738654990976697,176.94336965743577,1.0100640456335674,2.8834889361609752,14.276338540062362,0.1544605874947506,3.392325139460215,0.7680805636095162
0.8806293586686493,24.13392026624313,0.1555591244420822,0.39874223901537537,549.5009359788128,9.774697017493427,1.4468781343605377,13.795924453417285,15.18201781414303,7.449620454116859,9.07572049763924,2.922527825886182,8.291523944478154,0.10038826919816418,1.5472664035587018,0.8056497140973751
0.36094303282211415,61.46335771847852,0.21840361061624802,0.57570474352079,1457.8062967227547,3.0406732842924127,4.451078859878258,14.88504803264904,15.889556382951326,69.5962082733754,5.442113988701504,2.23682837168105,10.409246801414989,0.16217629968480815,4.613255159563066,0.7506637697446933
0.9253941462299724,10.101821030782002,0.11754187470410382,0.33055278681207617,1269.2800424587283,10.91098736168211,2.7923274361404524,14.882603267121892,15.066818258994674,58.89087335915322,3.831029260435346,2.493800453081115,14.319744297476179,0.11464152228741772,2.90696895842787,0.7382810425224163
0.23594658017365766,50.45172746093032,0.15758783680207533,0.3918683714985277,1326.208038435926,13.61452016239111,4.717006502758151,14.879581439196839,15.636437814073982,71.56137134931703,3.6353682513749224,2.642101849249851,14.564042464062739,0.12957363061417193,4.846580133372323,0.73592263053172
0.0005766594430208771,42.34131820774073,0.8569318102164533,0.6615784275297316,381.4666373820946,0.14605694055124063,1.5455796176383685,14.690385214716965,15.002518178009016,91.35981033949817,6.127953162808707,2.7771742270156317,21.99414050618719,0.1519076907972512,1.6974873084356197,0.7529810741427332
0.5225962280676564,12.861476954919574,0.14162610256926778,0.15401108276313658,127.38010720605696,0.7748758505625406,3.8403266758183756,14.813556338576051,14.796188040817366,89.65427369230194,0.6595561516880541,2.5310260376930485,2.132913084322504,0.14194508368104514,3.9822717594994206,0.7486970178325821
0.8339414742709251,9.387920846538357,0.46788398691270505,0.1601759240211755,282.7476122215802,7.089489721063467,0.6802315971519364,14.863083162654624,15.274742941933994,71.54521021721887,8.60845907143549,2.971358533305746,12.556645111544265,0.09592730280931158,0.776158899961248,0.7929321941811063
0.21510292547550824,3.268310085287102,0.33336771075203664,0.2310320245981119,856.0607847259867,10.893604612524797,0.8148362313835753,13.27291691175668,15.566156124663499,71.35056606869574,6.243500108009538,2.987835893015658,17.695466787375583,0.1025226892782901,0.9173589206618654,0.7984137813163038
0.375508822732048,27.166562339729648,0.754988424788983,0.18553360511615857,977.3624877737376,7.079046044977526,3.451948431758951,14.239575534330234,15.52779235060809,85.20718245509426,2.2986018139652025,2.9731804850621923,2.327067784610015,0.08144668307824984,3.5333951148372007,0.8249915020930434
0.12277441743636253,78.85322007804685,0.0029639191226509265,0.666788949939306,182.77339396360756,6.03529231248739,4.224372406827113,14.897024167741614,14.604620826380941,128.97715333209345,7.660449187969253,2.900735489450003,17.358254195941264,0.19987524751474312,4.4242476543418565,0.6735713178525458
0.10973689253222718,8.7735564761951,0.2986558172082038,0.4053836205014218,687.2739739604333,1.4990822319484378,1.6766004525048774,14.870455117660967,15.65504561208918,132.94798935460562,1.549859723426855,2.7822685730818466,20.44461753952156,0.1679919701577027,1.84459242266258,0.7231498162338527
0.2244297966799459,51.039228178391674,0.19171578260500766,0.397357214096119,1362.4554935433596,4.981956597270202,3.6874438967802035,14.888087488587981,15.304376301347405,158.14131785088793,7.931198212284595,1.4399331595456126,22.503340420253206,0.15820289588835418,3.845646792668558,0.7572363413265256
0.007981664926050458,5.464430313245284,0.05920340276615865,0.19397480764525732,227.06746300474882,3.2474389087657745,4.242863761942833,13.77288643317134,15.934795775743314,70.00912738685446,2.0452479276179805,2.8774869267278356,7.6711994526547365,0.17371714615683503,4.416580908099668,0.7332468987598312
0.046048656989781445,61.43718992506843,0.5575790224987152,0.16573665026852985,81.45670355390195,5.737318789932271,3.918413471360891,14.633481498906313,15.556174760947416,126.62025634145543,9.651011100701805,2.6705992522760695,27.323478766382667,0.13345999318251808,4.051873464543409,0.8048426665339025
0.6170688532402122,64.45835003515668,0.8870288189439538,0.6021388983909279,490.7700783556919,12.995000312226653,4.1159985860732125,14.225840908633145,15.702593870018635,56.389563386973755,6.633437765035305,2.182495523212069,27.080428103699653,0.08168797537428953,4.197686561447502,0.8722027811890456
0.6203432744066556,60.25282655310251,0.9244782271428199,0.14879168672002782,569.5119428095979,4.6746866561094835,3.2215205377832823,14.069309667480544,15.589868145417805,157.2820295834342,9.600230675197054,2.7491940919602627,12.200813522954705,0.09900035121428198,3.320520888997564,0.921739944749155
0.7589190082615759,0.1443827401172797,0.14247067375039435,0.31763141815114687,937.9585665230743,11.790075768327153,1.854612820494832,14.665838692467956,15.674616110130572,148.72100048933947,5.759351653801375,1.3194017281329031,11.446310017981418,0.08143488009694837,1.9360477005917804,0.8091852903761753
0.133801456242986,43.68928711143578,0.252719575584317,0.11177626231741895,203.59098898754726,11.33793391803943,1.2797066133645525,14.599454816233607,15.724075338594396,63.60193200766087,5.371739534491671,2.7198153559187026,1.842009068891035,0.09903607026974237,1.3787426836342949,0.7147015823152099
0.8099053335689337,36.804185753634464,0.6766083953179642,0.341011910103646,520.6240138774926,3.787754026827672,2.8633954220536864,14.761798800538818,15.99599577667555,192.4234575409013,2.6665072772583134,2.979728667867527,22.991450278510673,0.10931463788394445,2.9727100599376306,0.8071405060396108
0.19586862478954936,33.77977121638459,0.4197101409099504,0.3606922171729619,291.31328526425074,0.32821621983540705,2.7558614420942114,14.93346692322248,15.681234620152889,166.8264062763407,1.5442293771963087,1.9462083595950608,4.579085485075034,0.1405223028599586,2.89638374495417,0.7524794389535987
0.6894622145580742,70.3817612034778,0.05580535306916046,0.7942218029214441,1384.9905787624032,5.608132626600099,2.804500333942727,14.905350088756249,15.739290296305661,91.28977786375509,2.456246203653471,2.645309348909582,21.622849921550966,0.16520081232094605,2.969701146263673,0.7420402151246824
0.9726623303866143,7.620443040926538,0.3306111889105249,0.10047701927716189,98.25048907507482,4.048894493140661,3.7657205715341955,13.980099650175935,15.063284580917491,171.02278783884518,1.6459820597720387,2.9638270757260075,15.650409788903039,0.11786595186841582,3.8835865234026112,0.7954779743777947
0.784048337703341,13.093056242020944,0.07943715642988591,0.3065757465733017,232.0889678331893,1.8465397077854289,2.0948334695463346,14.973802730931471,15.818256657394453,74.23383458202059,0.13007160849493585,2.227941532971321,25.123394769640665,0.13737149674430996,2.2322049662906447,0.7774870763089258
0.434871704693496,81.71828700136638,0.908115817804406,0.14079199572600568,747.1464503712785,11.630312414506315,4.185154066705003,14.836937334807567,14.655595665713419,83.81294631236598,7.131248360196417,2.8533822991537683,17.3255675226628,0.06916152410094153,4.254315590805945,0.8737391770456672
0.39575525999960737,75.79539306026018,0.8287083689712551,0.2777770182180217,1397.7752516901653,5.1791210818075015,0.7884650782898549,14.982417780280525,15.89660295199246,5.704411895865842,5.633343272317901,2.8626232455350187,2.3453063989833702,0.07857739885280472,0.8670424771426596,0.8414617303369867
0.661736346395428,77.99646637421873,0.48505784009984054,0.08520217933095085,428.30602848178756,11.588265758825353,3.906888861597992,14.671635343666182,15.92520527064303,72.75983978583452,6.069928130719437,2.662215532707583,17.96933930710203,0.07976089335685868,3.9866497549548505,0.8162612732596964
0.5062301753157906,81.71286932874612,0.11012583312676427,0.7259969243296513,354.86085105837617,1.0216574658231765,0.5983209389196003,14.271740265165139,15.771791834712468,197.27140976513118,1.1423892200941783,2.5114596831566187,1.6263778330256984,0.15330139391243136,0.7516223328320316,0.7734602009071468
0.8428817608028517,24.40493988775649,0.13100570078668028,0.1683347375434976,1065.5846545303534,0.7576670413172593,3.9735259759281694,14.950149192828945,15.95305811483227,82.77729495391657,2.211389977219885,2.7098477977065203,15.298606636905111,0.13516152814784851,4.108687504076018,0.7680097279769758
0.8913637937108384,35.66638869468313,0.17598705418409288,0.6023565519550472,902.5589130380228,2.294554237292699,2.9768544473948033,12.403175678902686,15.770527989707626,18.315631462666207,4.582880693914727,1.8859170160099563,7.1832595536161135,0.10462113193002286,3.081475579324826,0.8409972952623599
0.5528600559937166,15.89831069446383,0.737722911964295,0.5863445390828113,543.4541230813124,5.692441592646407,1.583306622432616,14.970798707130701,15.486227177776861,143.0861538159353,1.0705486167629994,2.995836421876278,17.18764778249413,0.12993069993666714,1.7132373223692832,0.8082392848928188
0.8668909781014764,1.3866828405794314,0.12368743833677043,0.6219980901755076,424.4560563960269,12.249603652481408,1.2473535442332448,14.058791004915205,15.819750143873982,197.0765739843057,1.531369741825624,2.884680331849316,15.133545181782834,0.10027793193703273,1.3476314761702777,0.748497203994804
0.16502515944932106,42.61944315377657,0.15869328278626682,0.22650480714501076,1248.781598748275,6.182852901370647,3.5571114984774863,14.863184273098579,15.288044957770461,67.65230173723415,2.9208178264644014,2.8277053762663638,11.54552034057419,0.14614660829175138,3.703258106769238,0.7289392253239911
0.15696803263314685,12.84428974658383,0.6837770878680546,0.13335250137091403,1255.3314750320756,7.293153977246401,2.4611212436861485,13.66986686135429,15.857803359730738,186.3134627014008,5.717971125920635,2.834184271730168,24.093712312593652,0.10778511671402269,2.568906360400171,0.856313715321216
0.015546389582617448,19.187634064066415,0.28728079483095725,0.5821177641163917,522.0744543219618,7.953920907392478,0.6795927141129834,14.585232185816317,15.87983372073493,191.3928967618304,6.988263875167938,2.843974138269889,2.4537879261454485,0.13763826443610577,0.8172309785490892,0.7557630420389445
0.40066844803318946,17.94995331558686,0.7878107221832417,0.041495174836618354,1159.2850409075759,9.5126432536698,0.5544282198190182,13.911970576102478,15.314817886358377,113.6863959641203,3.408922085753458,1.2339497945105666,15.9883422655911,0.06504445273321996,0.6194726725522381,0.8579674542059486
0.382105773957381,41.459035882941414,0.49016505933108334,0.6581402285095468,859.4316602928781,12.860508018850314,0.5739410073497899,14.688922953379393,15.944076257454189,19.726162659069193,2.7274375159699438,2.386167338141601,13.653355294449414,0.11628730754581745,0.6902283148956074,0.8156062724124186
0.5985775044996008,14.772469261153717,0.10525894635929234,0.24974707819121697,1344.8355419115178,2.041567526707866,2.3143208093989833,14.103502868832793,15.831309972838602,138.61540410354348,5.435726704251916,2.4047400021933742,27.64634343643069,0.14703233166151472,2.461353141060498,0.7807711929676485
0.38209998164354075,83.90467686250636,0.793563874577182,0.3304412075559772,1398.4107722439903,13.006444004971085,2.0972483869482232,14.555017858585444,15.15557669813624,53.18581924120693,9.098747587721192,2.7967031426464413,18.15039011772908,0.09319765112498928,2.1904460380732127,0.7941837294019662
0.8320614120403904,36.3560798834346,0.4446777293543275,0.4304313060693293,811.2126630025127,11.213588574602515,1.3119553932599133,14.820533887051617,15.835202733418134,196.61494304802332,5.022048696750009,2.910617652995185,21.95523791541445,0.10464043339949045,1.4165958266594036,0.7734044589764378
0.15975581921941984,65.99735727936537,0.34552420104347614,0.7553276836975118,618.7879007910852,12.319057251228584,4.610780517712172,14.99278307083499,15.325681158599048,122.16136876760707,4.119537123647569,2.155726285563805,28.451588399864256,0.1275775723536461,4.738358090065818,0.7515412677722546
0.949086717617195,82.4306382152535,0.3042588174451286,0.4068997671269694,82.17806127444415,4.079841683246735,4.936071631090121,14.427072475905135,15.044139635130398,191.8152379285774,7.61668042176728,2.7963386867358015,14.093067383223373,0.13029217998604167,5.066363811076163,0.7871845027890689
0.35272459211217544,10.751205993986881,0.22738412257721352,0.604026515408341,595.2910498154481,1.6347141591357863,2.5213525532392196,14.030210550518653,15.307964858008821,128.91347030944644,0.264931918502805,2.3103874323404474,12.573169750549381,0.14370128157519568,2.6650538348144153,0.7514671103421182
0.22151840466944672,72.06305360246819,0.10506686130605736,0.6117345857260232,398.5115709901215,4.5129183573483775,0.5669930009463386,14.295011444796602,15.965546939749531,47.02550845342049,3.6675173022263263,2.812141246845414,18.796783683817335,0.16542149171908352,0.7324144926654221,0.6927548178194571
0.8171036277012549,78.97811996055583,0.8186857039381529,0.4522175248420599,272.65894671297036,12.38072135042453,1.5107007357457558,14.586662827746718,15.853352763114849,158.79085510769335,2.8431129429669486,2.7465095923083744,9.068340031717735,0.08385883294918893,1.5945595686949448,0.8627401071157684
0.4677883452468863,70.57519422669473,0.3372631426644861,0.5239219396999591,1171.208435109706,3.609887051497469,0.6516509542286144,14.1302152140014,14.895487640672098,36.717915500752746,5.546398452478806,2.7245481391322275,3.5968616269921787,0.12617875560226954,0.777829709830884,0.7612246002417661
0.7278264587967685,3.5938117346699197,0.2451292874912393,0.3671365943135263,985.003392935998,1.1125392845409017,4.23502627619141,14.269266798927845,15.760644073576062,70.7401025542209,0.8708432521920394,1.7199148943825162,29.763074659037056,0.12123299856294281,4.356259274754352,0.8455821452860772
0.39340172950880037,47.14019771491686,0.21412870291044972,0.30708574609262274,1365.3388197331128,2.6340395532700547,1.0772638886594217,14.42061842591564,15.453353288952114,64.42527328671784,4.15383204420222,2.016272869253362,16.610702629941816,0.13676797387351897,1.2140318625329407,0.7651138359816143
0.7502464050042889,77.50267496790099,0.04164100513196245,0.39382425575065066,647.8654088376085,13.230581762399781,1.0903291134897868,14.634793110711831,15.41525241316277,134.27140369683306,3.4961646452895168,2.9599808430625663,19.37796676797276,0.1065928472854351,1.196921960775222,0.7691183993097093
0.3957322253930736,74.06049838378075,0.2803402709300934,0.36630387767966166,444.6769918272863,5.435449643028391,4.499982075387409,13.998597324957316,15.806602375016727,110.77198860522246,5.923717727722212,2.357256538660524,2.32991066171081,0.11417524669927477,4.614157322086684,0.7612882800470795
0.6318459196647704,61.650464002527784,0.7063335119677507,0.34186675754383355,269.99891380991016,7.078428054157209,1.033182851977278,14.261833757542265,15.52984770455155,146.8734917856137,4.966219513306561,2.4306743473134196,7.20994115017977,0.08186750473215212,1.1150503567094303,0.8884665957627342
0.4829828742813298,69.20397649842126,0.015246278383525769,0.5272218254610682,234.60997210759228,13.679528232553785,4.082278531077104,13.587076491769011,15.898715264574472,66.8548150549517,4.51129810080083,2.98554572237558,17.79894984896735,0.11191827138305971,4.194196802460163,0.7032274293008718
0.3833905515635426,21.10827197336473,0.6504463343488233,0.42144175287112057,1105.0842543564574,11.0870460725452,4.851600794263019,14.977313375157832,15.983577370402719,99.10955012873566,4.74838011433202,1.9013706829292853,13.719890709467565,0.10957014807800719,4.961170942341027,0.8228907197504931
0.8995301305855129,43.3198337890005,0.3749713826108556,0.013240408526935355,443.715267176991,8.976587969689954,2.0638193873145103,14.915858225495388,15.88440920622212,11.842924897417689,9.5259611383151,2.8925082424805324,5.2901858117722815,0.08980426207082319,2.1536236493853336,0.8073815241066173
0.8863189479143008,1.9731823904843155,0.14595837202300488,0.3945785656223862,832.0251187712236,0.38533454286665525,3.0485003473540155,14.953353346029925,15.966194578161788,106.64076612812482,3.756020683818708,2.5600969924044072,25.062567323374818,0.15295540861695875,3.2014557559709744,0.7569772050402868
0.9234399841587329,39.11629854523577,0.12314215262642636,0.45744206494812767,920.4440629250936,3.9020941698305927,2.1685240740038734,14.741530886170437,15.83897719301559,189.28706089186133,7.396358089081636,2.965228544213445,5.079156572665257,0.14017993828072428,2.308704012284598,0.7684736302439007
0.5222800059906708,2.133125622437292,0.1474632495848287,0.55368452702727,1124.7229931305799,5.051247651150283,4.0979104103553645,14.611426499192492,15.470929561354355,80.32140235453998,1.3422986825810876,1.5863713882640202,17.53456037026574,0.1230364689664509,4.220946879321815,0.8120038733321472
0.7295686078464358,53.3860819861335,0.5642406301392983,0.6831188715954212,1018.6675265130574,10.672126388480105,1.585911547041748,14.632923904198728,15.948574969724023,19.53770687663316,9.608362590798013,2.506306497103838,10.089318107398814,0.10624287884082191,1.6921544258825698,0.8056796037783919
0.4113778812670532,77.93071988436502,0.6852931542083012,0.011112860877405241,1305.8529589410045,0.21874079832509663,1.7332803877683323,14.535748384903156,15.79592117134541,94.72879717890923,1.7804664770576426,2.270156931356848,5.824020438550973,0.10899308105030941,1.8422734688186417,0.8380808690223182
0.15865158959569026,46.02252394475506,0.6663744469597163,0.7971054364450585,437.0041293779482,6.432500358682698,3.591682338738757,14.264657300745652,15.875855669994424,108.17534400873832,8.837398258670943,2.916706967921217,7.6611219596661195,0.14681996136726055,3.738502300106018,0.7869523949047431
0.35637873668559406,55.191600884489795,0.9857193739513875,0.11511676061012732,559.8363347865436,8.927519535967,2.136955854467559,14.28536445802764,15.849077592557846,114.05549773120626,7.09435684182172,2.6867213875518727,12.063711030069319,0.07774973726661609,2.214705591734175,0.8639736102073202
0.34263276371047924,6.773282605888429,0.12975473196509646,0.25577588336871016,706.9560611548324,7.282071231171682,1.2241472242978622,14.909650328821263,15.675078211922516,126.68980297124537,3.972903644248967,2.6752956710913733,13.12756802804798,0.14805962066226144,1.3722068449601237,0.7767880628727333
0.6000380314334438,63.374775570106195,0.0603908680714359,0.22224182304603418,731.1638827486263,10.048349562225066,3.788076209477614,14.657420330982472,15.68673474336342,111.66663644943878,3.3914696126113295,2.7988538556220153,1.4895242590066848,0.10961864085866847,3.8976948503362827,0.7482450106653863
0.8757837769683661,77.09823511375865,0.6586363734166978,0.0848396542060054,293.21813385077945,1.3523872977239366,1.0608589996132378,14.680024753288244,15.735763965885472,164.01451775256118,1.7485332592189335,2.913525843042179,9.747831086416229,0.10445573237629983,1.1653147319895376,0.854877770281991
0.978312226727748,29.18754834290713,0.32634577639866946,0.3511569592962087,932.0835979454326,9.30430900740798,4.247957039255331,14.63664237346009,15.683576180799202,94.17496214978716,9.56777783993183,2.732890740085388,1.1414851598351246,0.08254463205733985,4.330501671312671,0.8158272793658141
0.21326095831051495,17.53768488864017,0.27768988936387307,0.22965198441133625,104.78698444549,8.77101744847992,1.2068101731806304,14.697951721668698,15.902151931054782,63.60124196795149,5.4881625821366145,2.3577318344852207,24.103428076263572,0.12779839982266503,1.3346085730032955,0.7979163915906725
0.709543957920403,61.862969882986285,0.7904467550005132,0.3143617298163601,118.13911698918865,13.827501101564781,2.4362819093228674,14.813448759354324,14.849017031530874,114.44788311119791,7.551381159257058,1.3972928671582434,1.8162833894471946,0.048079002207207025,2.484360911530074,0.8836352017531884
0.15622928380552803,56.949428571297744,0.050926911066130565,0.1807006498236599,1400.199947569071,2.902913235545081,3.671223679788051,14.920183065864217,15.836869570863323,76.08379638779317,2.885046385441158,2.9489055855771515,13.368285171105363,0.1858511147511697,3.857074794539221,0.7032798280787195
0.19418488403226974,48.9717387719386,0.10878932417783149,0.11621906135745404,573.6731916861409,2.2891443515389054,4.617510657108489,14.933018013874078,15.974885342208498,162.9659390342825,5.359355539547934,2.7694752590452962,17.637316804980355,0.17226634030428228,4.789776997412771,0.7382211496863849
0.9605107424200784,50.26186251356139,0.9202622080543605,0.785521699109577,459.8774303264578,10.191986734305544,4.225141594581213,14.879261258158866,15.829580782335276,71.2985831078996,8.577711950189054,2.81460896655536,10.369941056104953,0.09934461220275409,4.324486206783967,0.8469111159870226
0.05670477549446795,39.22659625296374,0.20747871331575807,0.41921005449000737,1207.824244529463,9.181522123763944,0.6905857624043422,13.817542739773199,15.981851003495025,124.02934651705446,0.849094898352575,2.6308558778266797,18.025135347887506,0.13532800695329295,0.8259137693576352,0.7403469580742287
0.14698841368052962,81.15908284398678,0.980679563440039,0.13637326778296704,1294.0371652917004,0.5791218500542752,3.347598883696384,14.93743069751207,15.607738534931581,192.969584144382,8.889119110851611,2.516540260203467,3.5752059421351996,0.08757278415730069,3.4351716678536848,0.8635320790588797
0.6437419218870859,57.176778213851655,0.4263596306948786,0.5367215439242669,571.7646013616547,8.776427771023272,3.8427538838742703,14.455911670839061,15.697822048410172,161.80210001565996,4.340572925067669,1.7257945521851503,29.217965938691666,0.10954298430540346,3.952296868179674,0.8587258743770265
0.1022860796262769,82.7870199300094,0.13725687480412452,0.3402506299437332,1282.290021875601,6.987147814719808,3.033189385841122,14.816222863055543,15.68187257331395,70.79400401497664,9.43645549162259,2.9240949036934767,27.796626040942723,0.17142388031381045,3.2046132661549325,0.6927379075326217
0.8796491454935633,11.824757578066517,0.04348977338822679,0.049789073136043,95.60962308715014,2.6360614105160822,3.2827957562525363,14.035471536767695,15.113086299038168,136.4836090493417,7.85121682098475,2.8210339918518423,27.153698503514946,0.13574735513528344,3.4185431113878195,0.8055875024745469
0.614953320320618,5.0465426067869945,0.3456103890353597,0.6782846737083208,224.20620670871716,1.3196793346915112,0.7175280488521749,13.610536779162054,15.872062556815237,168.54728133343198,8.394298481497593,2.8020124235904644,10.931607127935983,0.14480438526994663,0.8623324341221216,0.7910220018830211
0.5165552826717015,0.8551084171084953,0.8448163182845835,0.20819328074434296,827.0471245383814,11.355233868463378,2.8036510333684754,14.864482142122684,15.87751565187862,65.86554509270533,1.420264981995843,2.9938626755824744,5.634251221538388,0.0669432424795457,2.870594275848021,0.8368655147094356
0.4137037132045954,11.56625465361465,0.5141839376662842,0.16060200692245807,169.70822738999206,8.434215774394195,2.793657041920212,14.974690107736782,15.587417653338134,60.782358888761514,3.4595784216109244,1.5729341522287927,14.91515878483925,0.09531488895715266,2.8889719308773643,0.8529954099303763
0.6302668799659208,70.81831867353831,0.4152728761652612,0.5582766908228114,908.1116297844698,8.78479848758937,2.5797950299932575,14.818052327788854,15.961888795225953,162.71194378083112,6.780268888945934,2.676553478803957,0.808658573627417,0.08472959941134525,2.6645246294046028,0.748793303141958
0.6372735919590028,52.32537398259922,0.5152797696320999,0.45552882508806025,1351.909243601458,4.459280820817689,2.715653506233834,14.07921382295113,15.904838975028575,5.677656132269705,7.097644553231525,2.950348434608779,23.4532011286881,0.13866453523361705,2.854318041467451,0.7945605569971219
0.5084549060321013,26.539256368361418,0.757122000796785,0.5996154114035569,1091.5914147921546,3.3187937459009316,2.006943196332511,14.078351434382224,15.374937109366565,101.12389206483209,2.1503429010414714,2.8111094415199593,4.520216999921561,0.11611524943262877,2.12305844576514,0.806934289538506
0.9155770247320856,8.876350759359068,0.004378829182557165,0.7287151701398726,487.071988367839,8.319389521016387,4.283465608685009,14.860256968520433,15.853339637893082,136.18512608571737,5.13747599531104,1.6934642584717,25.416714066937196,0.130780182566701,4.41424579125171,0.8447571687306252
0.31163948595956914,81.10787360314254,0.7536584084198786,0.002484308263967972,496.22150980692504,11.779351807179975,1.8429278893950785,14.84914411420505,15.520402091622085,120.98006313715508,7.0450834438669645,2.6162875328359605,26.830292540291104,0.08639462973957739,1.929322519134656,0.8721204098644897
0.4907826825841022,81.05382068048264,0.35941008659321705,0.2633561271675398,758.1638339394428,2.6686099733336484,2.796003998749585,14.995296741964461,15.819590105638593,193.52685237902838,5.688869585496915,2.906558216311881,15.441631138962805,0.15090255026674754,2.9469065490163326,0.7886265619094175
0.3375457496387325,69.50909391604173,0.7600437767177708,0.4486339745033234,719.2808102814505,11.329298043666796,4.334387861292608,14.76294381273829,15.676845702147665,43.33788775745016,8.162736140953184,2.789058354364553,6.245499714621416,0.10735399102841763,4.441741852321026,0.786867469771431
0.11755617388295325,23.11908226782423,0.3066556658612517,0.7711607384506896,195.10472071697006,8.152399631527446,1.6056145449222654,14.896395382950391,15.898891023525511,89.16646522458636,8.4069329736423,2.3401063042410595,29.876037052278072,0.162148548322543,1.7677630932448083,0.7228403774760213
0.395242611849314,81.8449826536241,0.8993092130621263,0.6693532119407283,839.0724076649934,6.778767546309648,4.568979579757199,14.426031605589952,15.839090827754053,18.27334558260779,7.131408151726435,2.638009342728703,8.489151008433407,0.10117110022729316,4.670150679984492,0.8184170678869706
0.41696944558558013,50.796684456141264,0.6707614370514917,0.24296938087673087,1465.7972341742413,4.042692800727149,1.5354528731063257,14.310528211321953,15.439130932844185,192.94533716678217,8.280899215731347,2.5350472798463746,11.377513238375402,0.12523424094677293,1.6606871140530988,0.8520757512268073
0.2947992900841804,71.77677198866881,0.22214084682838853,0.30737140516547784,387.5151248024622,13.28539146363147,3.39083979274912,14.710115344477925,14.845350358076757,108.34115235162916,5.94557515095878,2.8711491067054955,14.567160299825346,0.1271361809614004,3.51797597371052,0.7303252197905892
0.4080216951673038,81.9357196945746,0.19167764707734591,0.11521413615298776,424.7329897642331,11.622371679251886,2.4576123230697124,14.753341539116596,15.422187109987856,130.35045109819535,1.480907457087584,2.8843047558329675,22.42321436327549,0.11708737927883377,2.5746997023485463,0.739486718434106
0.2397975023226233,78.76497562222681,0.8885430283731425,0.3212214552416405,714.3281014828367,7.31563236306422,1.007101096888389,14.399970187355526,15.736562740418151,151.5856516153519,8.199993870827525,2.3422784045065987,25.63356884808371,0.10231531776195317,1.109416414650342,0.855344491630007
0.47582478038862475,70.86151602645351,0.0910920954984864,0.3517046808148552,1444.7733122055945,3.6599316513849818,4.72703640457754,14.995702863377904,15.973563729177801,145.83157760788382,0.9694570702044358,1.9122742020154384,6.836822018094062,0.1217468694825706,4.848783274060111,0.7941705879260729
0.09364292742924529,39.777843449398254,0.5249590587294759,0.33522265951801195,813.7965014440575,11.29126619341435,3.8170645123757883,14.352812938848402,14.423039966441753,37.26306849810214,1.3566333342869494,2.526237500685821,23.696199704602734,0.13340241817605727,3.9504669305518454,0.748413564008835
0.6490437311120101,26.921304832303207,0.4387173196217161,0.7409114718849419,408.2243193487625,3.6636707375640176,3.028283647799211,14.68119861801648,14.701850159432315,151.56393433396678,5.9046612988818294,2.9574616642711966,21.419322298653356,0.15171900122314438,3.1800026490223554,0.7747949166547567
0.38643340171202334,30.070300936146168,0.31981332463632506,0.7331244279748601,489.2300948331278,2.697368577383692,4.7960887951011655,14.724104670390428,14.921008867845629,158.9224631925126,6.979249001392269,2.6200725398593665,21.00767895651747,0.16908022720230348,4.965169022303469,0.7089306956349515
0.11601659747069026,56.62282285192214,0.6989833464206825,0.27121765091620914,661.1797031165551,0.7962712540238146,0.8168716251775057,13.920016389603077,15.468394956410558,140.46275793567622,8.37984698877136,2.7265566380180157,15.763433387000138,0.1246293267559736,0.9415009519334793,0.8161860407644074
0.6737102272665872,71.6298814009527,0.7182436352069079,0.13473275078268446,629.4427286703159,1.8565233216231694,2.4104416464853142,14.729538512296239,15.966605984139363,110.5719549964257,9.26274438833471,2.9867411672199435,12.576989113144604,0.10554715363950089,2.515988800124815,0.8424843387019395
0.06866478945797794,17.76806989329291,0.22388913865317317,0.23211332995964115,683.7836316237634,3.255650502343812,1.2321056843893197,14.45872051996146,15.70048057647394,182.70190326816183,3.2189189181353317,2.18665023655618,23.54705495485387,0.14329509318619468,1.3754007775755144,0.7512990059364459
0.18343300981025035,58.960001961982684,0.5233955863907936,0.38401496812029506,791.613070770639,8.960485838369186,3.9456913320348743,14.210194892787799,15.756149627802715,104.67076390917869,5.313268555293005,2.8766739804956307,14.420752328838832,0.11568776307451446,4.061379095109388,0.7983190759079766
0.12769222264785574,64.45714386154455,0.5196015257088028,0.7910976375043985,1144.643390339241,8.47250826057693,4.968022210997951,14.998807088215997,15.362545842981188,198.09980714137328,7.147181343735675,2.6720309805752542,27.21574711893453,0.1453592601783576,5.113381471176309,0.7326129037012642
0.1797630242353846,32.40515468662724,0.07954022685388384,0.43931999353736195,522.4310590783373,4.934752080160657,1.0957446252570109,14.745777733637462,15.607493674272414,61.79513546752936,1.3041628054176888,2.2304453045912194,5.836703135432216,0.15812896469020782,1.2538735899472186,0.7576429435776851
0.2626270336860689,38.48773708187491,0.9828470346785952,0.345263141073184,991.6298451615263,3.8356556543276406,4.523338687111187,14.196625093154795,15.720004244689752,81.79013264415863,4.3857092126457955,2.8754606343446043,17.290620199372864,0.11482005061708957,4.638158737728277,0.8442470922975222
0.12681358442752133,39.94556410288956,0.6060608723713257,0.39584800391222263,490.6169421377327,13.49380489296632,2.729557003518881,14.682070508256245,15.839711176896296,86.16496042191795,4.1891487526754725,1.1350379555138659,14.754637070627082,0.09713638654396198,2.826693390062843,0.8456753360515166
0.7737507809661417,28.900644638554038,0.4081367686134041,0.4898631661196733,808.3684956373418,6.998947004259858,4.460303100637638,14.968116596635351,15.712074322976477,171.70877275585778,9.57034195688926,2.892158527309073,13.702277451157801,0.12778578892364997,4.588088889561289,0.7662312774153901
0.09370011083668284,77.66129856659566,0.8411204569793571,0.12066529461601272,1415.1781801939505,9.565029319204804,1.8926590211019458,14.545681878951688,15.913990683024753,190.963636749157,7.722320676101339,1.311599200401033,8.028680843788283,0.0791569830137066,1.9718160041156525,0.8713198985104676
0.9704871457638207,13.438989277125359,0.2047056348631171,0.6890990149682285,497.6878932529167,11.023317909190558,2.4039367449683833,14.299093817272247,15.95523081794953,154.18231314422695,0.7490021361486219,1.9335844765822336,1.0583613318614846,0.09135573965051638,2.4952924846188997,0.7742533769256192
0.48231933382937264,65.4732033504777,0.07380782958005139,0.15753775130345515,561.1594573528482,7.320765549415501,2.534502518935705,14.987284250533946,15.508881796214045,49.66927220269941,3.5776702867103234,2.36476927342499,13.19778177115508,0.12511027797427499,2.65961279690998,0.7925416938361209
0.3708727946010292,77.60430446959658,0.049099331366356025,0.16516922587527036,99.29088194913179,9.963650071310665,3.911862801802595,14.544947378003675,15.103283264068262,30.77798076278788,9.315113215652397,2.6354561282951523,9.100683866111753,0.13216918206525813,4.044031983867853,0.7483283938295162
0.8710318387730304,2.6341393830133475,0.20486043902654838,0.48041041272221296,175.74497108237006,7.99227683219686,0.8221662655941382,13.977016712980879,15.806394488030072,33.44352811656342,0.46873640429036595,2.8279106323621015,28.538566634534984,0.11452671227197103,0.9366929778661093,0.795717482710138
0.334756342507187,7.7664603272695745,0.4531596478543828,0.0028580823440369943,1359.23668586273,7.7431963834000115,2.9500101751689027,14.741756840850806,15.900844528134746,161.5150115550933,9.455714790725246,1.1288243635550501,18.224738988406823,0.09833888522688734,3.04834906039579,0.8935585118595125
0.5516573975879303,57.434412963370036,0.6779774110959447,0.7693150843132948,397.9080704154276,7.394249868162215,4.2732744467292285,14.80897554676093,14.97913144034852,36.87633975927383,8.490009607772768,2.708355214237585,1.4571009302151043,0.09682788813497581,4.370102334864204,0.8124998345128385
0.5313349561601489,15.918186781962348,0.4015208099380455,0.10772055576710136,745.4149482522955,12.921316194096454,3.145226814097019,14.586404645481053,15.886694650326458,76.97639253812909,9.479128303722566,2.140581100697684,24.048673673532438,0.11133100012683238,3.2565578142238514,0.8259310717523428
0.8154888869177244,57.68315147020964,0.3048548830858603,0.7432601418188659,1035.3124904124838,9.609559643035782,4.158806236366353,14.302280449076903,15.50968904788953,162.47052811484212,5.748043744827295,2.6434795813265004,21.882439674367177,0.12313128225467776,4.281937518621032,0.7196190247517547
0.2570183418843066,56.232199777963295,0.5453211991672914,0.32965131614322685,1064.3569082642553,1.79813128302208,4.31858140828226,14.670445659577037,15.738406436868715,155.84984291493637,6.352579630671994,2.437319921301784,9.36562839167986,0.13193573882718326,4.4505171471094425,0.8109973058971981
0.9144699434259992,9.911728737471531,0.07915745217142156,0.15046269691579894,98.42798353486225,11.39753310039782,4.093839349867289,14.459178239411955,15.586298365945558,162.1819905565358,8.893454900669836,1.9917914868550133,21.791087367591594,0.07811214404611604,4.171951493913405,0.8203163283340741
0.13795942108630088,52.839489075352,0.0604339538736699,0.5199797700880348,250.10384268161062,7.324763989937422,0.8462956853558805,14.482011600033227,15.805213197210529,10.497487983862932,0.520197576729343,2.720666392482068,6.204437282395493,0.16347804703138613,1.0097737323872666,0.7230910626398125
0.32241158592688246,0.970414626209033,0.7480642245868476,0.434182675328253,1342.214461598239,6.330473471912021,1.224509291037153,13.592807702287002,15.630069289487784,66.19642414378971,4.038838293942342,2.9680925374735305,24.65207361655307,0.1034206969333544,1.3279299879705073,0.8311989611938825
0.5721790059082371,63.45039521575182,0.5917117834751459,0.38647673102862934,405.8925188107464,13.354751786849608,3.791349006391331,14.797791679650706,15.625940479577425,6.084812701034679,1.6236158069655853,2.8689749982427486,2.7513069244688153,0.07097638394431835,3.8623253903356494,0.7781484055822958
0.4560788771832823,80.03509665929151,0.7436004272206191,0.7277541787939883,1304.819006151675,3.767720886551638,2.0339208664277413,14.896644358534616,15.67109973943179,138.78583796223893,1.7190717884027633,2.986148665522472,22.758505290015222,0.14726294872635945,2.1811838151541005,0.7536415397057844
0.4580657682489617,41.64141607900591,0.47375625474099936,0.0013688805924749305,1458.9506378639257,9.871022679316015,2.720675155196508,14.812245843457402,15.203744910198942,70.65340300899494,8.036581842745383,2.892773237311115,0.8264392696562123,0.06883800890357003,2.789513164100078,0.786155367768593
0.056653510863577616,72.29617071518337,0.0566379818451046,0.5699670257546737,893.9729248472737,6.957669900003069,4.27928939696275,14.591996845593195,15.9556022727403,9.96160090177576,0.35910836553326175,1.8990712276373514,12.439483369649748,0.1414702398242532,4.420759636787003,0.756872296810091
0.5409623614290417,34.389196930888595,0.5930822166877026,0.2598601735437273,1289.5200014891525,8.315503873952379,2.731051297213498,14.1349035619141,15.931539375147812,63.45103064849126,5.703991804349902,2.355636192743081,17.040937687634614,0.09593190391217722,2.8269832011256755,0.8096662880918746
0.4004186283902845,62.56755518098462,0.2823304160084801,0.5406568630257073,255.0221652056387,5.358210391398493,1.693152011690469,14.709047081191791,15.391503982027539,155.4667243825672,3.734293810477483,2.158353319602803,29.7383386282451,0.14451146730734862,1.8376634789978177,0.7930101874310448
0.8009963288337411,81.97663422482347,0.9138198274486412,0.17658683725987281,135.17871877910054,8.233510435292121,2.703006727809321,14.330119812569631,15.923150049679043,198.8651999635332,9.178973615220013,2.392098731234506,29.10342806492592,0.06941375109103624,2.7724204789003575,0.8836449456188941
0.6145896368453052,74.31945956341357,0.6029525250530816,0.784411243669359,414.49384278166553,0.10541811802742229,2.3036140316395928,14.902879120321328,15.761658208854323,14.015143978143447,0.2818871691597534,2.858310379948523,27.809761224367623,0.1557975542516132,2.459411585891206,0.7812293180436445
0.7557253961848662,46.879822369830414,0.07318420665768732,0.6714556762849373,289.10397918086676,9.113525951596333,1.2108217366840321,14.732299719708918,15.385700621418408,118.36765874521825,4.634548897675915,2.352582676556378,11.753483115289551,0.13122590101924403,1.3420476377032762,0.7765194655277484
0.4692386983630976,11.339062670557585,0.8292789203432122,0.5021206894548598,742.8183936273715,3.1652635159710814,1.8177400095570928,14.165322071602013,15.745430517046659,107.85401059897636,0.27049416917939395,2.371999913884741,17.07813746920493,0.1082249873618812,1.925964996918974,0.832220380614311
0.5287025724655694,30.50443801685462,0.4979028875570284,0.5622243153946207,353.69047806171295,11.213749750446965,3.891645213630062,14.022375670917215,15.374007060004296,138.49576794344063,5.7814512961422055,2.854547371585692,29.12777359370838,0.10878204435904025,4.000427257989102,0.7786326635304727
0.3549439109872832,5.003991566824509,0.3757018762468006,0.37800977146627174,568.3425300908414,13.205047405834279,0.5502527361392376,14.755324372682011,15.71001473410891,44.82337626691825,3.002745734371358,2.8572680823372263,8.098975297108346,0.0957343745595103,0.6459871106987479,0.7456575686039205
0.8571060615276238,49.31981381045174,0.3912153896973116,0.5230599616357566,1016.6194363629944,12.18722700496491,3.0296006625828045,14.426467257711865,14.807451103836062,98.3147179894392,3.641344074231487,2.8452580912410035,6.976186925500568,0.09634274471316495,3.1259434072959693,0.7695215560438852
0.8832796017448811,3.756072468494482,0.16689365327787087,0.005296187935133024,497.42981453433237,8.33805025183334,0.9399834037833514,14.888435792897896,14.98480775654938,70.87211655804916,4.166096326327489,2.7540356613655814,25.139398407135285,0.10360052512799961,1.043583928911351,0.7705865955520241
0.7192011201520134,9.285336295962981,0.2145709663233657,0.6986991344531512,1456.9885810141502,1.2920882581785307,3.769342710497,14.350508310986168,15.50820989208504,100.65811472535799,7.272772957078137,2.7217851292968516,26.561256807472635,0.14710787605315612,3.916450586550156,0.7444093811499407
0.213968640266055,82.98633476942841,0.12246200899229387,0.49929692412614446,844.3599314271082,13.476777411622257,4.719387165432211,14.652464782294832,15.751827904905918,186.95305860091085,8.11932153018485,2.736141854611638,2.3367925496655215,0.12455819384503551,4.843945359277247,0.7377555018344161
0.3223225758353685,69.96196746298374,0.8253733495110839,0.4978614634459234,172.0290009172429,3.204326527799706,3.0921811302056734,14.982060612494815,15.85291368151067,155.09095009346998,1.316617400963436,2.977918111385631,19.668379515276307,0.1345019070222324,3.2266830372279056,0.8161536036138397
0.579740212133306,55.06780462461062,0.036364594833180774,0.5253193215493355,1341.16095393792,5.206824174623211,3.553571286070231,14.998945214972517,15.558026799443287,85.44589897103812,8.731148587831216,2.4004268416366994,23.05637364346722,0.15525659433535263,3.7088278804055834,0.743193063981407
0.7538514605316637,8.635845494826853,0.24111809292755948,0.29420744393162446,282.75484749790223,10.582849220194175,1.9664501267299153,14.820022903545645,15.962263666998203,49.91042042181341,6.92739907067582,2.4898248388862716,23.136174867089814,0.11158969934530269,2.078039826075218,0.7832401109064427
0.6679613605961312,36.79140839705252,0.1752737744880748,0.02459691261196815,877.7416386894618,8.481398569325917,3.5112416548086838,14.904898552508707,15.815734545317051,198.42511440230757,2.6399891655609875,1.761019894991773,17.427140323664315,0.09209533359772279,3.6033369884064066,0.808998855977223
0.6266525288049295,4.17104979341706,0.3823011770366188,0.5687326171180545,1499.7839191707822,8.56046852608116,1.3606281380240204,14.256178805793105,15.945985138886465,51.91746128373284,0.4046775594112711,1.4137634328163735,14.559905389922612,0.09545730838774924,1.4560854464117696,0.8027449296616801
0.5101763628634498,46.130638236103486,0.0453614736838327,0.026596098715100602,438.35244359477673,0.4286509505395304,1.4034337067356437,14.954570853411933,15.74859884903651,98.80800134154845,7.307343578553602,2.880877400716046,28.627701007962944,0.177643396784974,1.5810771035206177,0.7393340592791658
0.5734852030845685,37.191166398410715,0.8140817667879847,0.36417809807034973,531.8510457100083,2.6724539926743853,2.042147847512272,14.860035492833479,15.237935052748622,42.75371768944519,7.717275368420089,2.68448266589943,23.08167077774929,0.1167444830378973,2.1588923305501693,0.8141440311795123
0.6402878626014955,63.43862917248034,0.5007869441517877,0.18589009037715096,684.9830269690179,0.6225514926555828,2.3248581828095043,14.030411513083093,15.421097992102526,86.43675350838885,5.308603551530864,2.4844423358363383,29.18306755970719,0.1300006520429878,2.4548588348524922,0.8437526943622028
0.09534233154657423,0.5867877986963359,0.9127112252756009,0.026444547548670184,1218.8970512880976,12.021669759967233,3.0275346427330145,14.756018270992868,15.880994418294387,172.61903253560402,8.430316438295606,2.7530166068962796,10.564916848594056,0.08071922970036843,3.108253872433383,0.8480244779221094
0.38561031058954076,33.28595501035036,0.5917728827066787,0.7331792755331654,1175.9216794143251,0.6332105309588558,1.9380794506932886,14.606693289503479,15.945979648763137,193.56721911192255,7.319351687388153,2.4924721572435735,2.7456477902953837,0.14863363617561465,2.086713086868903,0.736626722785829
0.8097574707764895,80.50151151803946,0.28064807243091294,0.3886667995755968,244.40825402756144,5.778975020146088,2.3192987832581053,14.850696993429638,15.692556506627472,198.90627980465698,1.902641927562891,2.813421042377592,16.44042643539376,0.14662148813130887,2.465920271389414,0.7764530548733357
0.8780961817775635,80.15461648209056,0.05757392110441617,0.6149381128980903,1295.61189276683,4.145666848464361,1.5837833564613497,14.996953520537932,15.87007837073421,146.11785179384563,6.0856520017367774,2.4499098517942115,23.247057707354717,0.14383773537357664,1.7276210918349264,0.7241885097855514
0.9474926842597933,45.99292105527723,0.7351495978132659,0.5331873272280493,1461.676738327328,5.615442187894699,4.576268921504592,14.901460201422728,15.628730344227833,24.282317139837456,2.676879734171192,2.8982552686547494,25.800544173546125,0.11942109396568228,4.695690015470275,0.8306328521910514
0.3526608724921443,41.272536154714004,0.7920562909783775,0.09326547455569534,884.4136133674953,8.602982565049077,3.0480028305223876,14.93390096856608,15.562069796114304,2.2226803288277943,4.511677769732889,2.930683489475387,9.800695575013311,0.0897062847490188,3.1377091152714063,0.8093571131493916
0.44728914982992063,52.37938223214586,0.05390534760750754,0.6918488543515733,1216.020233277561,10.409673122533915,2.3929231996393527,14.87377611340425,14.809530444428786,135.50900524896343,9.949992556740439,2.4772740006483573,5.313205860545472,0.1308952516204157,2.5238184512597686,0.7146856456024064
0.06715344390717182,51.39948527419656,0.46866046619285884,0.2633247663591773,1255.0240671869758,12.661695155694666,2.068702351619267,14.226513576227534,15.741616741975834,145.87690656807965,1.5337580068854173,2.14566391403199,25.757608473201167,0.10995319389676443,2.1786555455160315,0.8058662052449135
0.8962785863228805,60.64370487753928,0.9994552240300114,0.29800525750610485,334.013720540391,1.6029970745849338,3.8729421002414184,14.804375822851894,15.688572349346341,154.14801365326318,8.129724254103978,2.721812092669588,15.86306995052285,0.1008784900940482,3.9738205903354666,0.8729492636682482
0.9060421760001173,47.05415265870331,0.5216973884706346,0.5619311707907685,1063.6929415896934,4.724250767231646,4.622702917931805,14.876092276208851,15.970215387847666,105.92638183436534,5.390794827842257,2.5053520978576365,26.812561745959634,0.10935836025897124,4.732061278190776,0.8423747688262272
0.16580190725792465,15.658699191752945,0.9190898092185379,0.5809226499814667,1245.4913258776078,5.23760523435004,4.948755713663365,14.843240372435488,15.995293357017957,179.68372897794413,3.9910553705875857,2.8251647184851336,4.747378192921217,0.10852720784290278,5.057282921506268,0.7922682610421866
0.19550540133538374,76.52329552933341,0.8630490440619504,0.13069777267825736,1042.4288972860757,13.406223670197921,1.7382049494104805,14.972432492687913,15.734654683969403,15.963062341706461,7.628915989668478,2.623760366019355,14.265268767311554,0.07185459781407955,1.8100595472245602,0.8691801891567007
0.066843573747707,50.21692396457035,0.7139098067486809,0.5044994692112338,208.1962682599699,2.5070949217094025,3.4510725397180995,14.897140904485234,15.121848639544526,188.8006546615104,0.710097667262356,2.9655743341551375,18.754962561550208,0.1517805823767427,3.6028531220948423,0.7427398624014012
0.3717775546341737,26.383839625915158,0.3473436585761297,0.363990612503548,1303.896440019155,11.492104098156439,4.065133065376198,14.715783782756764,15.937887322415342,49.54862850307786,5.462188122945585,2.248611424537439,21.687707701082193,0.11304566937453633,4.178178734750735,0.7851414300421431
0.9759188202435242,3.121572143852113,0.14340001104769684,0.5751860852658247,943.8798956545486,7.93348764744572,0.7041230521522077,14.701498934615817,15.887242364807257,25.87458851567682,9.105767216768012,2.744252500531639,10.320460954186803,0.12303052168231922,0.8271535738345269,0.7690327878151483
0.05024368556400938,24.510932484466128,0.43791116193192037,0.12120273681280498,702.3628583679383,10.00024474012299,0.5972884734560471,14.410412173321308,15.887058435820697,80.49145927610034,7.060632143822063,2.69724837044367,6.442255873173282,0.11678122477329696,0.7140696982293441,0.7751570095702071
0.9241096784637522,56.7601597531903,0.5959210332784685,0.7450428567001474,168.20906702088814,11.530866673345326,2.220912065908379,14.88508031395132,15.522762251878495,191.2125914273408,5.975043826043593,2.7322086379861097,8.576054499164131,0.0980499938494739,2.318962059757853,0.8131093468986915
0.8760154629642448,2.798618589933544,0.22346865400362792,0.5443336902544301,1046.6333343497772,4.665429215569361,3.7329173098151416,14.698094212363037,15.507414445393744,159.10704458488814,3.1572300048065296,2.4772826271642145,2.380287271869542,0.11020459184467157,3.843121901659813,0.7911584548043631
0.30708386771756235,4.758648044753981,0.5450793454818111,0.1381694577217858,1419.6162033908345,7.750013841910052,1.4453698385870217,14.21284145181503,15.883744823279086,100.79658656351621,1.6152849090026697,2.296762989805709,1.7726049547262475,0.07820918957396776,1.5235790281609896,0.8460333350777507
0.9537746483155617,77.34163607147563,0.022424725406282264,0.011666040291417091,304.42332414974703,5.676070999957176,3.3011207015421,14.910717885326896,14.936309147575125,139.30850868913183,8.278783593789672,2.9780608933112345,0.639049063745922,0.11050618778225643,3.4116268893243564,0.7707682632360214
0.5706848849815302,52.12414203309681,0.34070432122524796,0.7798893039027334,1011.2201076308544,0.39530903615342483,2.050867859689752,14.090720674092767,15.951615818315474,34.6770705217145,9.434281821886678,2.813945632794635,1.9437450074739215,0.13266118085935716,2.183529040549109,0.7262953248473775
0.5145737932684777,75.92239667799244,0.755639068569098,0.3180451326958125,1144.893314724757,0.4321917885412987,3.275396974333207,14.982129334463432,15.133010442859728,16.585416214132852,7.991609493230054,2.867169260341589,4.096629297045621,0.12002411139179943,3.3954210857250064,0.8421172910299809
0.5364486439770474,54.65876394782262,0.6902875891870177,0.41090791628969825,124.2720272497624,3.21105020560221,2.9846708168886864,14.940634595006522,14.828158505164454,63.81874253247672,3.7135958934792526,2.9625442369825397,7.973528531179669,0.12743523122036035,3.112106048109047,0.8073712040938961
0.7638513589980401,82.26847440471545,0.49393145922924475,0.22066112828931797,922.4984026114737,3.2739264214259083,1.6602921734588338,13.947129115897814,15.962319497506527,166.67122775375694,1.312778531257049,2.97330715923615,19.180895849575823,0.1114809621635596,1.7717731356223934,0.8103281883800957
0.917700917751241,41.31296819795513,0.8449937586120125,0.687625864232825,898.9048368152268,7.07590640240608,4.7360576950923114,14.882324908413814,15.842030384386323,88.21136257491133,2.8127268476184417,2.951236734351619,20.28451246898828,0.09300085719727583,4.829058552289587,0.7958250485403154
0.678339527456871,19.42752890953408,0.04445716802153743,0.5966829027298192,1214.5140787961689,13.04040653087927,0.8090896014462361,14.976238516974393,15.775760703055056,39.739009593425266,3.4052770620015833,2.818758674600863,9.803350599564524,0.11898673058073363,0.9280763320269697,0.7511572641365314
0.06152622637630445,20.800980704409803,0.617515388159848,0.5737941542349337,1011.9676160016713,5.224859371508932,0.5603496921898413,14.53564808717512,15.00493693047824,104.09267010253699,4.662061910187851,2.6029860788522483,28.15462664687583,0.13847927764532963,0.698828969835171,0.7618963359184926
0.5428916811184552,31.42830556544054,0.8974016856204822,0.6819173908728035,1159.365566791543,6.675383286208375,1.17965099344359,14.160750758820312,15.930227333490105,96.5644081021371,7.9092846055238795,2.590019735604017,24.02001005172762,0.11008074829606676,1.2897317417396568,0.8111500152689051
0.10620443163065074,15.66549492104973,0.5979729819503781,0.5137657073663955,594.750874452231,5.420614891639962,4.722064044102676,13.703958295189876,15.95302632192997,73.65978962600246,1.629128764020938,2.7777243064072024,16.863272475950208,0.12992680094942438,4.8519908450521,0.762882390010282
0.5932973598256577,36.273251080488286,0.9916549353559919,0.3127977448366389,155.59853774363876,7.672554707290015,2.0587401994157535,14.219930882427978,15.343196559014117,158.32578404569534,8.29524037048432,2.903220623048475,10.251634279897987,0.08775660055688703,2.1464967999726405,0.8787010179941934
0.34897128256287624,70.94821426452033,0.891541688838107,0.6660778242020648,1471.410684540254,12.533139980921222,2.3368521620427734,14.955518194573518,15.40172571535499,18.90779628313236,2.4537193610530066,2.6112091938633113,25.80796924202353,0.11103025615961139,2.4478824182023846,0.7984891128598072
0.4374777299030387,20.144400838148645,0.6159416488522612,0.086803088143144,1318.4912386035824,4.40680793297521,1.0489189900003462,13.23684102703836,15.885167162953607,58.8488985572837,5.896849921580292,1.3249710650071875,9.673529958274052,0.05991278212189994,1.108831772122246,0.9043655095685121
0.6828087722393628,41.17211664521227,0.3536862662116378,0.46824445277865634,410.08958386206274,12.110986526433855,2.8076869825969033,13.995015465426055,15.377446704927568,144.3857978074756,6.817002312371632,2.901761925333711,26.079552435871662,0.10587772601611144,2.9135647086130145,0.7922666157500157
0.29937970806934877,24.82781857797165,0.06679998929125974,0.08689820123198917,604.8956967744293,3.621419969333151,3.470790675369659,14.604240649882687,15.857138574911016,38.14794000218456,5.1019929324996705,1.877323163101985,19.533271678585756,0.1379291848880655,3.6087198602577244,0.7969035531806062
0.31075658102182946,58.01578623094387,0.40421287615367363,0.2396670564628507,190.04664402110728,6.307708450987981,1.8791036630439377,14.66987035301196,15.789118513165663,194.38679562243144,5.879403322852671,2.883923446859867,27.87310577376637,0.12946277092182543,2.008566433965763,0.767224937064861
0.7991274421995984,19.96309114208966,0.01323425144768986,0.6541718960473,1248.576833340161,13.110381918242929,4.066112856369384,14.986569733244473,15.803545716002118,178.7957037328787,3.399776012723707,1.2620449594899228,16.114632531667628,0.09391442972055414,4.160027286089938,0.8451060049158137
0.7868517331083407,7.921091972749691,0.2435516621527598,0.26242907283314987,1280.7057469954127,0.6346620951730539,1.115381798132516,13.53189183155557,15.987341902617867,140.49745550889438,1.108429184389212,2.4418993792417902,18.775294537848403,0.1320915741505858,1.247473372283102,0.8315337832272375
0.38257817447082665,58.3278255536553,0.06883016443178491,0.3258104121815394,1455.2044924737377,9.266584098774658,2.4991235957511964,14.43935404835101,15.938344149238695,129.3251646159422,9.278040263866647,2.9710080121469686,14.003501324962109,0.14404631526325168,2.643169911014448,0.702167547204568
0.5547355541678757,3.69482918308674,0.8322768439807517,0.5324170883863418,857.5096478884926,11.07048604139807,4.8603429904013895,14.929040730652018,15.531786866306245,55.12766344798098,3.440905330805635,2.693645583763598,23.26303358255408,0.09162738460541175,4.951970375006801,0.8121413577126672
0.4553279072074109,70.25339837778803,0.05064999456838437,0.012914475527369086,938.9649101912281,2.6019350350224655,2.133299835848296,14.861221475310629,15.090329956261431,188.66000224552403,1.150482943864443,2.7980354241356657,14.168981310890528,0.142397885257663,2.275697721105959,0.7706522912902714
0.7930126590450224,76.32484129871679,0.026885785701774023,0.49251586083780324,1007.1073570542545,8.231367874147594,2.9062699427085983,14.148268126304952,14.983594995477205,24.598307280484157,9.896261924000507,2.957426535042315,7.512211334819071,0.11493948630484557,3.0212094290134437,0.7575876528192904
0.6276709090425293,42.75736090987598,0.5572458976163577,0.14014429572562967,1213.0935091390336,8.452466473274315,3.035837640216135,13.202798752256545,15.838501586223025,6.698214856438774,9.31441061053384,2.7617264759338243,9.903746260010536,0.09261891002600439,3.1284565502421393,0.8441873827852299
0.5717240403093532,44.724290520489596,0.9218515372914757,0.20762100374285508,1083.926260492581,10.034444377184373,3.9737728475602396,14.525956057470328,15.225592791732911,53.536964061487005,2.423598688066847,2.749864528934735,4.032420086128587,0.057566082678132985,4.031338930238372,0.8657300937501848
0.8722546387946614,31.539279205129688,0.8147801987807836,0.6325341425709979,1142.836483337711,9.375818542900083,2.9160906513460354,14.707126253337861,15.538294753067412,179.41962780419777,8.752288522128646,2.7795427244916553,29.312408884531003,0.08226233518204994,2.998352986528085,0.8585605717132968
0.24993281191180172,44.15863255552302,0.5775288687135958,0.5870121929352229,1306.4997543277573,8.06939209924077,1.6089831055434045,13.423598365911241,15.672523786513935,9.816566540603548,8.210620627099564,2.1337582586779744,4.484971619003858,0.0984340681468614,1.707417173690266,0.808102992412944
0.8597380365864222,64.06340945115605,0.9384860719934619,0.0377951133870341,64.16570990203516,6.173355275100795,2.7197945454367574,14.410913986515693,15.824823736932638,4.743719938094941,5.167998555102876,2.798510176148792,24.552687930996985,0.04922383665432596,2.769018382091083,0.8990014650933711
0.05611188096619668,32.3778618079122,0.9577372666914787,0.6827548169692577,758.0217575857206,9.21844056491625,3.884273440585644,14.803136917028613,15.813507764851824,36.001502160485344,1.691257841379746,2.7265647071284222,23.3165267284579,0.11127990325792864,3.9955533438435724,0.772613552139197
0.21949253687756842,8.99475848786454,0.388161263545421,0.317292531244519,941.7266551764652,1.7816911494807786,2.978581696665335,14.494827166004063,15.691437181927098,43.02967976669142,5.926241300063479,2.8202723784578008,2.4613852214296874,0.11555275680424335,3.0941344534695783,0.7347865860945445
0.11988792593472497,36.49645454216459,0.34685684251299653,0.36753355115090014,1373.1186988885913,3.9060692544906086,0.8424819221342232,14.918743155045322,15.893976286648078,187.59940999015842,8.504294006143727,2.668828668533051,27.472866026674055,0.18142675861889027,1.0239086807531135,0.7277873706362223
0.11546538102790493,78.181226154092,0.6425994715890121,0.21167759514623585,351.58028016213194,0.5903979189730368,3.304433409348234,14.983365954236877,15.850686377842162,123.4418546614409,1.8923463974591974,2.827299602539031,17.473508686892878,0.1361584428815879,3.440591852229822,0.7464357247400357
0.12920268138868019,69.67100879525631,0.2516864692321268,0.3411811268598919,58.68807018002431,1.7446163300156898,2.4491555373946,14.263225051865,15.686649299657955,174.83145640880704,0.7559549181723407,2.4894251184965532,12.64634350710573,0.14545694652434255,2.594612483918943,0.7675624721101715
0.4632108829129349,7.455310522773757,0.9106372953873499,0.17215484742571424,785.5306461502328,6.3682460517354045,0.6880524156477823,14.358909042665275,15.165628321313472,34.649924836885596,0.17247796546899344,2.7608104455510434,6.436531742964404,0.0824130132471218,0.7704654288949041,0.7938338492732087
0.7616317289024933,15.573109286697093,0.20924598386053306,0.06567650173788762,1183.236727949737,4.016159691969091,4.945783895509856,14.528419776882666,15.456478681881935,192.88271494676002,2.0802629882111523,2.7658794971956104,11.821285116413211,0.12276333931071072,5.068547234820567,0.8081268523840242
0.7121850263067983,56.800916788035906,0.937608894753018,0.626228815045722,964.0286571314971,11.983042266448843,4.963009598645424,14.818825017364476,14.696079166858185,156.14018425205376,8.514043207720151,2.191800345163503,12.372515317680623,0.07423880705793054,5.037248405703355,0.8605824749964995
0.7866957483448757,81.59711889164501,0.3420950060829776,0.5580691348592172,792.0396537007222,12.688515764157376,2.929773536252043,14.841434226661127,15.733328758346868,97.96205329412082,4.507437290941864,2.9336170214415573,20.771100699763508,0.10194020604186159,3.031713742293905,0.7683854659865822
0.5828055710479803,18.713099088511147,0.12808670892567153,0.033986658417368164,369.14997049372323,9.30442580196291,0.5608374143952821,14.898933604993418,15.990497072663723,6.133498138935558,1.2097439383930089,2.6981398001231374,25.77932377646755,0.10851134485167385,0.669348759246956,0.7744030337471157
0.5553197818164762,68.00630304739673,0.12023539977767306,0.23076290347446948,429.0745412378359,4.681137593477285,0.6581094389030233,14.201999270295335,15.887347248450343,56.36374554608895,4.609654188076385,2.72976877260816,28.270627110196507,0.1466940230753672,0.8048034619783905,0.7442749774414782
0.7769654237261154,44.53309257270556,0.8721658158882779,0.7143450538351709,1230.1841040091488,12.934360473968855,3.240202477387392,14.478874738809443,15.290202266394255,28.91139139064206,9.145762630704025,2.6999104702609555,0.9702064587024548,0.07257239311583874,3.3127748705032305,0.8588213265084488
0.6839609559417772,70.99665354788968,0.5049059754512424,0.6882194361617073,1340.2348397159967,0.6295983658791275,3.465261228480184,14.766482992165566,15.725570205160247,180.99202291194175,0.9543971206632614,2.444645287664916,27.017469245807273,0.14060747519345665,3.6058687036736408,0.8178793210107166
0.5645167050349316,66.26244805131391,0.18359331102996024,0.4845569518519742,880.1861285978484,7.434051581321495,1.0711250204370386,14.842481507966257,15.898292069927601,41.86872369675121,5.280231932730936,3.0001942511841793,0.5987160081420064,0.1278052050724591,1.1989302255094978,0.7121472282511074
0.6949152442887964,2.896339907035315,0.6010524762189359,0.21583948027579922,478.1646486520318,12.792274788785221,4.412323782716235,14.814746215290038,15.346278287053009,76.7310475465814,7.911008390045052,1.5642786335267174,15.134544540101643,0.08583057860308009,4.4981543613193145,0.8598771648418463
