notebook_id,task,task_type,molecule_source,name,smiles,family,arom_rings,bertz_ct,chi0,chi1,fluoro_substitution,fp_density,frac_csp3,has_alkyl_halide,has_aromatic_amine,has_nitro_group,has_nitroso,hba,hbd,heavy_atoms,kappa1,kappa2,labute_asa,logp,logp_rdkit,max_partial_charge,min_partial_charge,mol_mr,mw,nhoh,no_count,num_aliphatic_rings,num_halogens,num_heteroatoms,num_nitrogens,num_oxygens,num_stereocenters,num_sulfurs,peoe_vsa1,pi_extent,planarity_score,ring_count,rot_bonds,slogp_vsa3,space_uv_factor,tpsa,target_abs_efficiency,target_bandgap_ev,target_bbb_permeable,target_bp_celsius,target_logP,target_logS,target_mutagenic
1,solubility,regression,NB01_solubility,benzene,c1ccccc1,,1,71.96100505779535,4.242640687119286,3.0,,,0.0,,,,,0,0,6,3.4115708812260532,1.6057694396735218,37.43140311949697,1.6866,,,,26.441999999999993,78.11399999999999,,,0.0,,0.0,,,,,,,,1,0,,,0.0,,,,,,-1.79,
1,solubility,regression,NB01_solubility,toluene,Cc1ccccc1,,1,129.96566024533826,5.112884175122364,3.393846850117352,,,0.1428571428571428,,,,,0,0,7,4.380771704180065,1.7832860398554335,43.79634523389357,1.99502,,,,31.17899999999999,92.141,,,0.0,,0.0,,,,,,,,1,0,,,0.0,,,,,,-2.0,
1,solubility,regression,NB01_solubility,ethylbenzene,CCc1ccccc1,,1,141.38429890473827,5.819990956308912,3.931851652578137,,,0.25,,,,,0,0,8,5.358504155124653,2.50834780755501,50.16128734829017,2.249000000000001,,,,35.82,106.16799999999996,,,0.0,,0.0,,,,,,,,1,1,,,0.0,,,,,,-2.4,
1,solubility,regression,NB01_solubility,o-xylene,Cc1ccccc1C,,1,156.14811391899892,5.983127663125442,3.804530452640311,,,0.25,,,,,0,0,8,5.358504155124653,1.993744712287256,50.16128734829018,2.30344,,,,35.916,106.168,,,0.0,,0.0,,,,,,,,1,0,,,0.0,,,,,,-2.31,
1,solubility,regression,NB01_solubility,styrene,C=Cc1ccccc1,,1,162.65300142116237,5.819990956308912,3.931851652578137,,,0.0,,,,,0,0,8,5.10367816091954,2.3141072195146584,49.47168431610592,2.3296,,,,36.53300000000001,104.15199999999996,,,0.0,,0.0,,,,,,,,1,1,,,0.0,,,,,,-2.05,
1,solubility,regression,NB01_solubility,chlorobenzene,Clc1ccccc1,,1,134.10736969541455,5.112884175122364,3.393846850117352,,,0.0,,,,,0,0,7,4.663609831029186,1.9871232675119368,47.73466934637863,2.34,,,,31.452,112.55899999999995,,,0.0,,1.0,,,,,,,,1,0,,,0.0,,,,,,-2.55,
1,solubility,regression,NB01_solubility,bromobenzene,Brc1ccccc1,,1,134.10736969541455,5.112884175122364,3.393846850117352,,,0.0,,,,,0,0,7,4.849253731343284,2.123680215888008,51.298950725138326,2.4491000000000005,,,,34.142,157.01,,,0.0,,1.0,,,,,,,,1,0,,,0.0,,,,,,-2.78,
1,solubility,regression,NB01_solubility,fluorobenzene,Fc1ccccc1,,1,134.10736969541455,5.112884175122364,3.393846850117352,,,0.0,,,,,0,0,7,4.31260162601626,1.7349674800723751,41.596938522423194,1.8257,,,,26.399999999999995,96.10399999999998,,,0.0,,1.0,,,,,,,,1,0,,,0.0,,,,,,-1.1,
1,solubility,regression,NB01_solubility,iodobenzene,Ic1ccccc1,,1,134.10736969541455,5.112884175122364,3.393846850117352,,,0.0,,,,,0,0,7,5.09388489208633,2.3067105731577073,56.6932412405406,2.2912,,,,39.15900000000001,204.01,,,0.0,,1.0,,,,,,,,1,0,,,0.0,,,,,,-2.1,
1,solubility,regression,NB01_solubility,aniline,Nc1ccccc1,,1,134.10736969541455,5.112884175122364,3.393846850117352,,,0.0,,,,,1,1,7,4.18611295681063,1.6461962159398054,42.77129381650968,1.2688,,,,30.8544,93.129,,,0.0,,1.0,,,,,,,,1,0,,,26.02,,,,,,-0.33,
1,solubility,regression,NB01_solubility,phenol,Oc1ccccc1,,1,134.10736969541455,5.112884175122364,3.393846850117352,,,0.0,,,,,1,1,7,4.18611295681063,1.6461962159398054,42.22563687169298,1.3922,,,,28.106799999999993,94.113,,,0.0,,1.0,,,,,,,,1,0,,,20.23,,,,,,-0.29,
1,solubility,regression,NB01_solubility,nitrobenzene,O=[N+]([O-])c1ccccc1,,1,207.5576620543373,6.69023444431199,4.304530452640311,,,0.0,,,,,2,0,9,5.751233595800525,2.2593342006647616,52.08437884199676,1.5948,,,,33.0964,123.11099999999996,,,0.0,,3.0,,,,,,,,1,1,,,43.14,,,,,,-1.85,
1,solubility,regression,NB01_solubility,acetophenone,CC(=O)c1ccccc1,,1,201.06743705866424,6.69023444431199,4.304530452640311,,,0.125,,,,,1,0,9,6.016742712294044,2.4437525520871133,54.32280944833394,1.8892,,,,36.44650000000001,120.15099999999995,,,0.0,,1.0,,,,,,,,1,1,,,17.07,,,,,,-1.21,
1,solubility,regression,NB01_solubility,benzaldehyde,O=Cc1ccccc1,,1,167.00151696675914,5.819990956308912,3.931851652578137,,,0.0,,,,,1,0,8,5.035137880986937,2.262450086021194,47.95786733393734,1.4991,,,,31.829499999999992,106.12399999999997,,,0.0,,1.0,,,,,,,,1,1,,,17.07,,,,,,-1.04,
1,solubility,regression,NB01_solubility,benzoic acid,OC(=O)c1ccccc1,,1,203.415952604261,6.69023444431199,4.304530452640311,,,0.0,,,,,1,1,9,5.820039011703511,2.306763635550358,52.75210108613335,1.3848,,,,33.4013,122.12299999999996,,,0.0,,2.0,,,,,,,,1,1,,,37.3,,,,,,-1.88,
1,solubility,regression,NB01_solubility,salicylic acid,OC(=O)c1ccccc1O,,1,254.78306142431708,7.560477932315068,4.71521405516327,,,0.0,,,,,2,2,10,6.607785630153122,2.389632707443791,57.54633483832936,1.0903999999999998,,,,35.066100000000006,138.122,,,0.0,,3.0,,,,,,,,1,1,,,57.53,,,,,,-1.44,
1,solubility,regression,NB01_solubility,aspirin,CC(=O)Oc1ccccc1C(=O)O,,1,343.2228677267164,9.844934982691242,6.109060905280622,,,0.1111111111111111,,,,,3,1,13,9.249605734767025,3.7092512583454584,74.75705264447721,1.3101,,,,44.71030000000002,180.15899999999996,,,0.0,,4.0,,,,,,,,1,2,,,63.60000000000001,,,,,,-1.19,
1,solubility,regression,NB01_solubility,benzonitrile,N#Cc1ccccc1,,1,195.37685258695325,5.819990956308912,3.931851652578137,,,0.0,,,,,1,0,8,4.85903129657228,2.13092991566867,48.188924915362286,1.55828,,,,31.156999999999996,103.12399999999997,,,0.0,,1.0,,,,,,,,1,0,,,23.79,,,,,,-1.11,
1,solubility,regression,NB01_solubility,anisole,COc1ccccc1,,1,145.73281445033504,5.819990956308912,3.931851652578137,,,0.1428571428571428,,,,,1,0,8,5.162450142450142,2.3586048594225155,48.90989046340045,1.6952,,,,32.99399999999999,108.13999999999996,,,0.0,,1.0,,,,,,,,1,1,,,9.23,,,,,,-1.02,
1,solubility,regression,NB01_solubility,catechol,Oc1ccccc1O,,1,162.63833891467198,5.983127663125442,3.804530452640311,,,0.0,,,,,2,2,8,4.966627565982405,1.738120536196338,47.01987062388899,1.0978,,,,29.771599999999992,110.11199999999998,,,0.0,,2.0,,,,,,,,1,0,,,40.46,,,,,,-0.29,
1,solubility,regression,NB01_solubility,resorcinol,Oc1cccc(O)c1,,1,166.38833891467198,5.983127663125442,3.787693700234704,,,0.0,,,,,2,2,8,4.966627565982405,1.738120536196338,47.01987062388899,1.0978,,,,29.771599999999992,110.11199999999998,,,0.0,,2.0,,,,,,,,1,0,,,40.46,,,,,,0.0,
1,solubility,regression,NB01_solubility,hydroquinone,Oc1ccc(O)cc1,,1,145.38833891467198,5.983127663125442,3.787693700234704,,,0.0,,,,,2,2,8,4.966627565982405,1.738120536196338,47.01987062388899,1.0978,,,,29.771599999999996,110.11199999999998,,,0.0,,2.0,,,,,,,,1,0,,,40.46,,,,,,0.2,
1,solubility,regression,NB01_solubility,p-cresol,Cc1ccc(O)cc1,,1,143.24662946459569,5.983127663125442,3.787693700234704,,,0.1428571428571428,,,,,1,1,8,5.162450142450142,1.864622199497544,48.59057898608958,1.7006199999999998,,,,32.843799999999995,108.14,,,0.0,,1.0,,,,,,,,1,0,,,20.23,,,,,,-0.3,
1,solubility,regression,NB01_solubility,o-cresol,Cc1ccccc1O,,1,160.49662946459569,5.983127663125442,3.804530452640311,,,0.1428571428571428,,,,,1,1,8,5.162450142450142,1.864622199497544,48.59057898608958,1.70062,,,,32.843799999999995,108.14,,,0.0,,1.0,,,,,,,,1,0,,,20.23,,,,,,-0.36,
1,solubility,regression,NB01_solubility,4-nitrophenol,Oc1ccc([N+](=O)[O-])cc1,,1,241.67477087439332,7.560477932315068,4.698377302757663,,,0.0,,,,,3,1,10,6.538764845605701,2.344994095834573,56.878612594192774,1.3003999999999998,,,,34.76120000000001,139.11,,,0.0,,4.0,,,,,,,,1,1,,,63.370000000000005,,,,,,-1.71,
1,solubility,regression,NB01_solubility,2-nitrophenol,Oc1ccccc1[N+](=O)[O-],,1,258.9247708743934,7.560477932315068,4.71521405516327,,,0.0,,,,,3,1,10,6.538764845605701,2.344994095834573,56.87861259419278,1.3004000000000002,,,,34.7612,139.11,,,0.0,,4.0,,,,,,,,1,1,,,63.370000000000005,,,,,,-0.96,
1,solubility,regression,NB01_solubility,4-chlorophenol,Oc1ccc(Cl)cc1,,1,147.38833891467198,5.983127663125442,3.787693700234704,,,0.0,,,,,1,1,8,5.446798905608755,2.052669547891518,52.52890309857465,2.0456,,,,33.1168,128.558,,,0.0,,2.0,,,,,,,,1,0,,,20.23,,,,,,-0.64,
1,solubility,regression,NB01_solubility,2-chlorophenol,Oc1ccccc1Cl,,1,164.63833891467198,5.983127663125442,3.804530452640311,,,0.0,,,,,1,1,8,5.446798905608755,2.052669547891518,52.52890309857465,2.0456000000000003,,,,33.1168,128.558,,,0.0,,2.0,,,,,,,,1,0,,,20.23,,,,,,-1.25,
1,solubility,regression,NB01_solubility,4-aminophenol,Nc1ccc(O)cc1,,1,147.38833891467198,5.983127663125442,3.787693700234704,,,0.0,,,,,2,2,8,4.966627565982405,1.738120536196338,47.56552756870569,0.9744,,,,32.5192,109.128,,,0.0,,2.0,,,,,,,,1,0,,,46.25,,,,,,0.25,
1,solubility,regression,NB01_solubility,vanillin,COc1ccc(C=O)cc1O,,1,268.03972257956417,8.267584713501616,5.274386907679232,,,0.125,,,,,3,1,11,7.595374077976819,3.0531381005525,64.23058843003683,1.2132999999999998,,,,40.046300000000016,152.14899999999997,,,0.0,,3.0,,,,,,,,1,2,,,46.53,,,,,,-1.72,
1,solubility,regression,NB01_solubility,naphthalene,c1ccc2ccccc2c1,,2,271.01518240905483,6.811554787871634,4.9663264951887856,,,0.0,,,,,0,0,10,5.482229779997874,2.143052886105772,60.11306765123217,2.839800000000001,,,,43.94800000000003,128.17399999999995,,,0.0,,0.0,,,,,,,,2,0,,,0.0,,,,,,-3.3,
1,solubility,regression,NB01_solubility,anthracene,c1ccc2cc3ccccc3cc2c1,,3,488.7590985891403,9.38046888862398,6.932652990377571,,,0.0,,,,,0,0,14,7.571439103526888,2.8450836230123144,82.79473218296737,3.993000000000002,,,,61.45400000000003,178.23399999999995,,,0.0,,0.0,,,,,,,,3,0,,,0.0,,,,,,-5.0,
1,solubility,regression,NB01_solubility,phenanthrene,c1ccc2c(c1)ccc1ccccc12,,3,539.0090985891403,9.38046888862398,6.949489742783178,,,0.0,,,,,0,0,14,7.571439103526888,2.8450836230123144,82.79473218296738,3.993000000000002,,,,61.45400000000003,178.23399999999998,,,0.0,,0.0,,,,,,,,3,0,,,0.0,,,,,,-4.45,
1,solubility,regression,NB01_solubility,pyrene,c1cc2ccc3cccc4ccc(c1)c2c34,,4,666.6198058168793,10.535169427003233,7.932652990377569,,,0.0,,,,,0,0,16,8.11640192478581,2.732404740131078,93.45542159483816,4.584000000000002,,,,70.14600000000003,202.25599999999997,,,0.0,,0.0,,,,,,,,4,0,,,0.0,,,,,,-5.18,
1,solubility,regression,NB01_solubility,fluorene,C1c2ccccc2-c2ccccc21,,2,411.60041905516795,8.673362107437432,6.449489742783179,,,0.0769230769230769,,,,,0,0,13,6.902850765306124,2.4617954580094508,77.84760828642837,3.257800000000002,,,,54.684000000000026,166.22299999999998,,,1.0,,0.0,,,,,,,,3,0,,,0.0,,,,,,-3.93,
1,solubility,regression,NB01_solubility,1-naphthol,Oc1cccc2ccccc12,,2,374.0344903986784,7.681798275874712,5.377010097711745,,,0.0,,,,,1,1,11,6.22562358276644,2.274078478002378,64.90730140342818,2.5454000000000008,,,,45.61280000000003,144.17299999999997,,,0.0,,1.0,,,,,,,,2,0,,,20.23,,,,,,-2.84,
1,solubility,regression,NB01_solubility,2-naphthol,Oc1ccc2ccccc2c1,,2,379.2844903986784,7.681798275874712,5.360173345306137,,,0.0,,,,,1,1,11,6.22562358276644,2.274078478002378,64.90730140342819,2.5454,,,,45.61280000000002,144.17299999999997,,,0.0,,1.0,,,,,,,,2,0,,,20.23,,,,,,-2.7,
1,solubility,regression,NB01_solubility,biphenyl,c1ccc(-c2ccccc2)cc1,,2,297.4313204906765,8.225768350244728,5.9663264951887856,,,0.0,,,,,0,0,12,7.108736857548047,3.2249464015776437,72.48849732556099,3.353600000000001,,,,51.87800000000003,154.21199999999996,,,0.0,,0.0,,,,,,,,2,1,,,0.0,,,,,,-3.9,
1,solubility,regression,NB01_solubility,diphenyl ether,c1ccc(Oc2ccccc2)cc1,,2,315.89864866417315,8.932875131431276,6.449489742783179,,,0.0,,,,,1,0,13,7.866895638429664,3.7642110484220974,77.60204255506788,3.478900000000001,,,,52.958000000000034,170.21099999999998,,,0.0,,1.0,,,,,,,,2,2,,,9.23,,,,,,-3.5,
1,solubility,regression,NB01_solubility,p-dichlorobenzene,Clc1ccc(Cl)cc1,,1,145.38833891467198,5.983127663125442,3.787693700234704,,,0.0,,,,,0,0,8,5.9282051282051285,2.3818408996251557,58.037935573260306,2.993400000000001,,,,36.46200000000001,147.00400000000002,,,0.0,,2.0,,,,,,,,1,0,,,0.0,,,,,,-3.5,
1,solubility,regression,NB01_solubility,"1,2,4-trichlorobenzene",Clc1ccc(Cl)c(Cl)c1,,1,219.54299954784685,6.8533711511285205,4.198377302757663,,,0.0,,,,,0,0,9,7.200011001100109,2.7822002817304186,68.34120180014197,3.6468000000000007,,,,41.47200000000001,181.449,,,0.0,,3.0,,,,,,,,1,0,,,0.0,,,,,,-4.2,
1,solubility,regression,NB01_solubility,2-methylnaphthalene,Cc1ccc2cccc(C)c2c1,,2,413.3078661934481,8.55204176387779,5.770856947829096,,,0.1666666666666666,,,,,0,0,12,7.354540141719628,2.6325540535695073,72.84295188002538,3.456640000000002,,,,53.42200000000003,156.22799999999998,,,0.0,,0.0,,,,,,,,2,0,,,0.0,,,,,,-3.2,
1,solubility,regression,NB01_solubility,caffeine,Cn1cnc2c1c(=O)n(C)c(=O)n2C,,2,616.5285919942219,10.455665446700475,6.5365812602091875,,,0.375,,,,,3,0,14,8.73523326923911,2.5679479011227926,79.02895701814933,-1.0293,,,,51.19600000000001,194.194,,,0.0,,6.0,,,,,,,,2,0,,,61.82,,,,,,0.07,
1,solubility,regression,NB01_solubility,pyridine,c1ccncc1,,1,75.86113958768547,4.242640687119286,3.0,,,0.0,,,,,1,0,6,3.3441747572815532,1.5525827127910268,36.651051100443475,1.0816,,,,24.236999999999995,79.10199999999998,,,0.0,,1.0,,,,,,,,1,0,,,12.89,,,,,,0.65,
1,solubility,regression,NB01_solubility,quinoline,c1ccnc2ccccc12,,2,275.7051383449476,6.811554787871634,4.9663264951887856,,,0.0,,,,,1,0,10,5.41760450263056,2.102543034625171,59.33271563217868,2.2348,,,,41.74300000000002,129.16199999999995,,,0.0,,1.0,,,,,,,,2,0,,,12.89,,,,,,-1.87,
1,solubility,regression,NB01_solubility,indole,c1ccc2[nH]ccc2c1,,2,278.54542122074673,6.104448006685086,4.4663264951887856,,,0.0,,,,,0,1,9,4.621116323679656,1.6217242815493544,53.322228072246475,2.1678999999999995,,,,38.29870000000001,117.15099999999995,,,0.0,,1.0,,,,,,,,2,0,,,15.79,,,,,,-1.81,
1,solubility,regression,NB01_solubility,thiophene,c1ccsc1,,1,60.12481811269772,3.5355339059327378,2.5,,,0.0,,,,,1,0,5,2.9127659574468083,1.2210502489814397,35.07176638990846,1.7480999999999998,,,,24.318999999999996,84.14299999999999,,,0.0,,1.0,,,,,,,,1,0,,,0.0,,,,,,-1.33,
1,solubility,regression,NB01_solubility,imidazole,c1cnc[nH]1,,1,61.369930610534254,3.5355339059327378,2.5,,,0.0,,,,,1,1,5,2.4475296912114013,0.8845561128632765,29.860211521457774,0.4096999999999999,,,,18.5877,68.079,,,0.0,,2.0,,,,,,,,1,0,,,28.68,,,,,,0.72,
1,solubility,regression,NB01_solubility,caprolactam,O=C1CCCCCN1,,0,80.52932501298082,5.819990956308912,3.893846850117352,,,0.8333333333333334,,,,,1,1,8,5.603868808567603,2.6984359410043637,49.26951472993517,0.6766000000000001,,,,31.477699999999988,113.16,,,1.0,,2.0,,,,,,,,1,0,,,29.1,,,,,,0.07,
1,solubility,regression,NB01_solubility,cyclohexane,C1CCCCC1,,0,15.509775004326936,4.242640687119286,3.0,,,1.0,,,,,0,0,6,4.166666666666667,2.2222222222222223,39.55813044628337,2.3406,,,,27.701999999999984,84.162,,,1.0,,0.0,,,,,,,,1,0,,,0.0,,,,,,-3.44,
1,solubility,regression,NB01_solubility,cyclohexanol,OC1CCCCC1,,0,46.14170945007629,5.112884175122364,3.393846850117352,,,1.0,,,,,1,1,7,5.10367816091954,2.3141072195146584,44.35236419847938,1.3114,,,,29.091799999999985,100.161,,,1.0,,1.0,,,,,,,,1,0,,,20.23,,,,,,-0.65,
1,solubility,regression,NB01_solubility,cyclohexanone,O=C1CCCCC1,,0,68.24920506009684,5.112884175122364,3.393846850117352,,,0.8333333333333334,,,,,1,0,7,4.8199250374812594,2.101967961325131,43.719652546327126,1.5196,,,,28.091999999999985,98.145,,,1.0,,1.0,,,,,,,,1,0,,,17.07,,,,,,-1.42,
1,solubility,regression,NB01_solubility,methylcyclohexane,CC1CCCCC1,,0,42.0,5.112884175122364,3.393846850117352,,,1.0,,,,,0,0,7,5.142857142857143,2.34375,45.92307256067996,2.5866000000000007,,,,32.24899999999998,98.189,,,1.0,,0.0,,,,,,,,1,0,,,0.0,,,,,,-3.93,
1,solubility,regression,NB01_solubility,hexane,CCCCCC,,0,12.0,4.82842712474619,2.914213562373095,,,1.0,,,,,0,0,6,6.0,5.0,40.563961599812586,2.5866000000000007,,,,29.81599999999998,86.178,,,0.0,,0.0,,,,,,,,0,3,,,0.0,,,,,,-3.85,
1,solubility,regression,NB01_solubility,heptane,CCCCCCC,,0,19.219280948873624,5.535533905932738,3.414213562373095,,,1.0,,,,,0,0,7,7.0,6.0,46.92890371420919,2.976700000000002,,,,34.432999999999986,100.205,,,0.0,,0.0,,,,,,,,0,4,,,0.0,,,,,,-4.5,
1,solubility,regression,NB01_solubility,octane,CCCCCCCC,,0,25.019550008653873,6.242640687119286,3.914213562373095,,,1.0,,,,,0,0,8,8.0,7.0,53.29384582860581,3.3668000000000022,,,,39.05,114.232,,,0.0,,0.0,,,,,,,,0,5,,,0.0,,,,,,-5.18,
1,solubility,regression,NB01_solubility,decane,CCCCCCCCCC,,0,40.0,7.656854249492381,4.914213562373096,,,1.0,,,,,0,0,10,10.0,9.0,66.02373005739904,4.147000000000004,,,,48.28400000000003,142.286,,,0.0,,0.0,,,,,,,,0,7,,,0.0,,,,,,-7.0,
1,solubility,regression,NB01_solubility,methanol,CO,,0,2.0,2.0,1.0,,,1.0,,,,,1,1,2,1.96,0.9600000000000016,13.533484780025564,-0.3915,,,,8.1428,32.042,,,0.0,,1.0,,,,,,,,0,0,,,20.23,,,,,,1.41,
1,solubility,regression,NB01_solubility,ethanol,CCO,,0,2.754887502163468,2.7071067811865475,1.4142135623730951,,,1.0,,,,,1,1,3,2.9600000000000004,1.96,19.89842689442217,-0.0014,,,,12.759800000000002,46.069,,,0.0,,1.0,,,,,,,,0,0,,,20.23,,,,,,0.79,
1,solubility,regression,NB01_solubility,1-propanol,CCCO,,0,5.245112497836532,3.414213562373095,1.914213562373095,,,1.0,,,,,1,1,4,3.96,2.9600000000000004,26.26336900881878,0.3887,,,,17.376800000000003,60.096,,,0.0,,1.0,,,,,,,,0,1,,,20.23,,,,,,0.3,
1,solubility,regression,NB01_solubility,2-propanol,CC(O)C,,0,8.0,3.5773502691896257,1.7320508075688772,,,1.0,,,,,1,1,4,3.96,1.297837837837838,26.263369008818778,0.3871,,,,17.3548,60.096,,,0.0,,1.0,,,,,,,,0,0,,,20.23,,,,,,0.4,
1,solubility,regression,NB01_solubility,1-butanol,CCCCO,,0,11.119415478763749,4.121320343559642,2.414213562373095,,,1.0,,,,,1,1,5,4.960000000000001,3.96,32.62831112321538,0.7787999999999999,,,,21.993799999999997,74.12299999999999,,,0.0,,1.0,,,,,,,,0,2,,,20.23,,,,,,0.0,
1,solubility,regression,NB01_solubility,1-pentanol,CCCCCO,,0,15.900134529890124,4.82842712474619,2.914213562373095,,,1.0,,,,,1,1,6,5.959999999999999,4.960000000000001,38.99325323761199,1.1689,,,,26.61079999999999,88.14999999999999,,,0.0,,1.0,,,,,,,,0,3,,,20.23,,,,,,0.13,
1,solubility,regression,NB01_solubility,1-hexanol,CCCCCCO,,0,23.360990398949916,5.535533905932738,3.414213562373095,,,1.0,,,,,1,1,7,6.96,5.959999999999999,45.35819535200859,1.559,,,,31.22779999999998,102.177,,,0.0,,1.0,,,,,,,,0,4,,,20.23,,,,,,-0.68,
1,solubility,regression,NB01_solubility,1-heptanol,CCCCCCCO,,0,29.368065554250645,6.242640687119286,3.914213562373095,,,1.0,,,,,1,1,8,7.96,6.96,51.723137466405205,1.9491,,,,35.84479999999999,116.204,,,0.0,,1.0,,,,,,,,0,5,,,20.23,,,,,,-1.16,
1,solubility,regression,NB01_solubility,1-octanol,CCCCCCCCO,,0,37.83229392178728,6.949747468305834,4.414213562373095,,,1.0,,,,,1,1,9,8.960000000000003,7.960000000000003,58.08807958080182,2.3392000000000013,,,,40.4618,130.23100000000002,,,0.0,,1.0,,,,,,,,0,6,,,20.23,,,,,,-1.67,
1,solubility,regression,NB01_solubility,acetone,CC(C)=O,,0,26.264662506490403,3.5773502691896257,1.7320508075688772,,,0.6666666666666666,,,,,1,0,4,3.67,1.0445318352059925,25.63065735666653,0.5952999999999999,,,,16.355,58.080000000000005,,,0.0,,1.0,,,,,,,,0,0,,,17.07,,,,,,0.88,
1,solubility,regression,NB01_solubility,acetic acid,CC(=O)O,,0,27.019550008653873,3.5773502691896257,1.7320508075688772,,,0.5,,,,,1,1,4,3.47,0.8748582995951415,24.059948994465937,0.0908999999999999,,,,13.3098,60.05200000000001,,,0.0,,2.0,,,,,,,,0,0,,,37.3,,,,,,1.11,
1,solubility,regression,NB01_solubility,urea,NC(N)=O,,0,29.019550008653873,3.5773502691896257,1.7320508075688772,,,0.0,,,,,1,2,4,3.2700000000000005,0.7105286343612336,23.580554521898744,-0.9762000000000002,,,,13.7708,60.056,,,0.0,,3.0,,,,,,,,0,0,,,69.11,,,,,,1.39,
1,solubility,regression,NB01_solubility,glycine,NCC(=O)O,,0,42.91260938324327,4.284457050376173,2.270055610029662,,,0.5,,,,,2,2,5,4.43,1.7215451895043727,29.39983969147865,-0.9703,,,,16.6902,75.067,,,0.0,,3.0,,,,,,,,0,1,,,63.32000000000001,,,,,,0.99,
1,solubility,regression,NB01_solubility,alanine,CC(N)C(=O)O,,0,59.813537528125096,5.1547005383792515,2.6427344100918364,,,0.6666666666666666,,,,,2,2,6,5.43,1.7676338396942162,35.76478180587526,-0.5817999999999999,,,,21.285200000000003,89.09399999999998,,,0.0,,3.0,,,,,,,,0,1,,,63.32000000000001,,,,,,0.62,
1,solubility,regression,NB01_solubility,leucine,CC(C)CC(N)C(=O)O,,0,101.23098268032228,7.439157588755425,4.036581260209188,,,0.8333333333333334,,,,,2,2,9,8.43,3.454517317421779,54.859608149065075,0.4443999999999999,,,,35.06619999999998,131.175,,,0.0,,3.0,,,,,,,,0,3,,,63.32000000000001,,,,,,-0.42,
1,solubility,regression,NB01_solubility,phenylalanine,NC(Cc1ccccc1)C(=O)O,,1,258.4908622767174,8.974691494688164,5.698377302757663,,,0.2222222222222222,,,,,2,2,12,8.743896713615024,3.875200928497633,70.82187601193928,0.641,,,,45.75720000000002,165.19199999999995,,,0.0,,3.0,,,,,,,,1,3,,,63.32000000000001,,,,,,-1.05,
1,solubility,regression,NB01_solubility,glucose,OCC1OC(O)C(O)C(O)C1O,,0,146.2188491003481,9.300964908321223,5.574586062669973,,,1.0,,,,,6,5,12,9.845034013605442,3.648916103234773,68.64284443677029,-3.2214000000000005,,,,35.986,180.156,,,1.0,,6.0,,,,,,,,1,1,,,110.38,,,,,,0.34,
1,solubility,regression,NB01_solubility,sucrose,OCC1OC(CO)(OC2OC(CO)C(O)C(O)C2O)C(O)C1O,,0,393.2032272794937,17.361442840636293,10.806896738665586,,,1.0,,,,,11,8,23,18.89235232228663,7.207281294562587,130.4364576852225,-5.395599999999993,,,,68.64140000000003,342.297,,,2.0,,11.0,,,,,,,,2,5,,,189.52999999999997,,,,,,0.61,
1,solubility,regression,NB01_solubility,acetonitrile,CC#N,,0,24.264662506490403,2.7071067811865475,1.4142135623730951,,,0.5,,,,,1,0,3,2.490000000000001,1.4900000000000018,19.496772823694872,0.52988,,,,11.287,41.053,,,0.0,,1.0,,,,,,,,0,0,,,23.79,,,,,,0.32,
1,solubility,regression,NB01_solubility,dimethyl sulfoxide,CS(C)=O,,0,29.019550008653873,3.5773502691896257,1.7320508075688772,,,1.0,,,,,1,0,4,4.150000000000002,1.4674603174603182,28.47844734580207,-0.0052999999999999,,,,19.9904,78.136,,,0.0,,2.0,,,,,,,,0,0,,,17.07,,,,,,0.54,
1,solubility,regression,NB01_solubility,diethyl ether,CCOCC,,0,11.119415478763749,4.121320343559642,2.414213562373095,,,1.0,,,,,1,0,5,4.960000000000001,3.96,32.94762260052625,1.0428000000000002,,,,22.16699999999999,74.123,,,0.0,,1.0,,,,,,,,0,2,,,9.23,,,,,,-1.11,
1,solubility,regression,NB01_solubility,tetrahydrofuran,C1CCOC1,,0,15.21928094887362,3.5355339059327378,2.5,,,1.0,,,,,1,0,5,3.1616129032258065,1.4103121748178982,31.941791446997023,0.7968,,,,20.052999999999997,72.107,,,1.0,,1.0,,,,,,,,1,0,,,9.23,,,,,,-0.16,
1,solubility,regression,NB01_solubility,chloroform,ClC(Cl)Cl,,0,8.0,3.5773502691896257,1.7320508075688772,,,1.0,,,,,0,0,4,4.87,2.128397932816538,39.64904970847457,1.9864,,,,21.347,119.378,,,0.0,,3.0,,,,,,,,0,0,,,0.0,,,,,,-1.42,
1,solubility,regression,NB01_solubility,dichloromethane,ClCCl,,0,2.754887502163468,2.7071067811865475,1.4142135623730951,,,1.0,,,,,0,0,3,3.5799999999999996,2.58,29.3457834815929,1.4215,,,,16.573,84.93299999999999,,,0.0,,2.0,,,,,,,,0,0,,,0.0,,,,,,-1.64,
1,solubility,regression,NB01_solubility,carbon tetrachloride,ClC(Cl)(Cl)Cl,,0,19.11941547876375,4.5,2.0,,,1.0,,,,,0,0,5,6.16,1.741848256920821,49.952315935356246,2.5529,,,,26.143,153.823,,,0.0,,4.0,,,,,,,,0,0,,,0.0,,,,,,-2.16,
1,solubility,regression,NB01_solubility,trichloroethylene,ClC(=CCl)Cl,,0,42.854752972273346,4.284457050376173,2.270055610029662,,,0.0,,,,,0,0,5,5.609999999999999,2.826919739696312,45.324388790686925,2.5017000000000005,,,,25.642,131.389,,,0.0,,3.0,,,,,,,,0,0,,,0.0,,,,,,-2.31,
1,solubility,regression,NB01_solubility,atrazine,CCNc1nc(Cl)nc(NC(C)C)n1,,1,301.78315486014867,10.55204176387779,6.613392202930193,,,0.625,,,,,5,2,14,10.977519379844964,4.95024333881867,88.3180482284173,1.7770999999999997,,,,57.75940000000002,215.688,,,0.0,,6.0,,,,,,,,1,4,,,62.73,,,,,,-2.61,
1,solubility,regression,NB01_solubility,lindane,ClC1CC(Cl)C(Cl)C(Cl)C1Cl,,0,124.93433232624652,8.593858127134677,5.036581260209188,,,1.0,,,,,0,0,11,10.530321285140564,4.106267189924549,91.07446158069172,3.427100000000001,,,,52.822000000000024,256.387,,,1.0,,5.0,,,,,,,,1,0,,,0.0,,,,,,-3.72,
1,solubility,regression,NB01_solubility,ibuprofen,CC(C)Cc1ccc(C(C)C(=O)O)cc1,,1,324.8941190021566,11.422285251880869,7.002907755397974,,,0.4615384615384615,,,,,1,1,15,11.763046018991965,4.964460295417243,90.94175377251302,3.073200000000001,,,,61.03480000000004,206.28499999999997,,,0.0,,2.0,,,,,,,,1,4,,,37.3,,,,,,-3.1,
1,solubility,regression,NB01_solubility,acetaminophen,CC(=O)Nc1ccc(O)cc1,,1,253.29949758389105,8.267584713501616,5.1815405503520555,,,0.125,,,,,2,2,11,7.595374077976819,3.0531381005525,64.66690538413799,1.3505999999999998,,,,42.41050000000002,151.165,,,0.0,,3.0,,,,,,,,1,1,,,49.33,,,,,,0.07,
1,solubility,regression,NB01_solubility,dimethylformamide,CN(C)C=O,,0,33.87430298092722,4.284457050376173,2.270055610029662,,,0.6666666666666666,,,,,1,0,5,4.469999999999999,1.7581844380403455,31.390491026869903,-0.2956000000000001,,,,19.751,73.095,,,0.0,,2.0,,,,,,,,0,1,,,20.31,,,,,,0.12,
1,solubility,regression,NB01_solubility,N-methylpyrrolidone,CN1CCCC1=O,,0,90.08094399727418,5.276020881938894,3.304530452640311,,,0.8,,,,,1,0,7,4.624559505409582,1.5234757718400516,43.11454410213389,0.2385999999999999,,,,26.870999999999988,99.133,,,1.0,,2.0,,,,,,,,1,0,,,20.31,,,,,,-0.38,
1,solubility,regression,NB01_solubility,succinic acid,OC(=O)CCC(=O)O,,0,92.60593781761293,6.568914100752346,3.625897657686229,,,0.5,,,,,2,2,8,6.9399999999999995,3.009687481832753,45.74558907549893,-0.0642,,,,24.50559999999999,118.088,,,0.0,,4.0,,,,,,,,0,3,,,74.6,,,,,,0.2,
1,solubility,regression,NB01_solubility,malonic acid,OC(=O)CC(=O)O,,0,83.10802962390817,5.8618073195657985,3.125897657686229,,,0.3333333333333333,,,,,2,2,7,5.94,2.173434230067226,39.380646961102315,-0.4543,,,,19.888599999999997,104.061,,,0.0,,4.0,,,,,,,,0,2,,,74.6,,,,,,0.58,
1,solubility,regression,NB01_solubility,acrylamide,C=CC(N)=O,,0,57.91340299823497,4.284457050376173,2.270055610029662,,,0.0,,,,,1,1,5,4.21,1.5215264797507788,30.28094502149499,-0.3423,,,,19.3914,71.079,,,0.0,,2.0,,,,,,,,0,1,,,43.09,,,,,,0.52,
1,solubility,regression,NB01_solubility,2-chloroaniline,Nc1ccccc1Cl,,1,164.63833891467198,5.983127663125442,3.804530452640311,,,0.0,,,,,1,1,8,5.446798905608755,2.052669547891518,53.07456004339135,1.9222,,,,35.86440000000001,127.574,,,0.0,,2.0,,,,,,,,1,0,,,26.02,,,,,,-1.8,
1,solubility,regression,NB01_solubility,4-chloroaniline,Nc1ccc(Cl)cc1,,1,147.38833891467198,5.983127663125442,3.787693700234704,,,0.0,,,,,1,1,8,5.446798905608755,2.052669547891518,53.07456004339135,1.9222,,,,35.86440000000002,127.574,,,0.0,,2.0,,,,,,,,1,0,,,26.02,,,,,,-2.4,
1,solubility,regression,NB01_solubility,"2,4-dichloroaniline",Clc1ccc(N)cc1Cl,,1,222.29788705001033,6.8533711511285205,4.198377302757663,,,0.0,,,,,1,1,9,6.716279069767443,2.4602853745541022,63.377826270273026,2.5755999999999997,,,,40.87440000000001,162.019,,,0.0,,3.0,,,,,,,,1,0,,,26.02,,,,,,-2.77,
1,solubility,regression,NB01_solubility,"3,4-dichlorophenyl isocyanate",Clc1ccc(N=C=O)cc1Cl,,1,318.2166542987258,8.267584713501616,5.236382105218447,,,0.0,,,,,2,0,11,8.278231827111984,3.5360505755490106,73.4597222735608,2.9607,,,,44.2435,188.013,,,0.0,,4.0,,,,,,,,1,1,,,29.43,,,,,,-3.18,
1,solubility,regression,NB01_solubility,veratrole,COc1ccc(OC)cc1,,1,167.91749419417292,7.397341225498538,4.863703305156274,,,0.25,,,,,2,0,10,6.933378684807257,3.1068549717952316,60.38837780730394,1.7038,,,,39.546000000000014,138.166,,,0.0,,2.0,,,,,,,,1,2,,,18.46,,,,,,-2.08,
1,solubility,regression,NB01_solubility,gamma-butyrolactone,O=C1CCCO1,,0,59.94833690207419,4.405777393935816,2.893846850117352,,,0.75,,,,,2,0,6,3.6528153564899446,1.2857540807770496,36.10331354704079,0.3234,,,,20.19299999999999,86.09,,,1.0,,2.0,,,,,,,,1,0,,,26.3,,,,,,-0.55,
1,solubility,regression,NB01_solubility,2-butanol,CCC(C)O,,0,17.609640474436812,4.284457050376173,2.270055610029662,,,1.0,,,,,1,1,5,4.960000000000001,2.212525252525253,32.62831112321538,0.7771999999999999,,,,21.971799999999995,74.12299999999999,,,0.0,,1.0,,,,,,,,0,1,,,20.23,,,,,,0.1,
2,boiling_point,regression,NB02_boiling_point,methane,C,,0,0.0,0.0,0.0,,,1.0,,,,,0,0,1,0.0,0.0,8.739251027829551,0.6361,,-0.0775578911930755,-0.0775578911930755,6.731,16.043,,,0.0,,0.0,,,0.0,,,,,0,0,,,0.0,,,,-161.5,,,
2,boiling_point,regression,NB02_boiling_point,ethane,CC,,0,0.0,2.0,1.0,,,1.0,,,,,0,0,2,2.0,0.0,15.104193142226158,1.0262,,-0.0682623834205916,-0.0682623834205916,11.348000000000004,30.07,,,0.0,,0.0,,,0.0,,,,,0,0,,,0.0,,,,-88.6,,,
2,boiling_point,regression,NB02_boiling_point,propane,CCC,,0,0.0,2.7071067811865475,1.4142135623730951,,,1.0,,,,,0,0,3,3.0,2.0,21.469135256622767,1.4163,,-0.0590383639290487,-0.0656454412102395,15.965000000000003,44.097,,,0.0,,0.0,,,0.0,,,,,0,0,,,0.0,,,,-42.1,,,
2,boiling_point,regression,NB02_boiling_point,butane,CCCC,,0,2.0,3.414213562373095,1.914213562373095,,,1.0,,,,,0,0,4,4.0,3.0,27.834077371019376,1.8064,,-0.0564343704175863,-0.0653924428808516,20.582,58.124,,,0.0,,0.0,,,0.0,,,,,0,1,,,0.0,,,,-0.5,,,
2,boiling_point,regression,NB02_boiling_point,pentane,CCCCC,,0,7.509775004326936,4.121320343559642,2.414213562373095,,,1.0,,,,,0,0,5,5.0,4.0,34.19901948541599,2.1965000000000003,,-0.0538313154318367,-0.0653825553793841,25.19899999999999,72.151,,,0.0,,0.0,,,0.0,,,,,0,2,,,0.0,,,,36.1,,,
2,boiling_point,regression,NB02_boiling_point,hexane,CCCCCC,,0,12.0,4.82842712474619,2.914213562373095,,,1.0,,,,,0,0,6,6.0,5.0,40.563961599812586,2.5866000000000007,,-0.0535787022523684,-0.0653823845981235,29.81599999999998,86.178,,,0.0,,0.0,,,0.0,,,,,0,3,,,0.0,,,,68.7,,,
2,boiling_point,regression,NB02_boiling_point,heptane,CCCCCCC,,0,19.219280948873624,5.535533905932738,3.414213562373095,,,1.0,,,,,0,0,7,7.0,6.0,46.92890371420919,2.976700000000002,,-0.0533260917522132,-0.0653823832280402,34.432999999999986,100.205,,,0.0,,0.0,,,0.0,,,,,0,4,,,0.0,,,,98.4,,,
2,boiling_point,regression,NB02_boiling_point,octane,CCCCCCCC,,0,25.019550008653876,6.242640687119286,3.914213562373095,,,1.0,,,,,0,0,8,8.0,7.0,53.29384582860581,3.3668000000000022,,-0.0533162045438967,-0.0653823832228023,39.05,114.232,,,0.0,,0.0,,,0.0,,,,,0,5,,,0.0,,,,125.7,,,
2,boiling_point,regression,NB02_boiling_point,nonane,CCCCCCCCC,,0,33.30296890880646,6.949747468305834,4.414213562373095,,,1.0,,,,,0,0,9,9.0,8.0,59.658787943002416,3.7569000000000026,,-0.0533063173371722,-0.0653823832227926,43.667000000000016,128.259,,,0.0,,0.0,,,0.0,,,,,0,6,,,0.0,,,,150.8,,,
2,boiling_point,regression,NB02_boiling_point,decane,CCCCCCCCCC,,0,40.0,7.656854249492381,4.914213562373096,,,1.0,,,,,0,0,10,10.0,9.0,66.02373005739904,4.147000000000004,,-0.0533061464398628,-0.0653823832227926,48.28400000000003,142.286,,,0.0,,0.0,,,0.0,,,,,0,7,,,0.0,,,,174.1,,,
2,boiling_point,regression,NB02_boiling_point,undecane,CCCCCCCCCCC,,0,49.05865002596163,8.36396103067893,5.414213562373096,,,1.0,,,,,0,0,11,11.0,10.0,72.38867217179563,4.537100000000004,,-0.0533059755425536,-0.0653823832227926,52.90100000000004,156.313,,,0.0,,0.0,,,0.0,,,,,0,8,,,0.0,,,,195.9,,,
2,boiling_point,regression,NB02_boiling_point,dodecane,CCCCCCCCCCCC,,0,56.43856189774725,9.071067811865476,5.914213562373096,,,1.0,,,,,0,0,12,12.0,11.0,78.75361428619225,4.9272000000000045,,-0.0533059741710883,-0.0653823832227926,57.51800000000005,170.33999999999995,,,0.0,,0.0,,,0.0,,,,,0,9,,,0.0,,,,216.3,,,
2,boiling_point,regression,NB02_boiling_point,tetradecane,CCCCCCCCCCCCCC,,0,74.03910001730775,10.485281374238571,6.914213562373096,,,1.0,,,,,0,0,14,14.0,13.0,91.48349851498548,5.707400000000006,,-0.053305972794379,-0.0653823832227926,66.75200000000007,198.39399999999995,,,0.0,,0.0,,,0.0,,,,,0,11,,,0.0,,,,253.5,,,
2,boiling_point,regression,NB02_boiling_point,hexadecane,CCCCCCCCCCCCCCCC,,0,92.6059378176129,11.899494936611667,7.914213562373096,,,1.0,,,,,0,0,16,16.0,15.0,104.2133827437787,6.487600000000007,,-0.0533059727891253,-0.0653823832227926,75.98600000000008,226.44799999999992,,,0.0,,0.0,,,0.0,,,,,0,13,,,0.0,,,,286.9,,,
2,boiling_point,regression,NB02_boiling_point,isobutane,CC(C)C,,0,4.754887502163469,3.5773502691896257,1.7320508075688772,,,1.0,,,,,0,0,4,4.0,1.3333333333333333,27.83407737101937,1.6623,,-0.0499860811430797,-0.0630372541818288,20.512,58.124,,,0.0,,0.0,,,0.0,,,,,0,0,,,0.0,,,,-11.7,,,
2,boiling_point,regression,NB02_boiling_point,isopentane,CCC(C)C,,0,14.0,4.284457050376173,2.270055610029662,,,1.0,,,,,0,0,5,5.0,2.25,34.19901948541598,2.0524,,-0.0473949256098791,-0.0651384089973608,25.12899999999999,72.151,,,0.0,,0.0,,,0.0,,,,,0,1,,,0.0,,,,27.7,,,
2,boiling_point,regression,NB02_boiling_point,neopentane,CC(C)(C)C,,0,15.509775004326936,4.5,2.0,,,1.0,,,,,0,0,5,5.0,1.0,34.19901948541599,2.0524,,-0.041101548149035,-0.0604381484947051,25.12899999999999,72.151,,,0.0,,0.0,,,0.0,,,,,0,0,,,0.0,,,,9.5,,,
2,boiling_point,regression,NB02_boiling_point,isohexane,CCCC(C)C,,0,21.219280948873624,4.99156383156272,2.770055610029662,,,1.0,,,,,0,0,6,6.0,3.2,40.563961599812586,2.442500000000001,,-0.0471426354375666,-0.0653725981789939,29.74599999999998,86.178,,,0.0,,0.0,,,0.0,,,,,0,2,,,0.0,,,,60.3,,,
2,boiling_point,regression,NB02_boiling_point,2-methylhexane,CCCCC(C)C,,0,29.01955000865387,5.698670612749268,3.270055610029662,,,1.0,,,,,0,0,7,7.0,4.166666666666667,46.92890371420919,2.832600000000001,,-0.0471327485220455,-0.0653822123901072,34.362999999999985,100.20499999999998,,,0.0,,0.0,,,0.0,,,,,0,3,,,0.0,,,,90.0,,,
2,boiling_point,regression,NB02_boiling_point,"2,2-dimethylbutane",CCC(C)(C)C,,0,29.793193904479523,5.207106781186548,2.5606601717798214,,,1.0,,,,,0,0,6,6.0,1.6326530612244898,40.563961599812586,2.442500000000001,,-0.0385231176562679,-0.0648833608384882,29.74599999999998,86.17799999999998,,,0.0,,0.0,,,0.0,,,,,0,0,,,0.0,,,,49.7,,,
2,boiling_point,regression,NB02_boiling_point,"2,3-dimethylbutane",CC(C)C(C)C,,0,21.019550008653876,5.154700538379252,2.6427344100918364,,,1.0,,,,,0,0,6,6.0,2.2222222222222223,40.563961599812586,2.2984,,-0.0448126590842044,-0.062529132306798,29.675999999999984,86.178,,,0.0,,0.0,,,0.0,,,,,0,1,,,0.0,,,,57.9,,,
2,boiling_point,regression,NB02_boiling_point,"2,2,4-trimethylpentane",CC(C)CC(C)(C)C,,0,54.92878689342032,6.784457050376173,3.4165022194363885,,,1.0,,,,,0,0,8,8.0,2.52,53.29384582860579,3.0786000000000016,,-0.0380182182521641,-0.0627537216075963,38.91,114.232,,,0.0,,0.0,,,0.0,,,,,0,1,,,0.0,,,,99.2,,,
2,boiling_point,regression,NB02_boiling_point,cyclopentane,C1CCCC1,,0,11.60964047443681,3.5355339059327378,2.5,,,1.0,,,,,0,0,5,3.2,1.44,33.19318833188676,1.9505,,-0.0533059727891157,-0.0533059727891157,23.084999999999997,70.135,,,1.0,,0.0,,,0.0,,,,,1,0,,,0.0,,,,49.3,,,
2,boiling_point,regression,NB02_boiling_point,cyclohexane,C1CCCCC1,,0,15.509775004326936,4.242640687119286,3.0,,,1.0,,,,,0,0,6,4.166666666666667,2.2222222222222223,39.55813044628337,2.3406,,-0.0533059727891157,-0.0533059727891157,27.701999999999984,84.162,,,1.0,,0.0,,,0.0,,,,,1,0,,,0.0,,,,80.7,,,
2,boiling_point,regression,NB02_boiling_point,cycloheptane,C1CCCCCC1,,0,19.651484454403228,4.949747468305834,3.5,,,1.0,,,,,0,0,7,5.142857142857143,3.061224489795918,45.92307256067998,2.730700000000001,,-0.0533059727891157,-0.0533059727891157,32.31899999999998,98.189,,,1.0,,0.0,,,0.0,,,,,1,0,,,0.0,,,,118.5,,,
2,boiling_point,regression,NB02_boiling_point,cyclooctane,C1CCCCCCC1,,0,24.0,5.6568542494923815,4.0,,,1.0,,,,,0,0,8,6.125,3.9375,52.28801467507659,3.120800000000002,,-0.0533059727891157,-0.0533059727891157,36.93599999999999,112.216,,,1.0,,0.0,,,0.0,,,,,1,0,,,0.0,,,,149.0,,,
2,boiling_point,regression,NB02_boiling_point,methylcyclopentane,CC1CCCC1,,0,33.30296890880646,4.405777393935816,2.893846850117352,,,1.0,,,,,0,0,6,4.166666666666667,1.6326530612244898,39.55813044628336,2.1965000000000003,,-0.0442800728356319,-0.062509722834086,27.631999999999984,84.162,,,1.0,,0.0,,,0.0,,,,,1,0,,,0.0,,,,71.8,,,
2,boiling_point,regression,NB02_boiling_point,methylcyclohexane,CC1CCCCC1,,0,42.0,5.112884175122364,3.393846850117352,,,1.0,,,,,0,0,7,5.142857142857143,2.34375,45.92307256067996,2.5866000000000007,,-0.044280075595161,-0.0625097228447045,32.24899999999998,98.189,,,1.0,,0.0,,,0.0,,,,,1,0,,,0.0,,,,100.9,,,
2,boiling_point,regression,NB02_boiling_point,ethylcyclohexane,CCC1CCCCC1,,0,51.058650025961626,5.819990956308912,3.931851652578137,,,1.0,,,,,0,0,8,6.125,3.111111111111111,52.288014675076575,2.976700000000002,,-0.0416908610546722,-0.0651181814171218,36.86599999999999,112.216,,,1.0,,0.0,,,0.0,,,,,1,1,,,0.0,,,,131.8,,,
2,boiling_point,regression,NB02_boiling_point,ethylene,C=C,,0,0.0,2.0,1.0,,,0.0,,,,,0,0,2,1.74,0.74,14.414590110041903,0.8022,,-0.1063110746123637,-0.1063110746123637,11.254,28.053999999999995,,,0.0,,0.0,,,0.0,,,,,0,0,,,0.0,,,,-103.7,,,
2,boiling_point,regression,NB02_boiling_point,propylene,CC=C,,0,7.509775004326936,2.7071067811865475,1.4142135623730951,,,0.3333333333333333,,,,,0,0,3,2.7400000000000007,1.740000000000001,20.779532224438512,1.1923,,-0.0472598095819833,-0.1033612507472694,15.871000000000002,42.081,,,0.0,,0.0,,,0.0,,,,,0,0,,,0.0,,,,-47.6,,,
2,boiling_point,regression,NB02_boiling_point,1-butene,CCC=C,,0,14.0,3.414213562373095,1.914213562373095,,,0.5,,,,,0,0,4,3.7400000000000007,2.7400000000000007,27.14447433883512,1.5824,,-0.0382003936054866,-0.1030932271211614,20.488,56.108,,,0.0,,0.0,,,0.0,,,,,0,1,,,0.0,,,,-6.3,,,
2,boiling_point,regression,NB02_boiling_point,1-pentene,CCCC=C,,0,21.219280948873624,4.121320343559642,2.414213562373095,,,0.6,,,,,0,0,5,4.74,3.7400000000000007,33.50941645323173,1.9725,,-0.0356039482616076,-0.1030831514746518,25.10499999999999,70.135,,,0.0,,0.0,,,0.0,,,,,0,2,,,0.0,,,,30.0,,,
2,boiling_point,regression,NB02_boiling_point,1-hexene,CCCCC=C,,0,29.01955000865387,4.82842712474619,2.914213562373095,,,0.6666666666666666,,,,,0,0,6,5.740000000000001,4.74,39.874358567628335,2.3626000000000005,,-0.035351360605688,-0.1030829803040114,29.721999999999984,84.16199999999999,,,0.0,,0.0,,,0.0,,,,,0,3,,,0.0,,,,63.5,,,
2,boiling_point,regression,NB02_boiling_point,1-octene,CCCCCCC=C,,0,46.0,6.242640687119286,3.914213562373095,,,0.75,,,,,0,0,8,7.739999999999999,6.74,52.604242796421545,3.142800000000002,,-0.0353412944885706,-0.1030829789362811,38.956,112.216,,,0.0,,0.0,,,0.0,,,,,0,5,,,0.0,,,,121.3,,,
2,boiling_point,regression,NB02_boiling_point,1-decene,CCCCCCCCC=C,,0,64.43856189774723,7.656854249492381,4.914213562373096,,,0.8,,,,,0,0,10,9.739999999999998,8.739999999999998,65.33412702521478,3.923000000000004,,-0.0353412931099314,-0.1030829789362716,48.190000000000026,140.26999999999998,,,0.0,,0.0,,,0.0,,,,,0,7,,,0.0,,,,170.6,,,
2,boiling_point,regression,NB02_boiling_point,cyclohexene,C1CC=CCC1,,0,45.058650025961626,4.242640687119286,3.0,,,0.6666666666666666,,,,,0,0,6,3.914216027874565,2.012323325522952,38.86852741409911,2.1166,,-0.0350625096766017,-0.0885390926211166,27.607999999999983,82.14600000000002,,,1.0,,0.0,,,0.0,,,,,1,0,,,0.0,,,,83.0,,,
2,boiling_point,regression,NB02_boiling_point,benzene,c1ccccc1,,1,71.96100505779535,4.242640687119286,3.0,,,0.0,,,,,0,0,6,3.411570881226053,1.6057694396735218,37.43140311949697,1.6866,,-0.0622685707820924,-0.0622685707820924,26.441999999999997,78.11399999999999,,,0.0,,0.0,,,0.0,,,,,1,0,,,0.0,,,,80.1,,,
2,boiling_point,regression,NB02_boiling_point,toluene,Cc1ccccc1,,1,129.96566024533826,5.112884175122364,3.393846850117352,,,0.1428571428571428,,,,,0,0,7,4.380771704180065,1.7832860398554335,43.79634523389357,1.99502,,-0.0397745263236275,-0.0622490857819948,31.17899999999999,92.141,,,0.0,,0.0,,,0.0,,,,,1,0,,,0.0,,,,110.6,,,
2,boiling_point,regression,NB02_boiling_point,ethylbenzene,CCc1ccccc1,,1,141.38429890473827,5.819990956308912,3.931851652578137,,,0.25,,,,,0,0,8,5.358504155124653,2.50834780755501,50.16128734829017,2.249000000000001,,-0.0307440828251019,-0.0622487416550616,35.82,106.16799999999996,,,0.0,,0.0,,,0.0,,,,,1,1,,,0.0,,,,136.2,,,
2,boiling_point,regression,NB02_boiling_point,o-xylene,Cc1ccccc1C,,1,156.14811391899892,5.983127663125442,3.804530452640311,,,0.25,,,,,0,0,8,5.358504155124653,1.993744712287256,50.16128734829018,2.30344,,-0.0395114921799696,-0.0619851918863299,35.916,106.168,,,0.0,,0.0,,,0.0,,,,,1,0,,,0.0,,,,144.4,,,
2,boiling_point,regression,NB02_boiling_point,m-xylene,Cc1cccc(C)c1,,1,159.89811391899892,5.983127663125442,3.787693700234704,,,0.25,,,,,0,0,8,5.358504155124653,1.993744712287256,50.16128734829017,2.30344,,-0.0397646050489469,-0.0617408714267734,35.916,106.168,,,0.0,,0.0,,,0.0,,,,,1,0,,,0.0,,,,139.1,,,
2,boiling_point,regression,NB02_boiling_point,p-xylene,Cc1ccc(C)cc1,,1,138.89811391899892,5.983127663125442,3.787693700234704,,,0.25,,,,,0,0,8,5.358504155124653,1.993744712287256,50.16128734829017,2.30344,,-0.0397741940817219,-0.0590625791802387,35.916,106.168,,,0.0,,0.0,,,0.0,,,,,1,0,,,0.0,,,,138.4,,,
2,boiling_point,regression,NB02_boiling_point,n-propylbenzene,CCCc1ccccc1,,1,152.9490957526401,6.52709773749546,4.431851652578137,,,0.3333333333333333,,,,,0,0,9,6.341654501216546,3.285913486196659,56.52622946268679,2.639100000000001,,-0.0281497984879188,-0.0650654381445557,40.43700000000001,120.19499999999996,,,0.0,,0.0,,,0.0,,,,,1,2,,,0.0,,,,159.2,,,
2,boiling_point,regression,NB02_boiling_point,isopropylbenzene,CC(C)c1ccccc1,,1,162.65300142116237,6.69023444431199,4.304530452640311,,,0.3333333333333333,,,,,0,0,9,6.341654501216546,2.6743372612696805,56.52622946268678,2.8100000000000014,,-0.0218823856167071,-0.0622483947466908,40.53100000000002,120.19499999999996,,,0.0,,0.0,,,0.0,,,,,1,1,,,0.0,,,,152.4,,,
2,boiling_point,regression,NB02_boiling_point,n-butylbenzene,CCCCc1ccccc1,,1,164.65300142116237,7.234204518682008,4.931851652578137,,,0.4,,,,,0,0,10,7.328459869848157,4.102460621704116,62.89117157708339,3.029200000000001,,-0.0278972951426049,-0.0653710717316953,45.05400000000003,134.22199999999998,,,0.0,,0.0,,,0.0,,,,,1,3,,,0.0,,,,183.3,,,
2,boiling_point,regression,NB02_boiling_point,styrene,C=Cc1ccccc1,,1,162.65300142116237,5.819990956308912,3.931851652578137,,,0.0,,,,,0,0,8,5.10367816091954,2.3141072195146584,49.47168431610592,2.3296,,-0.0262557893778424,-0.0984700500401651,36.53300000000001,104.15199999999996,,,0.0,,0.0,,,0.0,,,,,1,1,,,0.0,,,,145.2,,,
2,boiling_point,regression,NB02_boiling_point,naphthalene,c1ccc2ccccc2c1,,2,271.01518240905483,6.811554787871634,4.9663264951887856,,,0.0,,,,,0,0,10,5.482229779997874,2.143052886105772,60.11306765123217,2.839800000000001,,-0.0184042506724422,-0.061629711446875,43.94800000000003,128.17399999999995,,,0.0,,0.0,,,0.0,,,,,2,0,,,0.0,,,,218.0,,,
2,boiling_point,regression,NB02_boiling_point,anthracene,c1ccc2cc3ccccc3cc2c1,,3,488.7590985891404,9.38046888862398,6.932652990377571,,,0.0,,,,,0,0,14,7.571439103526888,2.8450836230123144,82.79473218296737,3.993000000000002,,-0.0177651677696976,-0.0616293497845887,61.45400000000003,178.23399999999995,,,0.0,,0.0,,,0.0,,,,,3,0,,,0.0,,,,342.0,,,
2,boiling_point,regression,NB02_boiling_point,phenanthrene,c1ccc2c(c1)ccc1ccccc12,,3,539.0090985891403,9.38046888862398,6.949489742783178,,,0.0,,,,,0,0,14,7.571439103526888,2.8450836230123144,82.79473218296738,3.993000000000002,,-0.0105415350828747,-0.0616289927108002,61.45400000000004,178.23399999999998,,,0.0,,0.0,,,0.0,,,,,3,0,,,0.0,,,,340.0,,,
2,boiling_point,regression,NB02_boiling_point,biphenyl,c1ccc(-c2ccccc2)cc1,,2,297.4313204906765,8.225768350244728,5.9663264951887856,,,0.0,,,,,0,0,12,7.108736857548047,3.224946401577644,72.48849732556099,3.353600000000001,,-0.0184042560761494,-0.0622253948936662,51.87800000000003,154.21199999999996,,,0.0,,0.0,,,0.0,,,,,2,1,,,0.0,,,,255.2,,,
2,boiling_point,regression,NB02_boiling_point,fluorene,C1c2ccccc2-c2ccccc21,,2,411.600419055168,8.673362107437432,6.449489742783179,,,0.0769230769230769,,,,,0,0,13,6.902850765306124,2.4617954580094508,77.84760828642837,3.257800000000002,,-0.0013455207947278,-0.0619392448998263,54.684000000000026,166.22299999999998,,,1.0,,0.0,,,0.0,,,,,3,0,,,0.0,,,,295.0,,,
2,boiling_point,regression,NB02_boiling_point,indene,C1=Cc2ccccc21,,1,208.54855562204065,5.397341225498538,3.966326495188786,,,0.0,,,,,0,0,8,3.90189540668165,1.2206425488837975,48.46585316257669,2.1704,,-0.0183822819317396,-0.0616297086798672,35.370000000000005,102.13599999999995,,,1.0,,0.0,,,0.0,,,,,2,0,,,0.0,,,,182.0,,,
2,boiling_point,regression,NB02_boiling_point,tetralin,C1CCc2ccccc2C1,,1,200.23484899951495,6.811554787871634,4.9663264951887856,,,0.4,,,,,0,0,10,5.964482443005351,2.4517901863265905,61.88534042355416,2.5654000000000003,,-0.0276026667140096,-0.0619744025679589,43.08400000000002,132.20599999999996,,,1.0,,0.0,,,0.0,,,,,2,0,,,0.0,,,,207.2,,,
2,boiling_point,regression,NB02_boiling_point,methanol,CO,,0,2.0,2.0,1.0,,,1.0,,,,,1,1,2,1.96,0.9600000000000016,13.533484780025564,-0.3915,,0.0319406837177281,-0.3996302435573072,8.1428,32.042,,,0.0,,1.0,,,0.0,,,,,0,0,,,20.23,,,,64.7,,,
2,boiling_point,regression,NB02_boiling_point,ethanol,CCO,,0,2.754887502163468,2.7071067811865475,1.4142135623730951,,,1.0,,,,,1,1,3,2.9600000000000004,1.96,19.89842689442217,-0.0014,,0.0402205817490864,-0.3966637147812598,12.759800000000002,46.069,,,0.0,,1.0,,,0.0,,,,,0,0,,,20.23,,,,78.4,,,
2,boiling_point,regression,NB02_boiling_point,1-propanol,CCCO,,0,5.245112497836532,3.414213562373095,1.914213562373095,,,1.0,,,,,1,1,4,3.96,2.9600000000000004,26.26336900881878,0.3887,,0.0427892799205337,-0.3963873506323361,17.376800000000003,60.096,,,0.0,,1.0,,,0.0,,,,,0,1,,,20.23,,,,97.2,,,
2,boiling_point,regression,NB02_boiling_point,2-propanol,CC(O)C,,0,8.0,3.5773502691896257,1.7320508075688772,,,1.0,,,,,1,1,4,3.96,1.297837837837838,26.263369008818778,0.3871,,0.0483476118086921,-0.3937069016405105,17.3548,60.096,,,0.0,,1.0,,,0.0,,,,,0,0,,,20.23,,,,82.4,,,
2,boiling_point,regression,NB02_boiling_point,1-butanol,CCCCO,,0,11.119415478763749,4.121320343559642,2.414213562373095,,,1.0,,,,,1,1,5,4.960000000000001,3.96,32.62831112321538,0.7787999999999999,,0.0430422834852069,-0.3963767520692109,21.9938,74.12299999999999,,,0.0,,1.0,,,0.0,,,,,0,2,,,20.23,,,,117.7,,,
2,boiling_point,regression,NB02_boiling_point,2-butanol,CCC(O)C,,0,17.609640474436812,4.284457050376173,2.270055610029662,,,1.0,,,,,1,1,5,4.960000000000001,2.212525252525253,32.62831112321538,0.7771999999999999,,0.050903904353539,-0.3934300872216237,21.971799999999995,74.123,,,0.0,,1.0,,,1.0,,,,,0,1,,,20.23,,,,99.5,,,
2,boiling_point,regression,NB02_boiling_point,tert-butanol,CC(C)(C)O,,0,19.11941547876375,4.5,2.0,,,1.0,,,,,1,1,5,4.960000000000001,0.9767560019818928,32.62831112321538,0.7771999999999999,,0.0563258534106586,-0.3907600879079809,21.971799999999995,74.12299999999999,,,0.0,,1.0,,,0.0,,,,,0,0,,,20.23,,,,82.2,,,
2,boiling_point,regression,NB02_boiling_point,1-pentanol,CCCCCO,,0,15.900134529890124,4.82842712474619,2.914213562373095,,,1.0,,,,,1,1,6,5.959999999999999,4.960000000000001,38.99325323761199,1.1689,,0.0430522334535721,-0.3963765707960063,26.61079999999999,88.14999999999999,,,0.0,,1.0,,,0.0,,,,,0,3,,,20.23,,,,138.0,,,
2,boiling_point,regression,NB02_boiling_point,1-hexanol,CCCCCCO,,0,23.36099039894992,5.535533905932738,3.414213562373095,,,1.0,,,,,1,1,7,6.96,5.959999999999999,45.35819535200859,1.559,,0.043052405838714,-0.396376569347818,31.22779999999998,102.177,,,0.0,,1.0,,,0.0,,,,,0,4,,,20.23,,,,157.6,,,
2,boiling_point,regression,NB02_boiling_point,1-heptanol,CCCCCCCO,,0,29.368065554250645,6.242640687119286,3.914213562373095,,,1.0,,,,,1,1,8,7.96,6.96,51.723137466405205,1.9491,,0.0430524072235813,-0.3963765693422926,35.84479999999999,116.204,,,0.0,,1.0,,,0.0,,,,,0,5,,,20.23,,,,176.3,,,
2,boiling_point,regression,NB02_boiling_point,1-octanol,CCCCCCCCO,,0,37.83229392178728,6.949747468305834,4.414213562373095,,,1.0,,,,,1,1,9,8.960000000000003,7.960000000000003,58.08807958080182,2.3392000000000013,,0.0430524072288793,-0.3963765693422825,40.4618,130.23100000000002,,,0.0,,1.0,,,0.0,,,,,0,6,,,20.23,,,,195.2,,,
2,boiling_point,regression,NB02_boiling_point,1-decanol,CCCCCCCCCCO,,0,53.89311688209828,8.36396103067893,5.414213562373096,,,1.0,,,,,1,1,11,10.96,9.96,70.81796380959506,3.119400000000002,,0.043052407228889,-0.3963765693422824,49.69580000000003,158.285,,,0.0,,1.0,,,0.0,,,,,0,8,,,20.23,,,,229.0,,,
2,boiling_point,regression,NB02_boiling_point,cyclohexanol,OC1CCCCC1,,0,46.14170945007629,5.112884175122364,3.393846850117352,,,1.0,,,,,1,1,7,5.10367816091954,2.3141072195146584,44.35236419847938,1.3114,,0.0539847748448125,-0.3931313824678402,29.091799999999985,100.161,,,1.0,,1.0,,,0.0,,,,,1,0,,,20.23,,,,161.1,,,
2,boiling_point,regression,NB02_boiling_point,benzyl alcohol,OCc1ccccc1,,1,145.73281445033504,5.819990956308912,3.931851652578137,,,0.1428571428571428,,,,,1,1,8,5.319275766016713,2.478228728905256,48.59057898608958,1.1789,,0.0681369397217478,-0.3916804684282009,32.364799999999995,108.13999999999996,,,0.0,,1.0,,,0.0,,,,,1,1,,,20.23,,,,205.4,,,
2,boiling_point,regression,NB02_boiling_point,phenol,Oc1ccccc1,,1,134.10736969541455,5.112884175122364,3.393846850117352,,,0.0,,,,,1,1,7,4.18611295681063,1.6461962159398054,42.22563687169298,1.3922,,0.1150748194752798,-0.5079669948663066,28.106799999999996,94.113,,,0.0,,1.0,,,0.0,,,,,1,0,,,20.23,,,,181.8,,,
2,boiling_point,regression,NB02_boiling_point,o-cresol,Cc1ccccc1O,,1,160.49662946459569,5.983127663125442,3.804530452640311,,,0.1428571428571428,,,,,1,1,8,5.162450142450142,1.864622199497544,48.59057898608958,1.70062,,0.1179796186843986,-0.5076872844527907,32.843799999999995,108.14,,,0.0,,1.0,,,0.0,,,,,1,0,,,20.23,,,,191.0,,,
2,boiling_point,regression,NB02_boiling_point,m-cresol,Cc1cccc(O)c1,,1,164.24662946459569,5.983127663125442,3.787693700234704,,,0.1428571428571428,,,,,1,1,8,5.162450142450142,1.864622199497544,48.59057898608958,1.7006199999999998,,0.1153396524534321,-0.5079565717457838,32.843799999999995,108.14,,,0.0,,1.0,,,0.0,,,,,1,0,,,20.23,,,,202.2,,,
2,boiling_point,regression,NB02_boiling_point,p-cresol,Cc1ccc(O)cc1,,1,143.24662946459569,5.983127663125442,3.787693700234704,,,0.1428571428571428,,,,,1,1,8,5.162450142450142,1.864622199497544,48.59057898608958,1.7006199999999998,,0.1150944889513926,-0.5079666481555334,32.843799999999995,108.14,,,0.0,,1.0,,,0.0,,,,,1,0,,,20.23,,,,201.9,,,
2,boiling_point,regression,NB02_boiling_point,ethylene glycol,OCCO,,0,6.0,3.414213562373095,1.914213562373095,,,1.0,,,,,2,2,4,3.92,2.92,24.69266064661818,-1.029,,0.0662266396468172,-0.3939905415754596,14.171600000000002,62.068000000000005,,,0.0,,2.0,,,0.0,,,,,0,1,,,40.46,,,,197.3,,,
2,boiling_point,regression,NB02_boiling_point,glycerol,OCC(O)CO,,0,25.219280948873624,4.99156383156272,2.808060412490447,,,1.0,,,,,3,3,6,5.88,3.0849180327868857,35.851836513210806,-1.6681,,0.1000470260172347,-0.3935933161206694,20.1784,92.094,,,0.0,,3.0,,,0.0,,,,,0,2,,,60.69,,,,290.0,,,
2,boiling_point,regression,NB02_boiling_point,diethyl ether,CCOCC,,0,11.119415478763749,4.121320343559642,2.414213562373095,,,1.0,,,,,1,0,5,4.960000000000001,3.96,32.94762260052625,1.0428000000000002,,0.0437084125246928,-0.3820258357826421,22.16699999999999,74.123,,,0.0,,1.0,,,0.0,,,,,0,2,,,9.23,,,,34.6,,,
2,boiling_point,regression,NB02_boiling_point,dipropyl ether,CCCOCCC,,0,23.36099039894992,5.535533905932738,3.414213562373095,,,1.0,,,,,1,0,7,6.96,5.959999999999999,45.67750682931947,1.823,,0.0462900699892928,-0.3814740119982717,31.400999999999986,102.177,,,0.0,,1.0,,,0.0,,,,,0,4,,,9.23,,,,90.1,,,
2,boiling_point,regression,NB02_boiling_point,dibutyl ether,CCCCOCCCC,,0,37.83229392178728,6.949747468305834,4.414213562373095,,,1.0,,,,,1,0,9,8.960000000000003,7.960000000000003,58.40739105811268,2.603200000000001,,0.0465432723152332,-0.3814528145933262,40.635000000000005,130.231,,,0.0,,1.0,,,0.0,,,,,0,6,,,9.23,,,,142.4,,,
2,boiling_point,regression,NB02_boiling_point,tetrahydrofuran,C1CCOC1,,0,15.21928094887362,3.5355339059327378,2.5,,,1.0,,,,,1,0,5,3.1616129032258065,1.4103121748178982,31.941791446997023,0.7968,,0.0466381698498417,-0.3814493819627182,20.053,72.107,,,1.0,,1.0,,,0.0,,,,,1,0,,,9.23,,,,66.0,,,
2,boiling_point,regression,NB02_boiling_point,"1,4-dioxane",C1COCCO1,,0,21.019550008653876,4.242640687119286,3.0,,,1.0,,,,,2,0,6,4.088918918918919,2.157216946676406,37.05533667650391,0.0332,,0.0701143954655702,-0.3766676360734525,21.637999999999995,88.106,,,1.0,,2.0,,,0.0,,,,,1,0,,,18.46,,,,101.1,,,
2,boiling_point,regression,NB02_boiling_point,anisole,COc1ccccc1,,1,145.73281445033504,5.819990956308912,3.931851652578137,,,0.1428571428571428,,,,,1,0,8,5.162450142450142,2.3586048594225155,48.90989046340045,1.6952,,0.1183577151370223,-0.4967685686134767,32.99399999999999,108.13999999999996,,,0.0,,1.0,,,0.0,,,,,1,1,,,9.23,,,,153.7,,,
2,boiling_point,regression,NB02_boiling_point,diphenyl ether,c1ccc(Oc2ccccc2)cc1,,2,315.89864866417315,8.932875131431276,6.449489742783179,,,0.0,,,,,1,0,13,7.866895638429664,3.7642110484220974,77.60204255506788,3.478900000000001,,0.1269277489093993,-0.4573845977458952,52.958000000000034,170.21099999999998,,,0.0,,1.0,,,0.0,,,,,2,2,,,9.23,,,,258.0,,,
2,boiling_point,regression,NB02_boiling_point,methyl tert-butyl ether,CC(C)(C)OC,,0,33.69332843436965,5.207106781186548,2.5606601717798214,,,1.0,,,,,1,0,6,5.959999999999999,1.6056599286563615,39.31256471492286,1.4313,,0.0594252076440529,-0.3791035972502146,26.761999999999983,88.14999999999999,,,0.0,,1.0,,,0.0,,,,,0,0,,,9.23,,,,55.2,,,
2,boiling_point,regression,NB02_boiling_point,formaldehyde,C=O,,0,2.0,2.0,1.0,,,0.0,,,,,1,0,2,1.6699999999999997,0.6700000000000002,12.900773127873316,-0.1849,,0.1063822536585417,-0.3070970261864102,7.121,30.026,,,0.0,,1.0,,,0.0,,,,,0,0,,,17.07,,,,-19.0,,,
2,boiling_point,regression,NB02_boiling_point,acetaldehyde,CC=O,,0,10.264662506490405,2.7071067811865475,1.4142135623730951,,,0.5,,,,,1,0,3,2.67,1.6699999999999997,19.265715242269923,0.2052,,0.1164052831422626,-0.3037152698636692,11.738,44.053,,,0.0,,1.0,,,0.0,,,,,0,0,,,17.07,,,,20.2,,,
2,boiling_point,regression,NB02_boiling_point,propanal,CCC=O,,0,17.24511249783653,3.414213562373095,1.914213562373095,,,0.6666666666666666,,,,,1,0,4,3.67,2.67,25.63065735666653,0.5952999999999999,,0.1192149442880172,-0.3034142326161929,16.355,58.08,,,0.0,,1.0,,,0.0,,,,,0,1,,,17.07,,,,48.8,,,
2,boiling_point,regression,NB02_boiling_point,butanal,CCCC=O,,0,24.82892142331044,4.121320343559642,2.414213562373095,,,0.75,,,,,1,0,5,4.67,3.67,31.99559947106314,0.9854,,0.1194797811341422,-0.3034030972577946,20.972,72.107,,,0.0,,1.0,,,0.0,,,,,0,2,,,17.07,,,,74.8,,,
2,boiling_point,regression,NB02_boiling_point,pentanal,CCCCC=O,,0,32.919684538544,4.82842712474619,2.914213562373095,,,0.8,,,,,1,0,6,5.670000000000001,4.67,38.36054158545974,1.3755,,0.1194900211111074,-0.3034029096435604,25.588999999999988,86.13399999999999,,,0.0,,1.0,,,0.0,,,,,0,3,,,17.07,,,,103.4,,,
2,boiling_point,regression,NB02_boiling_point,hexanal,CCCCCC=O,,0,41.444678358882754,5.535533905932738,3.414213562373095,,,0.8333333333333334,,,,,1,0,7,6.670000000000001,5.670000000000001,44.72548369985635,1.7656,,0.119490197254345,-0.303402908155129,30.20599999999998,100.161,,,0.0,,1.0,,,0.0,,,,,0,4,,,17.07,,,,128.0,,,
2,boiling_point,regression,NB02_boiling_point,benzaldehyde,O=Cc1ccccc1,,1,167.00151696675914,5.819990956308912,3.931851652578137,,,0.0,,,,,1,0,8,5.035137880986937,2.262450086021194,47.95786733393734,1.4991,,0.149548028830363,-0.2978964116504968,31.829499999999992,106.12399999999997,,,0.0,,1.0,,,0.0,,,,,1,1,,,17.07,,,,178.1,,,
2,boiling_point,regression,NB02_boiling_point,cinnamaldehyde,O=C/C=C/c1ccccc1,,1,223.7433990600969,7.234204518682008,4.931851652578137,,,0.0,,,,,1,0,10,6.745874855156431,3.6165878630836255,59.998148530546295,1.8987,,0.1423572313677248,-0.2985636600410559,41.54000000000002,132.16199999999998,,,0.0,,1.0,,,0.0,,,,,1,2,,,17.07,,,,253.0,,,
2,boiling_point,regression,NB02_boiling_point,acetone,CC(C)=O,,0,26.264662506490403,3.5773502691896257,1.7320508075688772,,,0.6666666666666666,,,,,1,0,4,3.67,1.0445318352059925,25.63065735666653,0.5952999999999999,,0.1262679435601437,-0.3003439026871919,16.355,58.080000000000005,,,0.0,,1.0,,,0.0,,,,,0,0,,,17.07,,,,56.1,,,
2,boiling_point,regression,NB02_boiling_point,methyl ethyl ketone,CCC(C)=O,,0,38.912609383243264,4.284457050376173,2.270055610029662,,,0.75,,,,,1,0,5,4.67,1.9424795640326973,31.995599471063137,0.9854,,0.1290650325260376,-0.3000423849594125,20.972,72.10699999999999,,,0.0,,1.0,,,0.0,,,,,0,1,,,17.07,,,,79.6,,,
2,boiling_point,regression,NB02_boiling_point,2-pentanone,CCCC(C)=O,,0,47.90013452989013,4.99156383156272,2.770055610029662,,,0.8,,,,,1,0,6,5.670000000000001,2.884132762312634,38.36054158545974,1.3755,,0.1293295322706002,-0.3000312133185154,25.588999999999988,86.13399999999999,,,0.0,,1.0,,,0.0,,,,,0,2,,,17.07,,,,102.4,,,
2,boiling_point,regression,NB02_boiling_point,3-pentanone,CCC(=O)CC,,0,41.90013452989013,4.99156383156272,2.808060412490447,,,0.8,,,,,1,0,6,5.670000000000001,2.884132762312634,38.36054158545974,1.3755,,0.1318615217296646,-0.2997406513908195,25.588999999999988,86.134,,,0.0,,1.0,,,0.0,,,,,0,2,,,17.07,,,,101.7,,,
2,boiling_point,regression,NB02_boiling_point,cyclohexanone,O=C1CCCCC1,,0,68.24920506009684,5.112884175122364,3.393846850117352,,,0.8333333333333334,,,,,1,0,7,4.8199250374812594,2.101967961325131,43.719652546327126,1.5196,,0.132411327598581,-0.2997179089731855,28.091999999999985,98.145,,,1.0,,1.0,,,0.0,,,,,1,0,,,17.07,,,,155.6,,,
2,boiling_point,regression,NB02_boiling_point,acetophenone,CC(=O)c1ccccc1,,1,201.06743705866424,6.69023444431199,4.304530452640311,,,0.125,,,,,1,0,9,6.016742712294044,2.4437525520871133,54.32280944833394,1.8892,,0.1592984965742936,-0.2945122071568907,36.44650000000001,120.15099999999995,,,0.0,,1.0,,,0.0,,,,,1,1,,,17.07,,,,202.0,,,
2,boiling_point,regression,NB02_boiling_point,benzophenone,O=C(c1ccccc1)c1ccccc1,,2,376.003255415297,9.803118619434356,6.877010097711745,,,0.0,,,,,1,0,14,8.696948085233146,3.878969377162453,83.01496154000138,2.917600000000001,,0.1925196653354077,-0.2886159649049109,56.316500000000026,182.222,,,0.0,,1.0,,,0.0,,,,,2,2,,,17.07,,,,305.4,,,
2,boiling_point,regression,NB02_boiling_point,methyl isobutyl ketone,CC(=O)CC(C)C,,0,64.58027134782355,5.861807319565799,3.125897657686229,,,0.8333333333333334,,,,,1,0,7,6.670000000000001,2.779490232395047,44.72548369985634,1.6215,,0.1295951211737157,-0.3000199627172533,30.13599999999998,100.161,,,0.0,,1.0,,,0.0,,,,,0,2,,,17.07,,,,116.5,,,
2,boiling_point,regression,NB02_boiling_point,formic acid,OC=O,,0,10.264662506490405,2.7071067811865475,1.4142135623730951,,,0.0,,,,,1,1,3,2.47,1.4699999999999982,17.69500688006933,-0.2991999999999999,,0.2901288276176125,-0.483466609975982,8.6928,46.025,,,0.0,,2.0,,,0.0,,,,,0,0,,,37.3,,,,100.8,,,
2,boiling_point,regression,NB02_boiling_point,acetic acid,CC(=O)O,,0,27.019550008653876,3.5773502691896257,1.7320508075688772,,,0.5,,,,,1,1,4,3.47,0.8748582995951415,24.05994899446593,0.0908999999999999,,0.2996845531582142,-0.481433475172105,13.3098,60.05200000000001,,,0.0,,2.0,,,0.0,,,,,0,0,,,37.3,,,,117.9,,,
2,boiling_point,regression,NB02_boiling_point,propionic acid,CCC(=O)O,,0,40.1577218810798,4.284457050376173,2.270055610029662,,,0.6666666666666666,,,,,1,1,5,4.469999999999999,1.7581844380403455,30.42489110886254,0.481,,0.3025584374920559,-0.4812379170193394,17.9268,74.079,,,0.0,,2.0,,,0.0,,,,,0,1,,,37.3,,,,141.2,,,
2,boiling_point,regression,NB02_boiling_point,butyric acid,CCCC(=O)O,,0,49.50977500432694,4.99156383156272,2.770055610029662,,,0.75,,,,,1,1,6,5.469999999999999,2.693713646532438,36.78983322325915,0.8711,,0.3028289365794988,-0.4812305164094317,22.543799999999997,88.10599999999998,,,0.0,,2.0,,,0.0,,,,,0,2,,,37.3,,,,163.7,,,
2,boiling_point,regression,NB02_boiling_point,valeric acid,CCCCC(=O)O,,0,59.10049400592804,5.698670612749268,3.270055610029662,,,0.8,,,,,1,1,7,6.47,3.6528153564899446,43.15477533765576,1.2612,,0.3028393755682016,-0.4812303907895895,27.160799999999988,102.13299999999998,,,0.0,,2.0,,,0.0,,,,,0,3,,,37.3,,,,186.1,,,
2,boiling_point,regression,NB02_boiling_point,hexanoic acid,CCCCCC(=O)O,,0,68.92878689342031,6.405777393935816,3.770055610029662,,,0.8333333333333334,,,,,1,1,8,7.470000000000001,4.624559505409582,49.51971745205236,1.6513,,0.3028395550892085,-0.4812303897890361,31.77779999999998,116.15999999999998,,,0.0,,2.0,,,0.0,,,,,0,4,,,37.3,,,,205.8,,,
2,boiling_point,regression,NB02_boiling_point,octanoic acid,CCCCCCCC(=O)O,,0,89.25838096618138,7.819990956308912,4.770055610029662,,,0.875,,,,,1,1,10,9.47,6.588063754427392,62.24960168084558,2.4315,,0.3028395565321736,-0.481230389785217,41.0118,144.214,,,0.0,,2.0,,,0.0,,,,,0,6,,,37.3,,,,239.3,,,
2,boiling_point,regression,NB02_boiling_point,decanoic acid,CCCCCCCCCC(=O)O,,0,110.40620687739316,9.234204518682008,5.770055610029663,,,0.9,,,,,1,1,12,11.47,8.565510983763133,74.97948590963883,3.2117000000000013,,0.3028395565321837,-0.481230389785217,50.24580000000002,172.268,,,0.0,,2.0,,,0.0,,,,,0,8,,,37.3,,,,268.7,,,
2,boiling_point,regression,NB02_boiling_point,benzoic acid,OC(=O)c1ccccc1,,1,203.415952604261,6.69023444431199,4.304530452640311,,,0.0,,,,,1,1,9,5.820039011703511,2.306763635550358,52.75210108613335,1.3848,,0.3351782346710392,-0.4776392505801173,33.4013,122.12299999999996,,,0.0,,2.0,,,0.0,,,,,1,1,,,37.3,,,,249.2,,,
2,boiling_point,regression,NB02_boiling_point,oxalic acid,OC(=O)C(=O)O,,0,71.5488750216347,5.154700538379252,2.6427344100918364,,,0.0,,,,,2,2,6,4.939999999999998,1.3955229556294972,33.01570484670571,-0.8443999999999998,,0.4143587214951982,-0.4728148209556821,15.2716,90.03399999999999,,,0.0,,4.0,,,0.0,,,,,0,0,,,74.6,,,,365.0,,,
2,boiling_point,regression,NB02_boiling_point,acrylic acid,OC(=O)C=C,,0,55.91340299823497,4.284457050376173,2.270055610029662,,,0.0,,,,,1,1,5,4.21,1.5215264797507788,29.735288076678287,0.257,,0.3271981122452583,-0.4780891485530972,17.8328,72.06300000000002,,,0.0,,2.0,,,0.0,,,,,0,1,,,37.3,,,,141.0,,,
2,boiling_point,regression,NB02_boiling_point,methyl acetate,COC(C)=O,,0,40.1577218810798,4.284457050376173,2.270055610029662,,,0.6666666666666666,,,,,2,0,5,4.469999999999999,1.7581844380403455,30.74420258617341,0.1793,,0.3018471669894446,-0.4691981070510483,17.689999999999998,74.079,,,0.0,,2.0,,,0.0,,,,,0,0,,,26.3,,,,57.1,,,
2,boiling_point,regression,NB02_boiling_point,ethyl acetate,CCOC(C)=O,,0,49.50977500432694,4.99156383156272,2.770055610029662,,,0.75,,,,,2,0,6,5.469999999999999,2.693713646532438,37.10914470057002,0.5694,,0.3021127777269908,-0.4661718899744166,22.30699999999999,88.106,,,0.0,,2.0,,,0.0,,,,,0,1,,,26.3,,,,77.1,,,
2,boiling_point,regression,NB02_boiling_point,propyl acetate,CCCOC(C)=O,,0,59.10049400592804,5.698670612749268,3.270055610029662,,,0.8,,,,,2,0,7,6.47,3.6528153564899446,43.47408681496663,0.9595,,0.3021226973628453,-0.4658887398426499,26.923999999999985,102.13299999999998,,,0.0,,2.0,,,0.0,,,,,0,2,,,26.3,,,,101.5,,,
2,boiling_point,regression,NB02_boiling_point,butyl acetate,CCCCOC(C)=O,,0,68.92878689342031,6.405777393935816,3.770055610029662,,,0.8333333333333334,,,,,2,0,8,7.470000000000001,4.624559505409582,49.83902892936324,1.3496,,0.3021228665755719,-0.465877873906326,31.540999999999983,116.15999999999998,,,0.0,,2.0,,,0.0,,,,,0,3,,,26.3,,,,126.1,,,
2,boiling_point,regression,NB02_boiling_point,ethyl formate,CCOC=O,,0,26.07403392114697,4.121320343559642,2.414213562373095,,,0.6666666666666666,,,,,2,0,5,4.469999999999999,3.47,30.744202586173408,0.1793,,0.2925654199437486,-0.4681951816440358,17.689999999999998,74.07900000000001,,,0.0,,2.0,,,0.0,,,,,0,2,,,26.3,,,,54.3,,,
2,boiling_point,regression,NB02_boiling_point,methyl propanoate,COC(=O)CC,,0,43.50977500432694,4.99156383156272,2.808060412490447,,,0.75,,,,,2,0,6,5.469999999999999,2.693713646532438,37.10914470057002,0.5693999999999999,,0.3047207314409239,-0.4690029502830051,22.30699999999999,88.10600000000001,,,0.0,,2.0,,,0.0,,,,,0,1,,,26.3,,,,79.8,,,
2,boiling_point,regression,NB02_boiling_point,methyl benzoate,COC(=O)c1ccccc1,,1,215.9590174505521,7.397341225498538,4.842535255101096,,,0.125,,,,,2,0,10,6.805074798619103,3.011779444695785,59.43635467784082,1.4732,,0.3373414268354429,-0.4654175231959395,37.781500000000015,136.14999999999998,,,0.0,,2.0,,,0.0,,,,,1,1,,,26.3,,,,199.6,,,
2,boiling_point,regression,NB02_boiling_point,ethyl benzoate,CCOC(=O)c1ccccc1,,1,228.57786591623355,8.104448006685086,5.342535255101096,,,0.2222222222222222,,,,,2,0,11,7.793199174406604,3.7604813030666033,65.80129679223742,1.8633,,0.337607126808069,-0.4623913259160252,42.39850000000003,150.177,,,0.0,,2.0,,,0.0,,,,,1,2,,,26.3,,,,212.6,,,
2,boiling_point,regression,NB02_boiling_point,dimethyl phthalate,COC(=O)c1ccccc1C(=O)OC,,1,321.89456038916694,10.55204176387779,6.701907262607798,,,0.2,,,,,4,0,14,10.242236842105264,4.411323399666699,81.44130623618467,1.2597999999999998,,0.3382301748364015,-0.4653986201728268,49.12100000000002,194.18599999999995,,,0.0,,4.0,,,0.0,,,,,1,2,,,52.60000000000001,,,,283.7,,,
2,boiling_point,regression,NB02_boiling_point,ethylene carbonate,O=C1OCCO1,,0,60.43856189774725,4.405777393935816,2.893846850117352,,,0.6666666666666666,,,,,3,0,6,3.459753320683112,1.1614173210320275,34.85191666215107,0.1532,,0.5080088228937092,-0.4306570076196085,17.299999999999997,88.062,,,1.0,,3.0,,,0.0,,,,,1,0,,,35.53,,,,248.0,,,
2,boiling_point,regression,NB02_boiling_point,methylamine,CN,,0,2.0,2.0,1.0,,,1.0,,,,,1,1,2,1.96,0.9600000000000016,14.079141724842266,-0.4251,,-0.019502380004263,-0.3332690547570713,10.1114,31.058,,,0.0,,1.0,,,0.0,,,,,0,0,,,26.02,,,,-6.3,,,
2,boiling_point,regression,NB02_boiling_point,dimethylamine,CNC,,0,2.754887502163468,2.7071067811865475,1.4142135623730951,,,1.0,,,,,1,1,3,2.9600000000000004,1.96,20.6540553258342,-0.1644000000000001,,-0.0167454325465478,-0.3227722106803942,14.983700000000002,45.085,,,0.0,,1.0,,,0.0,,,,,0,0,,,12.03,,,,7.4,,,
2,boiling_point,regression,NB02_boiling_point,trimethylamine,CN(C)C,,0,8.0,3.5773502691896257,1.7320508075688772,,,1.0,,,,,1,0,4,3.96,1.297837837837838,27.228968926826138,0.1777999999999999,,-0.0140010497827221,-0.3124319659317336,19.611,59.112,,,0.0,,1.0,,,0.0,,,,,0,0,,,3.24,,,,2.9,,,
2,boiling_point,regression,NB02_boiling_point,ethylamine,CCN,,0,2.754887502163468,2.7071067811865475,1.4142135623730951,,,1.0,,,,,1,1,3,2.9600000000000004,1.96,20.444083839238875,-0.0349999999999998,,-0.0105762658292064,-0.3307484184390755,14.728400000000002,45.085,,,0.0,,1.0,,,0.0,,,,,0,0,,,26.02,,,,16.6,,,
2,boiling_point,regression,NB02_boiling_point,diethylamine,CCNCC,,0,11.119415478763749,4.121320343559642,2.414213562373095,,,1.0,,,,,1,1,5,4.960000000000001,3.96,33.38393955462742,0.6157999999999999,,-0.0077513611275276,-0.317281591027501,24.217699999999997,73.139,,,0.0,,1.0,,,0.0,,,,,0,2,,,12.03,,,,55.5,,,
2,boiling_point,regression,NB02_boiling_point,triethylamine,CCN(CC)CC,,0,25.651484454403228,5.698670612749268,3.346065214951232,,,1.0,,,,,1,0,7,6.96,4.127785234899329,46.32379527001597,1.3481,,-0.0047438541248239,-0.3041599430182366,33.46199999999998,101.193,,,0.0,,1.0,,,0.0,,,,,0,3,,,3.24,,,,89.5,,,
2,boiling_point,regression,NB02_boiling_point,propylamine,CCCN,,0,5.245112497836532,3.414213562373095,1.914213562373095,,,1.0,,,,,1,1,4,3.96,2.9600000000000004,26.809025953635484,0.3551000000000001,,-0.007990568627305,-0.3304839223850739,19.345400000000005,59.11199999999999,,,0.0,,1.0,,,0.0,,,,,0,1,,,26.02,,,,48.0,,,
2,boiling_point,regression,NB02_boiling_point,butylamine,CCCCN,,0,11.119415478763749,4.121320343559642,2.414213562373095,,,1.0,,,,,1,1,5,4.960000000000001,3.96,33.17396806803209,0.7452000000000001,,-0.0077376425064202,-0.3304736813706357,23.9624,73.139,,,0.0,,1.0,,,0.0,,,,,0,2,,,26.02,,,,77.8,,,
2,boiling_point,regression,NB02_boiling_point,cyclohexylamine,NC1CCCCC1,,0,46.14170945007629,5.112884175122364,3.393846850117352,,,1.0,,,,,1,1,7,5.10367816091954,2.3141072195146584,44.89802114329608,1.2778,,0.003877844068942,-0.3277117538242551,31.06039999999999,99.177,,,1.0,,1.0,,,0.0,,,,,1,0,,,26.02,,,,134.5,,,
2,boiling_point,regression,NB02_boiling_point,aniline,Nc1ccccc1,,1,134.10736969541455,5.112884175122364,3.393846850117352,,,0.0,,,,,1,1,7,4.18611295681063,1.6461962159398054,42.77129381650968,1.2688,,0.0313475925912186,-0.3987288294865909,30.8544,93.129,,,0.0,,1.0,,,0.0,,,,,1,0,,,26.02,,,,184.1,,,
2,boiling_point,regression,NB02_boiling_point,N-methylaniline,CNc1ccccc1,,1,145.73281445033504,5.819990956308912,3.931851652578137,,,0.1428571428571428,,,,,1,1,8,5.162450142450142,2.3586048594225155,49.34620741750161,1.7283,,0.0337042914585278,-0.3881220693538709,35.98870000000001,107.15599999999998,,,0.0,,1.0,,,0.0,,,,,1,1,,,12.03,,,,196.0,,,
2,boiling_point,regression,NB02_boiling_point,"N,N-dimethylaniline",CN(C)c1ccccc1,,1,167.1823264341432,6.69023444431199,4.304530452640311,,,0.25,,,,,1,0,9,6.144688279301746,2.533930223385564,55.92112101849355,1.7526,,0.0360487258155562,-0.3776614787127546,40.76900000000002,121.18299999999996,,,0.0,,1.0,,,0.0,,,,,1,1,,,3.24,,,,193.1,,,
2,boiling_point,regression,NB02_boiling_point,pyridine,c1ccncc1,,1,75.86113958768547,4.242640687119286,3.0,,,0.0,,,,,1,0,6,3.344174757281553,1.5525827127910268,36.65105110044348,1.0816,,0.0267287682952611,-0.264736970888988,24.236999999999995,79.10199999999998,,,0.0,,1.0,,,0.0,,,,,1,0,,,12.89,,,,115.2,,,
2,boiling_point,regression,NB02_boiling_point,2-methylpyridine,Cc1ccccn1,,1,134.10736969541455,5.112884175122364,3.393846850117352,,,0.1666666666666666,,,,,1,0,7,4.31260162601626,1.7349674800723751,43.01599321484009,1.39002,,0.0372146527339204,-0.2616124249449184,28.973999999999997,93.129,,,0.0,,1.0,,,0.0,,,,,1,0,,,12.89,,,,129.4,,,
2,boiling_point,regression,NB02_boiling_point,quinoline,c1ccnc2ccccc12,,2,275.7051383449476,6.811554787871634,4.9663264951887856,,,0.0,,,,,1,0,10,5.41760450263056,2.102543034625171,59.33271563217868,2.2348,,0.070143484473273,-0.256266728477736,41.74300000000002,129.16199999999995,,,0.0,,1.0,,,0.0,,,,,2,0,,,12.89,,,,237.1,,,
2,boiling_point,regression,NB02_boiling_point,chloromethane,CCl,,0,2.0,2.0,1.0,,,1.0,,,,,0,0,2,2.29,1.2900000000000005,19.042517254711225,0.855,,0.0108391855738701,-0.1304306341985314,11.777,50.488,,,0.0,,1.0,,,0.0,,,,,0,0,,,0.0,,,,-24.2,,,
2,boiling_point,regression,NB02_boiling_point,dichloromethane,ClCCl,,0,2.754887502163468,2.7071067811865475,1.4142135623730951,,,1.0,,,,,0,0,3,3.58,2.58,29.3457834815929,1.4215,,0.0967063903764919,-0.1091323299005052,16.573,84.93299999999999,,,0.0,,2.0,,,0.0,,,,,0,0,,,0.0,,,,39.6,,,
2,boiling_point,regression,NB02_boiling_point,chloroform,ClC(Cl)Cl,,0,8.0,3.5773502691896257,1.7320508075688772,,,1.0,,,,,0,0,4,4.87,2.128397932816538,39.64904970847457,1.9864,,0.1801066354777967,-0.0874115277790443,21.347,119.378,,,0.0,,3.0,,,0.0,,,,,0,0,,,0.0,,,,61.2,,,
2,boiling_point,regression,NB02_boiling_point,carbon tetrachloride,ClC(Cl)(Cl)Cl,,0,19.11941547876375,4.5,2.0,,,1.0,,,,,0,0,5,6.16,1.741848256920821,49.952315935356246,2.5529,,0.2656852112875352,-0.0664213028218838,26.143,153.823,,,0.0,,4.0,,,0.0,,,,,0,0,,,0.0,,,,76.7,,,
2,boiling_point,regression,NB02_boiling_point,chloroethane,CCCl,,0,2.754887502163468,2.7071067811865475,1.4142135623730951,,,1.0,,,,,0,0,3,3.2900000000000005,2.29,25.407459369107837,1.2451,,0.0194567003813329,-0.1270176561891577,16.394000000000002,64.515,,,0.0,,1.0,,,0.0,,,,,0,0,,,0.0,,,,12.3,,,
2,boiling_point,regression,NB02_boiling_point,"1,2-dichloroethane",ClCCCl,,0,6.0,3.414213562373095,1.914213562373095,,,1.0,,,,,0,0,4,4.58,3.58,35.71072559598951,1.464,,0.0358892034480996,-0.1254234307488161,21.44,98.96,,,0.0,,2.0,,,0.0,,,,,0,1,,,0.0,,,,83.5,,,
2,boiling_point,regression,NB02_boiling_point,trichloroethylene,ClC(=CCl)Cl,,0,42.85475297227335,4.284457050376173,2.270055610029662,,,0.0,,,,,0,0,5,5.609999999999999,2.826919739696312,45.324388790686925,2.5017000000000005,,0.1176031867403948,-0.0903590844896965,25.642,131.389,,,0.0,,3.0,,,0.0,,,,,0,0,,,0.0,,,,87.2,,,
2,boiling_point,regression,NB02_boiling_point,tetrachloroethylene,ClC(Cl)=C(Cl)Cl,,0,55.61727061434748,5.154700538379252,2.6427344100918364,,,0.0,,,,,0,0,6,6.900000000000001,2.975404326822096,55.6276550175686,3.0682,,0.1364417932720134,-0.0682208966360067,30.438,165.834,,,0.0,,4.0,,,0.0,,,,,0,0,,,0.0,,,,121.3,,,
2,boiling_point,regression,NB02_boiling_point,chlorobenzene,Clc1ccccc1,,1,134.10736969541455,5.112884175122364,3.393846850117352,,,0.0,,,,,0,0,7,4.663609831029186,1.9871232675119368,47.73466934637863,2.34,,0.0405484408941986,-0.0843444765249014,31.452,112.55899999999995,,,0.0,,1.0,,,0.0,,,,,1,0,,,0.0,,,,132.0,,,
2,boiling_point,regression,NB02_boiling_point,o-dichlorobenzene,Clc1ccccc1Cl,,1,162.63833891467198,5.983127663125442,3.804530452640311,,,0.0,,,,,0,0,8,5.9282051282051285,2.381840899625156,58.03793557326031,2.9934000000000003,,0.0591803442783615,-0.082713195464924,36.46200000000001,147.00399999999996,,,0.0,,2.0,,,0.0,,,,,1,0,,,0.0,,,,180.5,,,
2,boiling_point,regression,NB02_boiling_point,bromobenzene,Brc1ccccc1,,1,134.10736969541455,5.112884175122364,3.393846850117352,,,0.0,,,,,0,0,7,4.849253731343284,2.123680215888008,51.298950725138326,2.4491000000000005,,0.0174752825114365,-0.0621899905650267,34.142,157.01,,,0.0,,1.0,,,0.0,,,,,1,0,,,0.0,,,,156.1,,,
2,boiling_point,regression,NB02_boiling_point,fluorobenzene,Fc1ccccc1,,1,134.10736969541455,5.112884175122364,3.393846850117352,,,0.0,,,,,0,0,7,4.31260162601626,1.7349674800723751,41.5969385224232,1.8257,,0.1227072403493724,-0.2070125221263808,26.399999999999995,96.10399999999998,,,0.0,,1.0,,,0.0,,,,,1,0,,,0.0,,,,84.7,,,
2,boiling_point,regression,NB02_boiling_point,iodobenzene,Ic1ccccc1,,1,134.10736969541455,5.112884175122364,3.393846850117352,,,0.0,,,,,0,0,7,5.09388489208633,2.306710573157708,56.6932412405406,2.2912,,0.0129809037265691,-0.0621949266238613,39.15900000000001,204.01,,,0.0,,1.0,,,0.0,,,,,1,0,,,0.0,,,,188.3,,,
2,boiling_point,regression,NB02_boiling_point,1-chlorobutane,CCCCCl,,0,11.119415478763749,4.121320343559642,2.414213562373095,,,1.0,,,,,0,0,5,5.29,4.29,38.13734359790105,2.0253,,0.022285485122089,-0.126717152212131,25.62799999999999,92.569,,,0.0,,1.0,,,0.0,,,,,0,2,,,0.0,,,,78.4,,,
2,boiling_point,regression,NB02_boiling_point,1-bromobutane,CCCCBr,,0,11.119415478763749,4.121320343559642,2.414213562373095,,,1.0,,,,,0,0,5,5.48,4.480000000000002,41.70162497666073,2.1814,,0.0031152227076761,-0.092807985075221,28.701999999999988,137.01999999999998,,,0.0,,1.0,,,0.0,,,,,0,2,,,0.0,,,,101.6,,,
2,boiling_point,regression,NB02_boiling_point,dimethyl sulfide,CSC,,0,2.754887502163468,2.7071067811865475,1.4142135623730951,,,1.0,,,,,1,0,3,3.35,2.35,25.2273031675914,0.9792,,-0.0186782118882655,-0.1688616875245137,19.439,62.137,,,0.0,,1.0,,,0.0,,,,,0,0,,,0.0,,,,37.3,,,
2,boiling_point,regression,NB02_boiling_point,diethyl sulfide,CCSCC,,0,11.119415478763749,4.121320343559642,2.414213562373095,,,1.0,,,,,1,0,5,5.35,4.349999999999999,37.95718739638461,1.7594,,-0.0096122644807823,-0.1625839236731513,28.672999999999988,90.191,,,0.0,,1.0,,,0.0,,,,,0,2,,,0.0,,,,92.1,,,
2,boiling_point,regression,NB02_boiling_point,dimethyl sulfoxide,CS(C)=O,,0,29.019550008653876,3.5773502691896257,1.7320508075688772,,,1.0,,,,,1,0,4,4.150000000000002,1.4674603174603182,28.47844734580208,-0.0052999999999999,,0.0148042140882218,-0.2601579626577377,19.9904,78.136,,,0.0,,2.0,,,0.0,,,,,0,0,,,17.07,,,,189.0,,,
2,boiling_point,regression,NB02_boiling_point,dimethyl sulfone,CS(=O)(=O)C,,0,90.81635834269238,4.5,2.0,,,1.0,,,,,2,0,5,4.95,0.9709730951204012,31.72959152401275,-0.3391999999999999,,0.1441041774452434,-0.2294144591416005,20.7678,94.135,,,0.0,,3.0,,,0.0,,,,,0,0,,,34.14,,,,238.0,,,
2,boiling_point,regression,NB02_boiling_point,thiophene,c1ccsc1,,1,60.12481811269772,3.5355339059327378,2.5,,,0.0,,,,,1,0,5,2.9127659574468083,1.2210502489814397,35.07176638990846,1.7480999999999998,,-0.009338438056026,-0.152454341484825,24.319,84.14299999999999,,,0.0,,1.0,,,0.0,,,,,1,0,,,0.0,,,,84.2,,,
2,boiling_point,regression,NB02_boiling_point,thiophenol,Sc1ccccc1,,1,134.10736969541455,5.112884175122364,3.393846850117352,,,0.0,,,,,1,1,7,4.722207001522071,2.0299990576722062,48.58646978289869,1.9753,,0.0039920050653017,-0.1434268922977095,33.694,110.18099999999995,,,0.0,,1.0,,,0.0,,,,,1,0,,,0.0,,,,169.1,,,
2,boiling_point,regression,NB02_boiling_point,imidazole,c1cnc[nH]1,,1,61.369930610534254,3.5355339059327378,2.5,,,0.0,,,,,1,1,5,2.4475296912114013,0.8845561128632765,29.86021152145777,0.4096999999999999,,0.0919096042606612,-0.3511767856458538,18.5877,68.079,,,0.0,,2.0,,,0.0,,,,,1,0,,,28.68,,,,256.0,,,
2,boiling_point,regression,NB02_boiling_point,pyrimidine,c1ccncn1,,1,77.47078006212229,4.242640687119286,3.0,,,0.0,,,,,2,0,6,3.276850393700788,1.4998028396056793,35.870699081389986,0.4765999999999998,,0.1147574121761011,-0.2448319095615807,22.032,80.08999999999999,,,0.0,,2.0,,,0.0,,,,,1,0,,,25.78,,,,124.0,,,
2,boiling_point,regression,NB02_boiling_point,indole,c1ccc2[nH]ccc2c1,,2,278.54542122074673,6.104448006685086,4.4663264951887856,,,0.0,,,,,0,1,9,4.621116323679656,1.6217242815493544,53.32222807224648,2.1678999999999995,,0.0453393472977115,-0.3611762912891017,38.29870000000001,117.15099999999995,,,0.0,,1.0,,,0.0,,,,,2,0,,,15.79,,,,253.0,,,
2,boiling_point,regression,NB02_boiling_point,morpholine,C1COCCN1,,0,23.019550008653876,4.242640687119286,3.0,,,1.0,,,,,2,1,6,4.088918918918919,2.157216946676406,37.49165363060507,-0.3938000000000001,,0.0591080722455809,-0.3788125135797184,23.688699999999997,87.122,,,1.0,,2.0,,,0.0,,,,,1,0,,,21.26,,,,128.9,,,
2,boiling_point,regression,NB02_boiling_point,piperidine,C1CCNCC1,,0,19.40990953421706,4.242640687119286,3.0,,,1.0,,,,,1,1,6,4.127785234899329,2.189674338993739,38.7430505154948,0.7599,,-0.0048911400116898,-0.3167325809905548,26.72069999999999,85.15,,,1.0,,1.0,,,0.0,,,,,1,0,,,12.03,,,,106.2,,,
2,boiling_point,regression,NB02_boiling_point,piperazine,C1CNCCN1,,0,21.019550008653876,4.242640687119286,3.0,,,1.0,,,,,2,2,6,4.088918918918919,2.157216946676406,37.92797058470623,-0.8208,,0.0077229764777765,-0.3142057534497283,25.739399999999996,86.138,,,1.0,,2.0,,,0.0,,,,,1,0,,,24.06,,,,146.0,,,
2,boiling_point,regression,NB02_boiling_point,caprolactam,O=C1CCCCCN1,,0,80.52932501298082,5.819990956308912,3.893846850117352,,,0.8333333333333334,,,,,1,1,8,5.603868808567603,2.698435941004364,49.26951472993517,0.6766000000000001,,0.2194940503290275,-0.3561070295708626,31.477699999999988,113.16,,,1.0,,2.0,,,0.0,,,,,1,0,,,29.1,,,,270.0,,,
2,boiling_point,regression,NB02_boiling_point,D-limonene,CC1=CCC(=CC1)C(C)=C,,0,204.07820003461555,7.560477932315068,4.698377302757663,,,0.4,,,,,0,0,10,7.328459869848157,2.8694839561664094,62.94908980731702,3.229000000000002,,-0.0095398400683944,-0.0958382287814418,45.88800000000003,134.22199999999998,,,1.0,,0.0,,,0.0,,,,,1,1,,,0.0,,,,176.0,,,
2,boiling_point,regression,NB02_boiling_point,alpha-pinene,CC1=CCC2CC1C2(C)C,,0,186.21499122004107,7.35337115112852,4.621027033568037,,,0.8,,,,,0,0,10,6.450201165867344,1.6637425470500236,63.322464718156304,2.9987000000000013,,-0.0148922197047303,-0.0850129067501687,43.75200000000002,136.238,,,3.0,,0.0,,,2.0,,,,,3,0,,,0.0,,,,155.0,,,
2,boiling_point,regression,NB02_boiling_point,linalool,CC(C)=CCCC(C)(O)C=C,,0,150.25571236699292,8.905777393935816,4.97716239121621,,,0.6,,,,,1,1,11,10.44,4.345263593221741,69.43875774522651,2.6698000000000013,,0.0799543275016631,-0.386091502560853,49.485800000000026,154.253,,,0.0,,1.0,,,1.0,,,,,0,4,,,20.23,,,,198.0,,,
2,boiling_point,regression,NB02_boiling_point,gamma-terpinene,CC1=CCC(=CC1)C(C)C,,0,170.4773317567079,7.560477932315068,4.698377302757663,,,0.6,,,,,0,0,10,7.585485232067512,3.0462804076265617,63.63869283950127,3.308900000000002,,-0.0133454270617971,-0.0812226092219182,45.91200000000003,136.238,,,1.0,,0.0,,,0.0,,,,,1,1,,,0.0,,,,183.0,,,
2,boiling_point,regression,NB02_boiling_point,menthol,CC(C)C1CCC(C)CC1O,,0,120.0411847243922,8.430721420318147,5.109060905280621,,,1.0,,,,,1,1,11,9.05124087591241,3.572828505247505,69.8121326560658,2.439500000000001,,0.0572930255771365,-0.3928209088894812,47.34980000000002,156.269,,,1.0,,1.0,,,3.0,,,,,1,1,,,20.23,,,,212.0,,,
2,boiling_point,regression,NB02_boiling_point,camphor,CC1(C)C2CCC1(C)C(=O)C2,,0,216.91266689075215,8.276020881938894,4.982998800364114,,,0.9,,,,,1,0,11,7.326147454014241,1.701311022684903,68.17358985038433,2.401700000000001,,0.1390987462704969,-0.2990642887496957,44.23600000000002,152.237,,,2.0,,1.0,,,2.0,,,,,2,0,,,17.07,,,,204.0,,,
2,boiling_point,regression,NB02_boiling_point,acetic anhydride,CC(=O)OC(C)=O,,0,83.10802962390817,5.861807319565799,3.125897657686229,,,0.5,,,,,3,0,7,6.14,2.3368296745854065,41.27066680061378,0.096,,0.3097681903271179,-0.3935616726354605,22.44699999999999,102.089,,,0.0,,3.0,,,0.0,,,,,0,0,,,43.370000000000005,,,,139.8,,,
2,boiling_point,regression,NB02_boiling_point,maleic anhydride,O=C1OC(=O)C=C1,,0,129.013897004163,5.276020881938894,3.2876937002347035,,,0.0,,,,,3,0,7,4.050068027210885,1.1831255636579143,39.5752326149003,-0.3740000000000001,,0.3383914445416826,-0.3865752774787994,20.239,98.05699999999996,,,1.0,,3.0,,,0.0,,,,,1,0,,,43.370000000000005,,,,202.0,,,
2,boiling_point,regression,NB02_boiling_point,epsilon-caprolactone,O=C1CCCCCO1,,0,78.52932501298082,5.819990956308912,3.893846850117352,,,0.8333333333333334,,,,,2,0,8,5.603868808567603,2.698435941004364,48.833197775834,1.1036,,0.3052775335658631,-0.4656750027435766,29.426999999999985,114.144,,,1.0,,2.0,,,0.0,,,,,1,0,,,26.3,,,,215.0,,,
2,boiling_point,regression,NB02_boiling_point,N-methyl-2-pyrrolidone,CN1CCCC1=O,,0,90.08094399727418,5.276020881938894,3.304530452640311,,,0.8,,,,,1,0,7,4.624559505409582,1.5234757718400516,43.11454410213389,0.2385999999999999,,0.2218735635044728,-0.3457489149497736,26.870999999999988,99.133,,,1.0,,2.0,,,0.0,,,,,1,0,,,20.31,,,,202.0,,,
2,boiling_point,regression,NB02_boiling_point,propylene carbonate,CC1COC(=O)O1,,0,88.93569696954752,5.276020881938894,3.287693700234704,,,0.75,,,,,3,0,7,4.429489633173843,1.4049321347683748,41.21685877654767,0.5417000000000001,,0.5082899390744735,-0.4303457162325387,21.89499999999999,102.08899999999998,,,1.0,,3.0,,,1.0,,,,,1,0,,,35.53,,,,242.0,,,
2,boiling_point,regression,NB02_boiling_point,dimethyl carbonate,COC(=O)OC,,0,44.0,4.99156383156272,2.808060412490447,,,0.6666666666666666,,,,,3,0,6,5.27,2.504192037470726,35.8577478156803,0.3992,,0.5071977938803105,-0.4376213233778794,19.41399999999999,90.078,,,0.0,,3.0,,,0.0,,,,,0,0,,,35.53,,,,90.0,,,
2,boiling_point,regression,NB02_boiling_point,methyl lactate,CC(O)C(=O)OC,,0,67.33515884998701,5.861807319565799,3.1807392125526213,,,0.75,,,,,3,1,7,6.43,2.5774208427157883,41.903378452766034,-0.4598000000000002,,0.3338823215117265,-0.467104464840883,23.696799999999996,104.105,,,0.0,,3.0,,,1.0,,,,,0,1,,,46.53,,,,144.8,,,
2,boiling_point,regression,NB02_boiling_point,ethyl lactate,CC(O)C(=O)OCC,,0,77.74296763342026,6.568914100752347,3.680739212552621,,,0.8,,,,,3,1,8,7.43,3.43425867993602,48.26832056716263,-0.0697000000000001,,0.3341476893029562,-0.464078219287178,28.313799999999983,118.132,,,0.0,,3.0,,,1.0,,,,,0,2,,,46.53,,,,154.0,,,
2,boiling_point,regression,NB02_boiling_point,furfural,O=Cc1ccco1,,1,141.1235805057187,5.112884175122364,3.431851652578137,,,0.0,,,,,2,0,7,4.118067226890756,1.598931214740438,40.75219659801417,1.0920999999999998,,0.1848008664958697,-0.4615648134016627,24.0955,96.08499999999998,,,0.0,,2.0,,,0.0,,,,,1,1,,,30.21,,,,161.7,,,
2,boiling_point,regression,NB02_boiling_point,hydroxymethylfurfural,OCC1=CC=C(C=O)O1,,1,201.82281909596475,6.69023444431199,4.363703305156274,,,0.1666666666666666,,,,,3,1,9,6.036422250316056,2.457568886884076,51.91137246460679,0.5844,,0.1848197825335998,-0.4558356563162004,30.01829999999999,126.11099999999998,,,0.0,,3.0,,,0.0,,,,,1,2,,,50.44,,,,291.5,,,
2,boiling_point,regression,NB02_boiling_point,gamma-butyrolactone,O=C1CCCO1,,0,59.94833690207419,4.405777393935816,2.893846850117352,,,0.75,,,,,2,0,6,3.6528153564899446,1.2857540807770496,36.10331354704079,0.3234,,0.3054098413055002,-0.4656565571727221,20.19299999999999,86.09,,,1.0,,2.0,,,0.0,,,,,1,0,,,26.3,,,,204.0,,,
2,boiling_point,regression,NB02_boiling_point,succinic anhydride,O=C1CCC(=O)O1,,0,102.10331482049531,5.276020881938894,3.287693700234704,,,0.5,,,,,3,0,7,4.3028664495114,1.3295815851589805,40.26483564708455,-0.15,,0.3135221833168404,-0.3931240808770767,20.332999999999995,100.073,,,1.0,,3.0,,,0.0,,,,,1,0,,,43.370000000000005,,,,261.0,,,
2,boiling_point,regression,NB02_boiling_point,triethyl phosphate,CCOP(=O)(OCC)OCC,,0,112.769535289866,8.742640687119287,5.181980515339465,,,1.0,,,,,4,0,11,11.11,5.7213645832552,67.4542079628083,2.204,,0.4742480477050508,-0.2871683552461137,42.48450000000001,182.156,,,0.0,,5.0,,,0.0,,,,,0,6,,,44.760000000000005,,,,215.0,,,
3,logp,regression,NB03_logp,methanol,CO,,0,2.0,2.0,1.0,,,1.0,,,,,1,1,2,1.96,0.9600000000000016,13.533484780025564,,-0.3915,0.0319406837177281,-0.3996302435573072,8.1428,32.042,,,0.0,,1.0,,,0.0,,5.106527394840706,,,0,0,0.0,,20.23,,,,,-0.77,,
3,logp,regression,NB03_logp,ethanol,CCO,,0,2.754887502163468,2.7071067811865475,1.4142135623730951,,,1.0,,,,,1,1,3,2.9600000000000004,1.96,19.89842689442217,,-0.0014,0.0402205817490864,-0.3966637147812598,12.759800000000002,46.069,,,0.0,,1.0,,,0.0,,5.106527394840706,,,0,0,0.0,,20.23,,,,,-0.31,,
3,logp,regression,NB03_logp,ethylene glycol,OCCO,,0,6.0,3.414213562373095,1.914213562373095,,,1.0,,,,,2,2,4,3.92,2.92,24.69266064661818,,-1.029,0.0662266396468172,-0.3939905415754596,14.171600000000002,62.068000000000005,,,0.0,,2.0,,,0.0,,10.213054789681411,,,0,1,0.0,,40.46,,,,,-1.36,,
3,logp,regression,NB03_logp,glycerol,OCC(O)CO,,0,25.219280948873624,4.99156383156272,2.808060412490447,,,1.0,,,,,3,3,6,5.88,3.0849180327868857,35.851836513210806,,-1.6681,0.1000470260172347,-0.3935933161206694,20.1784,92.094,,,0.0,,3.0,,,0.0,,15.319582184522115,,,0,2,0.0,,60.69,,,,,-1.76,,
3,logp,regression,NB03_logp,acetic acid,CC(=O)O,,0,27.019550008653873,3.5773502691896257,1.7320508075688772,,,0.5,,,,,1,1,4,3.47,0.8748582995951415,24.059948994465937,,0.0908999999999999,0.2996845531582142,-0.481433475172105,13.3098,60.05200000000001,,,0.0,,2.0,,,0.0,,5.106527394840706,,,0,0,4.794537184071822,,37.3,,,,,-0.17,,
3,logp,regression,NB03_logp,formic acid,OC=O,,0,10.264662506490405,2.7071067811865475,1.4142135623730951,,,0.0,,,,,1,1,3,2.4699999999999993,1.4699999999999982,17.69500688006933,,-0.2991999999999999,0.2901288276176125,-0.483466609975982,8.6928,46.025,,,0.0,,2.0,,,0.0,,5.106527394840706,,,0,0,4.794537184071822,,37.3,,,,,-0.54,,
3,logp,regression,NB03_logp,urea,NC(N)=O,,0,29.019550008653873,3.5773502691896257,1.7320508075688772,,,0.0,,,,,1,2,4,3.2700000000000005,0.7105286343612336,23.580554521898744,,-0.9762000000000002,0.309056401422831,-0.3518462395056391,13.7708,60.056,,,0.0,,3.0,,,0.0,,11.46733495432437,,,0,0,0.0,,69.11,,,,,-2.11,,
3,logp,regression,NB03_logp,glycine,NCC(=O)O,,0,42.91260938324327,4.284457050376173,2.270055610029662,,,0.5,,,,,2,2,5,4.43,1.7215451895043727,29.39983969147865,,-0.9703,0.3167559784055858,-0.4802971300243957,16.6902,75.067,,,0.0,,3.0,,,0.0,,10.84019487200289,,,0,1,4.794537184071822,,63.32000000000001,,,,,-3.21,,
3,logp,regression,NB03_logp,alanine,CC(N)C(=O)O,,0,59.813537528125096,5.1547005383792515,2.6427344100918364,,,0.6666666666666666,,,,,2,2,6,5.43,1.7676338396942162,35.76478180587526,,-0.5817999999999999,0.3196779563386595,-0.4800942338470611,21.285200000000003,89.09399999999998,,,0.0,,3.0,,,1.0,,10.84019487200289,,,0,1,4.794537184071822,,63.32000000000001,,,,,-2.85,,
3,logp,regression,NB03_logp,glucose,OCC1OC(O)C(O)C(O)C1O,,0,146.2188491003481,9.300964908321223,5.574586062669973,,,1.0,,,,,6,5,12,9.845034013605442,3.648916103234773,68.64284443677029,,-3.2214000000000005,0.183570328512782,-0.3935665160029449,35.986,180.156,,,1.0,,6.0,,,5.0,,30.269499928003576,,,1,1,4.736862953800049,,110.38,,,,,-3.24,,
3,logp,regression,NB03_logp,sucrose,OCC1OC(CO)(OC2OC(CO)C(O)C(O)C2O)C(O)C1O,,0,393.2032272794937,17.361442840636293,10.806896738665586,,,1.0,,,,,11,8,23,18.89235232228663,7.207281294562587,130.4364576852225,,-5.395599999999993,0.2235503336827939,-0.3935665149997882,68.64140000000003,342.297,,,2.0,,11.0,,,9.0,,55.062808020125786,,,2,5,14.210588861400147,,189.52999999999997,,,,,-3.7,,
3,logp,regression,NB03_logp,acetone,CC(C)=O,,0,26.264662506490403,3.5773502691896257,1.7320508075688772,,,0.6666666666666666,,,,,1,0,4,3.67,1.0445318352059925,25.63065735666653,,0.5952999999999999,0.1262679435601437,-0.3003439026871919,16.355,58.080000000000005,,,0.0,,1.0,,,0.0,,4.794537184071822,,,0,0,4.794537184071822,,17.07,,,,,-0.24,,
3,logp,regression,NB03_logp,dimethyl sulfoxide,CS(C)=O,,0,29.019550008653873,3.5773502691896257,1.7320508075688772,,,1.0,,,,,1,0,4,4.150000000000002,1.4674603174603182,28.47844734580207,,-0.0052999999999999,0.0148042140882218,-0.2601579626577377,19.9904,78.136,,,0.0,,2.0,,,0.0,,0.0,,,0,0,10.799569042904308,,17.07,,,,,-1.35,,
3,logp,regression,NB03_logp,acetamide,CC(N)=O,,0,29.019550008653873,3.5773502691896257,1.7320508075688772,,,0.5,,,,,1,1,4,3.47,0.8748582995951415,24.605605939282636,,-0.5084000000000002,0.2137901795921754,-0.3699205879126533,14.8684,59.068,,,0.0,,2.0,,,0.0,,5.733667477162185,,,0,0,4.794537184071822,,43.09,,,,,-1.26,,
3,logp,regression,NB03_logp,methylamine,CN,,0,2.0,2.0,1.0,,,1.0,,,,,1,1,2,1.96,0.9600000000000016,14.079141724842266,,-0.4251,-0.019502380004263,-0.3332690547570713,10.1114,31.058,,,0.0,,1.0,,,0.0,,5.733667477162185,,,0,0,0.0,,26.02,,,,,-0.57,,
3,logp,regression,NB03_logp,dimethylamine,CNC,,0,2.754887502163468,2.7071067811865475,1.4142135623730951,,,1.0,,,,,1,1,3,2.9600000000000004,1.96,20.6540553258342,,-0.1644000000000001,-0.0167454325465478,-0.3227722106803942,14.983700000000002,45.085,,,0.0,,1.0,,,0.0,,5.316788604006331,,,0,0,0.0,,12.03,,,,,-0.38,,
3,logp,regression,NB03_logp,trimethylamine,CN(C)C,,0,8.0,3.5773502691896257,1.7320508075688772,,,1.0,,,,,1,0,4,3.96,1.297837837837838,27.228968926826138,,0.1777999999999999,-0.0140010497827221,-0.3124319659317336,19.610999999999997,59.111999999999995,,,0.0,,1.0,,,0.0,,4.899909730850478,,,0,0,0.0,,3.24,,,,,0.16,,
3,logp,regression,NB03_logp,pyridine,c1ccncc1,,1,75.86113958768547,4.242640687119286,3.0,,,0.0,,,,,1,0,6,3.3441747572815532,1.5525827127910268,36.651051100443475,,1.0816,0.0267287682952611,-0.264736970888988,24.236999999999995,79.10199999999998,,,0.0,,1.0,,,0.0,,0.0,,,1,0,0.0,,12.89,,,,,0.65,,
3,logp,regression,NB03_logp,imidazole,c1cnc[nH]1,,1,61.369930610534254,3.5355339059327378,2.5,,,0.0,,,,,1,1,5,2.4475296912114013,0.8845561128632765,29.860211521457774,,0.4096999999999999,0.0919096042606612,-0.3511767856458538,18.5877,68.079,,,0.0,,2.0,,,0.0,,4.9839785209472085,,,1,0,0.0,,28.68,,,,,-0.08,,
3,logp,regression,NB03_logp,caffeine,Cn1cnc2c1c(=O)n(C)c(=O)n2C,,2,616.5285919942219,10.455665446700475,6.5365812602091875,,,0.375,,,,,3,0,14,8.73523326923911,2.5679479011227926,79.02895701814933,,-1.0293,0.3317034326359889,-0.3278634660994821,51.19600000000001,194.194,,,0.0,,6.0,,,0.0,,4.567099647791355,,,2,0,21.143015948031568,,61.82,,,,,-0.07,,
3,logp,regression,NB03_logp,ascorbic acid,OCC1OC(=O)C(O)=C1O,,0,194.2149912200411,7.723614639131599,4.663902460147014,,,0.4,,,,,5,3,10,6.8840250855188145,2.1838186050533226,56.161353885841166,,-0.7682999999999998,0.3774843799684719,-0.5050566439133214,29.24939999999999,146.09799999999998,,,1.0,,5.0,,,1.0,,20.056445138322168,,,1,1,9.53140013787187,,86.99000000000001,,,,,-1.85,,
3,logp,regression,NB03_logp,citric acid,OC(CC(=O)O)(CC(=O)O)C(=O)O,,0,227.36732222044088,10.646264369941973,5.7763801118468425,,,0.5,,,,,4,4,13,11.37,3.853986625290123,72.22546290872793,,-1.2484999999999995,0.3364194912829884,-0.4811387749269527,37.09119999999999,192.123,,,0.0,,7.0,,,0.0,,20.426109579362823,,,0,5,14.383611552215466,,132.13,,,,,-1.72,,
3,logp,regression,NB03_logp,1-propanol,CCCO,,0,5.245112497836532,3.414213562373095,1.914213562373095,,,1.0,,,,,1,1,4,3.96,2.9600000000000004,26.26336900881878,,0.3887,0.0427892799205337,-0.3963873506323361,17.376800000000003,60.096,,,0.0,,1.0,,,0.0,,5.106527394840706,,,0,1,0.0,,20.23,,,,,0.25,,
3,logp,regression,NB03_logp,2-propanol,CC(O)C,,0,8.0,3.5773502691896257,1.7320508075688772,,,1.0,,,,,1,1,4,3.96,1.297837837837838,26.263369008818778,,0.3871,0.0483476118086921,-0.3937069016405105,17.3548,60.096,,,0.0,,1.0,,,0.0,,5.106527394840706,,,0,0,0.0,,20.23,,,,,0.05,,
3,logp,regression,NB03_logp,1-butanol,CCCCO,,0,11.119415478763749,4.121320343559642,2.414213562373095,,,1.0,,,,,1,1,5,4.960000000000001,3.96,32.62831112321538,,0.7787999999999999,0.0430422834852069,-0.3963767520692109,21.993799999999997,74.12299999999999,,,0.0,,1.0,,,0.0,,5.106527394840706,,,0,2,0.0,,20.23,,,,,0.88,,
3,logp,regression,NB03_logp,acrylic acid,OC(=O)C=C,,0,55.91340299823497,4.284457050376173,2.270055610029662,,,0.0,,,,,1,1,5,4.21,1.5215264797507788,29.735288076678287,,0.257,0.3271981122452583,-0.4780891485530972,17.8328,72.06300000000002,,,0.0,,2.0,,,0.0,,5.106527394840706,,,0,1,4.794537184071822,,37.3,,,,,0.46,,
3,logp,regression,NB03_logp,propionic acid,CCC(=O)O,,0,40.1577218810798,4.284457050376173,2.270055610029662,,,0.6666666666666666,,,,,1,1,5,4.469999999999999,1.7581844380403455,30.42489110886254,,0.481,0.3025584374920559,-0.4812379170193394,17.9268,74.079,,,0.0,,2.0,,,0.0,,5.106527394840706,,,0,1,4.794537184071822,,37.3,,,,,0.33,,
3,logp,regression,NB03_logp,butyric acid,CCCC(=O)O,,0,49.50977500432694,4.99156383156272,2.770055610029662,,,0.75,,,,,1,1,6,5.469999999999999,2.693713646532438,36.78983322325915,,0.8711,0.3028289365794988,-0.4812305164094317,22.54379999999999,88.10599999999998,,,0.0,,2.0,,,0.0,,5.106527394840706,,,0,2,4.794537184071822,,37.3,,,,,0.79,,
3,logp,regression,NB03_logp,lactic acid,CC(O)C(=O)O,,0,57.058650025961626,5.1547005383792515,2.6427344100918364,,,0.6666666666666666,,,,,2,2,6,5.43,1.7676338396942162,35.21912486105855,,-0.5482,0.3317230795714236,-0.4793355989963274,19.3166,90.078,,,0.0,,3.0,,,1.0,,10.213054789681411,,,0,1,4.794537184071822,,57.53,,,,,-0.72,,
3,logp,regression,NB03_logp,acetonitrile,CC#N,,0,24.264662506490403,2.7071067811865475,1.4142135623730951,,,0.5,,,,,1,0,3,2.490000000000001,1.4900000000000018,19.496772823694872,,0.52988,0.058714823771249,-0.1986584259265234,11.287,41.053,,,0.0,,1.0,,,0.0,,0.0,,,0,0,0.0,,23.79,,,,,-0.34,,
3,logp,regression,NB03_logp,diethyl ether,CCOCC,,0,11.119415478763749,4.121320343559642,2.414213562373095,,,1.0,,,,,1,0,5,4.960000000000001,3.96,32.94762260052625,,1.0428000000000002,0.0437084125246928,-0.3820258357826421,22.16699999999999,74.123,,,0.0,,1.0,,,0.0,,4.736862953800049,,,0,2,4.736862953800049,,9.23,,,,,0.89,,
3,logp,regression,NB03_logp,tetrahydrofuran,C1CCOC1,,0,15.21928094887362,3.5355339059327378,2.5,,,1.0,,,,,1,0,5,3.1616129032258065,1.4103121748178982,31.941791446997023,,0.7968,0.0466381698498417,-0.3814493819627182,20.052999999999997,72.107,,,1.0,,1.0,,,0.0,,4.736862953800049,,,1,0,4.736862953800049,,9.23,,,,,0.46,,
3,logp,regression,NB03_logp,ethyl acetate,CCOC(C)=O,,0,49.50977500432694,4.99156383156272,2.770055610029662,,,0.75,,,,,2,0,6,5.469999999999999,2.693713646532438,37.10914470057002,,0.5694,0.3021127777269908,-0.4661718899744166,22.30699999999999,88.106,,,0.0,,2.0,,,0.0,,4.736862953800049,,,0,1,9.53140013787187,,26.3,,,,,0.73,,
3,logp,regression,NB03_logp,methyl acetate,COC(C)=O,,0,40.1577218810798,4.284457050376173,2.270055610029662,,,0.6666666666666666,,,,,2,0,5,4.469999999999999,1.7581844380403455,30.74420258617341,,0.1793,0.3018471669894446,-0.4691981070510483,17.689999999999998,74.079,,,0.0,,2.0,,,0.0,,4.736862953800049,,,0,0,9.53140013787187,,26.3,,,,,0.18,,
3,logp,regression,NB03_logp,acetophenone,CC(=O)c1ccccc1,,1,201.06743705866424,6.69023444431199,4.304530452640311,,,0.125,,,,,1,0,9,6.016742712294044,2.4437525520871133,54.32280944833394,,1.8892,0.1592984965742936,-0.2945122071568907,36.44650000000001,120.15099999999995,,,0.0,,1.0,,,0.0,,0.0,,,1,1,0.0,,17.07,,,,,1.58,,
3,logp,regression,NB03_logp,benzaldehyde,O=Cc1ccccc1,,1,167.00151696675914,5.819990956308912,3.931851652578137,,,0.0,,,,,1,0,8,5.035137880986937,2.262450086021194,47.95786733393734,,1.4991,0.149548028830363,-0.2978964116504968,31.829499999999992,106.12399999999997,,,0.0,,1.0,,,0.0,,0.0,,,1,1,0.0,,17.07,,,,,1.48,,
3,logp,regression,NB03_logp,aniline,Nc1ccccc1,,1,134.10736969541455,5.112884175122364,3.393846850117352,,,0.0,,,,,1,1,7,4.18611295681063,1.6461962159398054,42.77129381650968,,1.2688,0.0313475925912186,-0.3987288294865909,30.8544,93.129,,,0.0,,1.0,,,0.0,,5.733667477162185,,,1,0,0.0,,26.02,,,,,0.9,,
3,logp,regression,NB03_logp,phenol,Oc1ccccc1,,1,134.10736969541455,5.112884175122364,3.393846850117352,,,0.0,,,,,1,1,7,4.18611295681063,1.6461962159398054,42.22563687169298,,1.3922,0.1150748194752798,-0.5079669948663066,28.106799999999993,94.113,,,0.0,,1.0,,,0.0,,5.106527394840706,,,1,0,0.0,,20.23,,,,,1.46,,
3,logp,regression,NB03_logp,nitrobenzene,O=[N+]([O-])c1ccccc1,,1,207.5576620543373,6.69023444431199,4.304530452640311,,,0.0,,,,,2,0,9,5.751233595800525,2.2593342006647616,52.08437884199676,,1.5948,0.2689216270439583,-0.2583096384435056,33.0964,123.11099999999996,,,0.0,,3.0,,,0.0,,0.0,,,1,1,0.0,,43.14,,,,,1.85,,
3,logp,regression,NB03_logp,benzoic acid,OC(=O)c1ccccc1,,1,203.415952604261,6.69023444431199,4.304530452640311,,,0.0,,,,,1,1,9,5.820039011703511,2.306763635550358,52.75210108613335,,1.3848,0.3351782346710392,-0.4776392505801173,33.4013,122.12299999999996,,,0.0,,2.0,,,0.0,,5.106527394840706,,,1,1,0.0,,37.3,,,,,1.87,,
3,logp,regression,NB03_logp,salicylic acid,OC(=O)c1ccccc1O,,1,254.78306142431708,7.560477932315068,4.71521405516327,,,0.0,,,,,2,2,10,6.607785630153122,2.389632707443791,57.54633483832936,,1.0903999999999998,0.3389690873607309,-0.507052890945198,35.066100000000006,138.122,,,0.0,,3.0,,,0.0,,10.213054789681411,,,1,1,0.0,,57.53,,,,,2.26,,
3,logp,regression,NB03_logp,phenylalanine,NC(Cc1ccccc1)C(=O)O,,1,258.4908622767174,8.974691494688164,5.698377302757663,,,0.2222222222222222,,,,,2,2,12,8.743896713615024,3.875200928497633,70.82187601193928,,0.641,0.3203155016395601,-0.4800777002034423,45.75720000000002,165.19199999999995,,,0.0,,3.0,,,1.0,,10.84019487200289,,,1,3,11.21535880699783,,63.32000000000001,,,,,-1.38,,
3,logp,regression,NB03_logp,tryptophan,NC(Cc1c[nH]c2ccccc12)C(=O)O,,2,490.0485079143074,10.836498814253964,7.1815405503520555,,,0.1818181818181818,,,,,2,3,15,9.733912004652456,3.744477633359755,86.71270096468879,,1.1223000000000003,0.3203169210591691,-0.4800776923593587,57.61390000000001,204.229,,,0.0,,4.0,,,1.0,,15.8241733929501,,,2,3,11.21535880699783,,79.11,,,,,-1.06,,
3,logp,regression,NB03_logp,caprolactam,O=C1CCCCCN1,,0,80.52932501298082,5.819990956308912,3.893846850117352,,,0.8333333333333334,,,,,1,1,8,5.603868808567603,2.6984359410043637,49.26951472993517,,0.6766000000000001,0.2194940503290275,-0.3561070295708626,31.477699999999988,113.16,,,1.0,,2.0,,,0.0,,5.316788604006331,,,1,0,4.794537184071822,,29.1,,,,,-0.55,,
3,logp,regression,NB03_logp,morpholine,C1COCCN1,,0,23.019550008653873,4.242640687119286,3.0,,,1.0,,,,,2,1,6,4.088918918918919,2.157216946676406,37.49165363060507,,-0.3938000000000001,0.0591080722455809,-0.3788125135797184,23.688699999999994,87.122,,,1.0,,2.0,,,0.0,,10.05365155780638,,,1,0,4.736862953800049,,21.26,,,,,-0.86,,
3,logp,regression,NB03_logp,piperidine,C1CCNCC1,,0,19.40990953421706,4.242640687119286,3.0,,,1.0,,,,,1,1,6,4.127785234899329,2.189674338993739,38.743050515494794,,0.7599,-0.0048911400116898,-0.3167325809905548,26.72069999999999,85.15,,,1.0,,1.0,,,0.0,,5.316788604006331,,,1,0,0.0,,12.03,,,,,0.84,,
3,logp,regression,NB03_logp,quinoline,c1ccnc2ccccc12,,2,275.7051383449476,6.811554787871634,4.9663264951887856,,,0.0,,,,,1,0,10,5.41760450263056,2.102543034625171,59.33271563217868,,2.2348,0.070143484473273,-0.256266728477736,41.74300000000002,129.16199999999995,,,0.0,,1.0,,,0.0,,0.0,,,2,0,0.0,,12.89,,,,,2.03,,
3,logp,regression,NB03_logp,indole,c1ccc2[nH]ccc2c1,,2,278.54542122074673,6.104448006685086,4.4663264951887856,,,0.0,,,,,0,1,9,4.621116323679656,1.6217242815493544,53.322228072246475,,2.1678999999999995,0.0453393472977115,-0.3611762912891017,38.29870000000001,117.15099999999995,,,0.0,,1.0,,,0.0,,4.9839785209472085,,,2,0,0.0,,15.79,,,,,2.14,,
3,logp,regression,NB03_logp,pyrimidine,c1ccncn1,,1,77.47078006212229,4.242640687119286,3.0,,,0.0,,,,,2,0,6,3.2768503937007876,1.4998028396056793,35.870699081389986,,0.4765999999999998,0.1147574121761011,-0.2448319095615807,22.031999999999996,80.08999999999999,,,0.0,,2.0,,,0.0,,0.0,,,1,0,0.0,,25.78,,,,,-0.4,,
3,logp,regression,NB03_logp,benzene,c1ccccc1,,1,71.96100505779535,4.242640687119286,3.0,,,0.0,,,,,0,0,6,3.4115708812260532,1.6057694396735218,37.43140311949697,,1.6866,-0.0622685707820924,-0.0622685707820924,26.441999999999993,78.11399999999999,,,0.0,,0.0,,,0.0,,0.0,,,1,0,0.0,,0.0,,,,,2.13,,
3,logp,regression,NB03_logp,toluene,Cc1ccccc1,,1,129.96566024533826,5.112884175122364,3.393846850117352,,,0.1428571428571428,,,,,0,0,7,4.380771704180065,1.7832860398554335,43.79634523389357,,1.99502,-0.0397745263236275,-0.0622490857819948,31.17899999999999,92.141,,,0.0,,0.0,,,0.0,,0.0,,,1,0,0.0,,0.0,,,,,2.73,,
3,logp,regression,NB03_logp,ethylbenzene,CCc1ccccc1,,1,141.38429890473827,5.819990956308912,3.931851652578137,,,0.25,,,,,0,0,8,5.358504155124653,2.50834780755501,50.16128734829017,,2.249000000000001,-0.0307440828251019,-0.0622487416550616,35.82,106.16799999999996,,,0.0,,0.0,,,0.0,,0.0,,,1,1,6.4208216229260096,,0.0,,,,,3.15,,
3,logp,regression,NB03_logp,o-xylene,Cc1ccccc1C,,1,156.14811391899892,5.983127663125442,3.804530452640311,,,0.25,,,,,0,0,8,5.358504155124653,1.993744712287256,50.16128734829018,,2.30344,-0.0395114921799696,-0.0619851918863299,35.916,106.168,,,0.0,,0.0,,,0.0,,0.0,,,1,0,0.0,,0.0,,,,,3.12,,
3,logp,regression,NB03_logp,styrene,C=Cc1ccccc1,,1,162.65300142116237,5.819990956308912,3.931851652578137,,,0.0,,,,,0,0,8,5.10367816091954,2.3141072195146584,49.47168431610592,,2.3296,-0.0262557893778424,-0.0984700500401651,36.53300000000001,104.15199999999996,,,0.0,,0.0,,,0.0,,0.0,,,1,1,0.0,,0.0,,,,,2.95,,
3,logp,regression,NB03_logp,anisole,COc1ccccc1,,1,145.73281445033504,5.819990956308912,3.931851652578137,,,0.1428571428571428,,,,,1,0,8,5.162450142450142,2.3586048594225155,48.90989046340045,,1.6952,0.1183577151370223,-0.4967685686134767,32.99399999999999,108.13999999999996,,,0.0,,1.0,,,0.0,,4.736862953800049,,,1,1,0.0,,9.23,,,,,2.11,,
3,logp,regression,NB03_logp,cyclohexane,C1CCCCC1,,0,15.509775004326936,4.242640687119286,3.0,,,1.0,,,,,0,0,6,4.166666666666667,2.2222222222222223,39.55813044628337,,2.3406,-0.0533059727891157,-0.0533059727891157,27.701999999999984,84.162,,,1.0,,0.0,,,0.0,,0.0,,,1,0,0.0,,0.0,,,,,3.44,,
3,logp,regression,NB03_logp,cyclohexanol,OC1CCCCC1,,0,46.14170945007629,5.112884175122364,3.393846850117352,,,1.0,,,,,1,1,7,5.10367816091954,2.3141072195146584,44.35236419847938,,1.3114,0.0539847748448125,-0.3931313824678402,29.091799999999985,100.161,,,1.0,,1.0,,,0.0,,5.106527394840706,,,1,0,0.0,,20.23,,,,,1.23,,
3,logp,regression,NB03_logp,cyclohexanone,O=C1CCCCC1,,0,68.24920506009684,5.112884175122364,3.393846850117352,,,0.8333333333333334,,,,,1,0,7,4.8199250374812594,2.101967961325131,43.719652546327126,,1.5196,0.132411327598581,-0.2997179089731855,28.091999999999985,98.145,,,1.0,,1.0,,,0.0,,0.0,,,1,0,4.794537184071822,,17.07,,,,,0.81,,
3,logp,regression,NB03_logp,hexane,CCCCCC,,0,12.0,4.82842712474619,2.914213562373095,,,1.0,,,,,0,0,6,6.0,5.0,40.563961599812586,,2.5866000000000007,-0.0535787022523684,-0.0653823845981235,29.81599999999998,86.178,,,0.0,,0.0,,,0.0,,0.0,,,0,3,0.0,,0.0,,,,,3.9,,
3,logp,regression,NB03_logp,heptane,CCCCCCC,,0,19.219280948873624,5.535533905932738,3.414213562373095,,,1.0,,,,,0,0,7,7.0,6.0,46.92890371420919,,2.976700000000002,-0.0533260917522132,-0.0653823832280402,34.432999999999986,100.205,,,0.0,,0.0,,,0.0,,0.0,,,0,4,0.0,,0.0,,,,,4.5,,
3,logp,regression,NB03_logp,pentane,CCCCC,,0,7.509775004326936,4.121320343559642,2.414213562373095,,,1.0,,,,,0,0,5,5.0,4.0,34.19901948541599,,2.1965000000000003,-0.0538313154318367,-0.0653825553793841,25.19899999999999,72.151,,,0.0,,0.0,,,0.0,,0.0,,,0,2,0.0,,0.0,,,,,3.39,,
3,logp,regression,NB03_logp,1-hexanol,CCCCCCO,,0,23.360990398949916,5.535533905932738,3.414213562373095,,,1.0,,,,,1,1,7,6.96,5.959999999999999,45.35819535200859,,1.559,0.043052405838714,-0.396376569347818,31.22779999999998,102.177,,,0.0,,1.0,,,0.0,,5.106527394840706,,,0,4,0.0,,20.23,,,,,2.03,,
3,logp,regression,NB03_logp,1-octanol,CCCCCCCCO,,0,37.83229392178728,6.949747468305834,4.414213562373095,,,1.0,,,,,1,1,9,8.960000000000003,7.960000000000003,58.08807958080182,,2.3392000000000013,0.0430524072288793,-0.3963765693422825,40.4618,130.23100000000002,,,0.0,,1.0,,,0.0,,5.106527394840706,,,0,6,0.0,,20.23,,,,,3.0,,
3,logp,regression,NB03_logp,chlorobenzene,Clc1ccccc1,,1,134.10736969541455,5.112884175122364,3.393846850117352,,,0.0,,,,,0,0,7,4.663609831029186,1.9871232675119368,47.73466934637863,,2.34,0.0405484408941986,-0.0843444765249014,31.452,112.55899999999995,,,0.0,,1.0,,,0.0,,0.0,,,1,0,0.0,,0.0,,,,,2.84,,
3,logp,regression,NB03_logp,bromobenzene,Brc1ccccc1,,1,134.10736969541455,5.112884175122364,3.393846850117352,,,0.0,,,,,0,0,7,4.849253731343284,2.123680215888008,51.298950725138326,,2.4491000000000005,0.0174752825114365,-0.0621899905650267,34.142,157.01,,,0.0,,1.0,,,0.0,,0.0,,,1,0,0.0,,0.0,,,,,2.99,,
3,logp,regression,NB03_logp,fluorobenzene,Fc1ccccc1,,1,134.10736969541455,5.112884175122364,3.393846850117352,,,0.0,,,,,0,0,7,4.31260162601626,1.7349674800723751,41.596938522423194,,1.8257,0.1227072403493724,-0.2070125221263808,26.399999999999995,96.10399999999998,,,0.0,,1.0,,,0.0,,0.0,,,1,0,0.0,,0.0,,,,,2.27,,
3,logp,regression,NB03_logp,chloroform,ClC(Cl)Cl,,0,8.0,3.5773502691896257,1.7320508075688772,,,1.0,,,,,0,0,4,4.87,2.128397932816538,39.64904970847457,,1.9864,0.1801066354777967,-0.0874115277790443,21.347,119.378,,,0.0,,3.0,,,0.0,,0.0,,,0,0,0.0,,0.0,,,,,1.97,,
3,logp,regression,NB03_logp,dichloromethane,ClCCl,,0,2.754887502163468,2.7071067811865475,1.4142135623730951,,,1.0,,,,,0,0,3,3.5799999999999996,2.58,29.3457834815929,,1.4215,0.0967063903764919,-0.1091323299005052,16.573,84.93299999999999,,,0.0,,2.0,,,0.0,,0.0,,,0,0,0.0,,0.0,,,,,1.25,,
3,logp,regression,NB03_logp,carbon tetrachloride,ClC(Cl)(Cl)Cl,,0,19.11941547876375,4.5,2.0,,,1.0,,,,,0,0,5,6.16,1.741848256920821,49.952315935356246,,2.5529,0.2656852112875352,-0.0664213028218838,26.143,153.823,,,0.0,,4.0,,,0.0,,0.0,,,0,0,0.0,,0.0,,,,,2.83,,
3,logp,regression,NB03_logp,naphthalene,c1ccc2ccccc2c1,,2,271.01518240905483,6.811554787871634,4.9663264951887856,,,0.0,,,,,0,0,10,5.482229779997874,2.143052886105772,60.11306765123217,,2.839800000000001,-0.0184042506724422,-0.061629711446875,43.94800000000003,128.17399999999995,,,0.0,,0.0,,,0.0,,0.0,,,2,0,0.0,,0.0,,,,,3.3,,
3,logp,regression,NB03_logp,1-naphthol,Oc1cccc2ccccc12,,2,374.0344903986784,7.681798275874712,5.377010097711745,,,0.0,,,,,1,1,11,6.22562358276644,2.274078478002378,64.90730140342818,,2.5454000000000008,0.1228987281920832,-0.5073115174760925,45.61280000000003,144.17299999999997,,,0.0,,1.0,,,0.0,,5.106527394840706,,,2,0,0.0,,20.23,,,,,2.84,,
3,logp,regression,NB03_logp,acetaminophen,CC(=O)Nc1ccc(O)cc1,,1,253.29949758389105,8.267584713501616,5.1815405503520555,,,0.125,,,,,2,2,11,7.595374077976819,3.0531381005525,64.66690538413799,,1.3505999999999998,0.2207474363124258,-0.5079643157925783,42.41050000000002,151.165,,,0.0,,3.0,,,0.0,,10.423315998847038,,,1,1,4.794537184071822,,49.33,,,,,0.46,,
3,logp,regression,NB03_logp,aspirin,CC(=O)Oc1ccccc1C(=O)O,,1,343.2228677267164,9.844934982691242,6.109060905280622,,,0.1111111111111111,,,,,3,1,13,9.249605734767025,3.7092512583454584,74.75705264447721,,1.3101,0.3390037868773102,-0.4775395271554559,44.71030000000002,180.15899999999996,,,0.0,,4.0,,,0.0,,9.843390348640757,,,1,2,4.794537184071822,,63.60000000000001,,,,,1.19,,
3,logp,regression,NB03_logp,ibuprofen,CC(C)Cc1ccc(C(C)C(=O)O)cc1,,1,324.8941190021566,11.422285251880869,7.002907755397974,,,0.4615384615384615,,,,,1,1,15,11.763046018991965,4.964460295417243,90.94175377251302,,3.073200000000001,0.3101853515323108,-0.4807885019257389,61.03480000000004,206.28499999999997,,,0.0,,2.0,,,1.0,,5.106527394840706,,,1,4,11.21535880699783,,37.3,,,,,3.97,,
3,logp,regression,NB03_logp,4-chlorophenol,Oc1ccc(Cl)cc1,,1,147.38833891467198,5.983127663125442,3.787693700234704,,,0.0,,,,,1,1,8,5.446798905608755,2.052669547891518,52.52890309857465,,2.0456,0.1151797599888271,-0.5079651858460357,33.1168,128.558,,,0.0,,2.0,,,0.0,,5.106527394840706,,,1,0,0.0,,20.23,,,,,2.39,,
3,logp,regression,NB03_logp,2-nitrophenol,Oc1ccccc1[N+](=O)[O-],,1,258.9247708743934,7.560477932315068,4.71521405516327,,,0.0,,,,,3,1,10,6.538764845605701,2.344994095834573,56.87861259419278,,1.3004000000000002,0.3101887839338801,-0.502092705332494,34.7612,139.11,,,0.0,,4.0,,,0.0,,5.106527394840706,,,1,1,0.0,,63.370000000000005,,,,,1.79,,
3,logp,regression,NB03_logp,4-nitrophenol,Oc1ccc([N+](=O)[O-])cc1,,1,241.67477087439332,7.560477932315068,4.698377302757663,,,0.0,,,,,3,1,10,6.538764845605701,2.344994095834573,56.878612594192774,,1.3003999999999998,0.2691949560161654,-0.5079581647909615,34.76120000000001,139.11,,,0.0,,4.0,,,0.0,,5.106527394840706,,,1,1,0.0,,63.370000000000005,,,,,1.91,,
3,logp,regression,NB03_logp,vanillin,COc1ccc(C=O)cc1O,,1,268.03972257956417,8.267584713501616,5.274386907679232,,,0.125,,,,,3,1,11,7.595374077976819,3.0531381005525,64.23058843003683,,1.2132999999999998,0.1600221689522332,-0.5042389139064142,40.046300000000016,152.14899999999997,,,0.0,,3.0,,,0.0,,9.843390348640757,,,1,2,0.0,,46.53,,,,,1.21,,
3,logp,regression,NB03_logp,coumarin,O=C1OC2=CC=CC=C2C=C1,,2,428.5108208761056,7.681798275874712,5.360173345306137,,,0.0,,,,,2,0,11,6.160248407637458,2.234974333040861,63.07940657528497,,1.793,0.3356903161643382,-0.4227294736611369,42.484000000000016,146.14499999999998,,,0.0,,2.0,,,0.0,,4.417150937053347,,,2,0,0.0,,30.21,,,,,1.39,,
3,logp,regression,NB03_logp,atrazine,CCNc1nc(Cl)nc(NC(C)C)n1,,1,301.78315486014867,10.55204176387779,6.613392202930193,,,0.625,,,,,5,2,14,10.977519379844964,4.95024333881867,88.3180482284173,,1.7770999999999997,0.2284970869222608,-0.3543182635074518,57.75940000000002,215.688,,,0.0,,6.0,,,0.0,,10.633577208012662,,,1,4,0.0,,62.73,,,,,2.61,,
3,logp,regression,NB03_logp,biphenyl,c1ccc(-c2ccccc2)cc1,,2,297.4313204906765,8.225768350244728,5.9663264951887856,,,0.0,,,,,0,0,12,7.108736857548047,3.2249464015776437,72.48849732556099,,3.353600000000001,-0.0184042560761494,-0.0622253948936662,51.87800000000003,154.21199999999996,,,0.0,,0.0,,,0.0,,0.0,,,2,1,0.0,,0.0,,,,,3.76,,
3,logp,regression,NB03_logp,diphenyl ether,c1ccc(Oc2ccccc2)cc1,,2,315.89864866417315,8.932875131431276,6.449489742783179,,,0.0,,,,,1,0,13,7.866895638429664,3.7642110484220974,77.60204255506788,,3.478900000000001,0.1269277489093993,-0.4573845977458952,52.958000000000034,170.21099999999998,,,0.0,,1.0,,,0.0,,4.736862953800049,,,2,2,0.0,,9.23,,,,,4.21,,
3,logp,regression,NB03_logp,fluorene,C1c2ccccc2-c2ccccc21,,2,411.60041905516795,8.673362107437432,6.449489742783179,,,0.0769230769230769,,,,,0,0,13,6.902850765306124,2.4617954580094508,77.84760828642837,,3.257800000000002,-0.0013455207947278,-0.0619392448998263,54.684000000000026,166.22299999999998,,,1.0,,0.0,,,0.0,,0.0,,,3,0,6.4208216229260096,,0.0,,,,,4.18,,
3,logp,regression,NB03_logp,p-cresol,Cc1ccc(O)cc1,,1,143.24662946459569,5.983127663125442,3.787693700234704,,,0.1428571428571428,,,,,1,1,8,5.162450142450142,1.864622199497544,48.59057898608958,,1.7006199999999998,0.1150944889513926,-0.5079666481555334,32.843799999999995,108.14,,,0.0,,1.0,,,0.0,,5.106527394840706,,,1,0,0.0,,20.23,,,,,1.94,,
3,logp,regression,NB03_logp,thiophenol,Sc1ccccc1,,1,134.10736969541455,5.112884175122364,3.393846850117352,,,0.0,,,,,1,1,7,4.7222070015220705,2.0299990576722062,48.58646978289869,,1.9752999999999996,0.0039920050653017,-0.1434268922977095,33.694,110.18099999999995,,,0.0,,1.0,,,0.0,,0.0,,,1,0,0.0,,0.0,,,,,2.52,,
3,logp,regression,NB03_logp,thiophene,c1ccsc1,,1,60.12481811269772,3.5355339059327378,2.5,,,0.0,,,,,1,0,5,2.9127659574468083,1.2210502489814397,35.07176638990846,,1.7480999999999998,-0.009338438056026,-0.152454341484825,24.318999999999996,84.14299999999999,,,0.0,,1.0,,,0.0,,0.0,,,1,0,0.0,,0.0,,,,,1.81,,
3,logp,regression,NB03_logp,dimethyl sulfide,CSC,,0,2.754887502163468,2.7071067811865475,1.4142135623730951,,,1.0,,,,,1,0,3,3.3499999999999996,2.35,25.2273031675914,,0.9792,-0.0186782118882655,-0.1688616875245137,19.438999999999997,62.137,,,0.0,,1.0,,,0.0,,0.0,,,0,0,0.0,,0.0,,,,,1.05,,
3,logp,regression,NB03_logp,"N,N-dimethylaniline",CN(C)c1ccccc1,,1,167.1823264341432,6.69023444431199,4.304530452640311,,,0.25,,,,,1,0,9,6.144688279301746,2.533930223385564,55.92112101849355,,1.7526,0.0360487258155562,-0.3776614787127546,40.76900000000002,121.18299999999996,,,0.0,,1.0,,,0.0,,4.899909730850478,,,1,1,0.0,,3.24,,,,,2.31,,
3,logp,regression,NB03_logp,anthracene,c1ccc2cc3ccccc3cc2c1,,3,488.7590985891403,9.38046888862398,6.932652990377571,,,0.0,,,,,0,0,14,7.571439103526888,2.8450836230123144,82.79473218296737,,3.993000000000002,-0.0177651677696976,-0.0616293497845887,61.45400000000003,178.23399999999995,,,0.0,,0.0,,,0.0,,0.0,,,3,0,0.0,,0.0,,,,,4.45,,
3,logp,regression,NB03_logp,phenanthrene,c1ccc2c(c1)ccc1ccccc12,,3,539.0090985891403,9.38046888862398,6.949489742783178,,,0.0,,,,,0,0,14,7.571439103526888,2.8450836230123144,82.79473218296738,,3.993000000000002,-0.0105415350828747,-0.0616289927108002,61.45400000000003,178.23399999999998,,,0.0,,0.0,,,0.0,,0.0,,,3,0,0.0,,0.0,,,,,4.46,,
3,logp,regression,NB03_logp,pyrene,c1cc2ccc3cccc4ccc(c1)c2c34,,4,666.6198058168793,10.535169427003233,7.932652990377569,,,0.0,,,,,0,0,16,8.11640192478581,2.732404740131078,93.45542159483816,,4.584000000000002,-0.0026808061111411,-0.0610325863809814,70.14600000000003,202.25599999999997,,,0.0,,0.0,,,0.0,,0.0,,,4,0,0.0,,0.0,,,,,4.88,,
3,logp,regression,NB03_logp,octane,CCCCCCCC,,0,25.019550008653873,6.242640687119286,3.914213562373095,,,1.0,,,,,0,0,8,8.0,7.0,53.29384582860581,,3.3668000000000022,-0.0533162045438967,-0.0653823832228023,39.05,114.232,,,0.0,,0.0,,,0.0,,0.0,,,0,5,0.0,,0.0,,,,,4.9,,
3,logp,regression,NB03_logp,decane,CCCCCCCCCC,,0,40.0,7.656854249492381,4.914213562373096,,,1.0,,,,,0,0,10,10.0,9.0,66.02373005739904,,4.147000000000004,-0.0533061464398628,-0.0653823832227926,48.28400000000003,142.286,,,0.0,,0.0,,,0.0,,0.0,,,0,7,0.0,,0.0,,,,,5.98,,
3,logp,regression,NB03_logp,dodecane,CCCCCCCCCCCC,,0,56.43856189774725,9.071067811865476,5.914213562373096,,,1.0,,,,,0,0,12,12.0,11.0,78.75361428619225,,4.9272000000000045,-0.0533059741710883,-0.0653823832227926,57.51800000000005,170.33999999999995,,,0.0,,0.0,,,0.0,,0.0,,,0,9,0.0,,0.0,,,,,6.1,,
3,logp,regression,NB03_logp,hexadecane,CCCCCCCCCCCCCC,,0,74.03910001730775,10.485281374238571,6.914213562373096,,,1.0,,,,,0,0,14,14.0,13.0,91.48349851498548,,5.707400000000006,-0.053305972794379,-0.0653823832227926,66.75200000000007,198.39399999999995,,,0.0,,0.0,,,0.0,,0.0,,,0,11,0.0,,0.0,,,,,7.17,,
3,logp,regression,NB03_logp,D-limonene,CC1=CCC(=CC1)C(C)=C,,0,204.07820003461555,7.560477932315068,4.698377302757663,,,0.4,,,,,0,0,10,7.328459869848157,2.8694839561664094,62.94908980731702,,3.229000000000002,-0.0095398400683944,-0.0958382287814418,45.88800000000003,134.22199999999998,,,1.0,,0.0,,,0.0,,0.0,,,1,1,0.0,,0.0,,,,,4.57,,
3,logp,regression,NB03_logp,alpha-pinene,CC1=CCC2CC1C2(C)C,,0,186.21499122004107,7.35337115112852,4.621027033568037,,,0.8,,,,,0,0,10,6.450201165867344,1.6637425470500236,63.322464718156304,,2.9987000000000013,-0.0148922197047303,-0.0850129067501687,43.75200000000002,136.238,,,3.0,,0.0,,,2.0,,0.0,,,3,0,0.0,,0.0,,,,,4.83,,
3,logp,regression,NB03_logp,DDT,Clc1ccc(C(c2ccc(Cl)cc2)C(Cl)(Cl)Cl)cc1,,2,494.04416142195936,14.043605595440512,8.876028663351637,,,0.1428571428571428,,,,,0,0,19,15.282101252716991,6.1146915736885745,136.73471268876253,,6.495500000000002,0.2008590133369853,-0.0843441266420065,85.03700000000002,354.491,,,0.0,,5.0,,,0.0,,0.0,,,2,2,0.0,,0.0,,,,,6.91,,
3,logp,regression,NB03_logp,lindane,ClC1CC(Cl)C(Cl)C(Cl)C1Cl,,0,124.93433232624652,8.593858127134677,5.036581260209188,,,1.0,,,,,0,0,11,10.530321285140564,4.106267189924549,91.07446158069172,,3.427100000000001,0.0691538660667902,-0.1212824164352621,52.822000000000024,256.387,,,1.0,,5.0,,,4.0,,0.0,,,1,0,0.0,,0.0,,,,,3.72,,
3,logp,regression,NB03_logp,chlorpyrifos,CCOP(=S)(OCC)Oc1nc(Cl)c(Cl)cc1Cl,,1,464.6162368766505,13.759148545064338,8.414832660707775,,,0.4444444444444444,,,,,5,0,18,16.44437737901033,7.246563253264823,125.74118203040852,,4.718100000000002,0.3813559433952989,-0.4039620319976707,77.43200000000002,350.591,,,0.0,,9.0,,,0.0,,4.5237471617118175,,,1,6,20.85435041206228,,40.58,,,,,4.96,,
3,logp,regression,NB03_logp,testosterone,CC12CCC3C(C1CCC2=O)CCC4=CC(=O)CCC34C,,0,545.7696078462164,14.828062645816686,9.949160848322622,,,0.7894736842105263,,,,,2,0,21,13.722992950448893,4.301117858908269,126.91832564075489,,4.087400000000003,0.1551972904372288,-0.2990872112439102,81.71700000000004,286.415,,,4.0,,2.0,,,5.0,,0.0,,,4,0,9.589074368143644,,34.14,,,,,3.32,,
3,logp,regression,NB03_logp,cholesterol,CC(C)CCCC(C)C1CCC2C3CC=C4CC(O)CCC4(C)C3CCC12C,,0,591.0697059458731,20.10408352775558,13.253691300962933,,,0.925925925925926,,,,,1,1,28,20.95200267376842,7.750696834249698,174.30905210803618,,7.388700000000009,0.057740057465393,-0.3927966848471336,119.05280000000008,386.6640000000002,,,4.0,,1.0,,,8.0,,5.106527394840706,,,4,5,0.0,,20.23,,,,,8.74,,
3,logp,regression,NB03_logp,benzophenone,O=C(c1ccccc1)c1ccccc1,,2,376.003255415297,9.803118619434356,6.877010097711745,,,0.0,,,,,1,0,14,8.696948085233146,3.878969377162453,83.01496154000138,,2.917600000000001,0.1925196653354077,-0.2886159649049109,56.316500000000026,182.222,,,0.0,,1.0,,,0.0,,0.0,,,2,2,0.0,,17.07,,,,,3.18,,
3,logp,regression,NB03_logp,4-tert-butylphenol,CC(C)(C)c1ccc(O)cc1,,1,228.04484428381983,8.483127663125444,4.999018565639891,,,0.4,,,,,1,1,11,8.119800399201598,2.571671007675518,67.6854053292794,,2.689700000000001,0.1150955425890134,-0.5079666394035982,46.80680000000004,150.22099999999998,,,0.0,,1.0,,,0.0,,5.106527394840706,,,1,0,5.41499046939678,,20.23,,,,,3.31,,
3,logp,regression,NB03_logp,2-ethylhexanol,CCCCC(CC)CO,,0,48.52932501298081,7.112884175122364,4.346065214951232,,,1.0,,,,,1,1,9,8.960000000000003,6.08562814070352,58.08807958080181,,2.1951000000000005,0.0458662459549641,-0.3960883514176953,40.3918,130.231,,,0.0,,1.0,,,1.0,,5.106527394840706,,,0,5,0.0,,20.23,,,,,2.73,,
3,logp,regression,NB03_logp,dibutyl phthalate,CCCCOC(=O)c1ccccc1C(=O)OCCCC,,1,398.85794216890986,14.794682450997078,9.7019072626078,,,0.5,,,,,4,0,20,16.215066079295156,9.125580158740505,119.63095892256436,,3.600400000000003,0.3385059645525906,-0.4620783967394106,76.82300000000005,278.348,,,0.0,,4.0,,,0.0,,9.473725907600098,,,1,8,9.473725907600098,,52.60000000000001,,,,,4.72,,
3,logp,regression,NB03_logp,trichloroethylene,ClC(=CCl)Cl,,0,42.854752972273346,4.284457050376173,2.270055610029662,,,0.0,,,,,0,0,5,5.609999999999999,2.826919739696312,45.324388790686925,,2.5017000000000005,0.1176031867403948,-0.0903590844896965,25.642,131.389,,,0.0,,3.0,,,0.0,,0.0,,,0,0,0.0,,0.0,,,,,2.42,,
3,logp,regression,NB03_logp,hexachlorobenzene,Clc1c(Cl)c(Cl)c(Cl)c(Cl)c1Cl,,1,226.30309024251744,9.464101615137755,5.464101615137754,,,0.0,,,,,0,0,12,11.03716049382716,3.996461393295233,99.25100048078698,,5.606999999999999,0.0809571906266529,-0.0809571906266529,56.502,284.784,,,0.0,,6.0,,,0.0,,0.0,,,1,0,0.0,,0.0,,,,,5.73,,
3,logp,regression,NB03_logp,benzo[a]pyrene,c1ccc2cc3ccc4cccc5ccc(c1)c2c3c45,,5,1086.504969716024,13.10408352775558,9.915816237971969,,,0.0,,,,,0,0,20,10.21902349550179,3.486521567643158,116.13708612657337,,5.737200000000003,-0.0014540170866207,-0.0616289787426215,87.65200000000004,252.31599999999997,,,0.0,,0.0,,,0.0,,0.0,,,5,0,0.0,,0.0,,,,,5.97,,
3,logp,regression,NB03_logp,chrysene,c1ccc2c(c1)ccc1ccc3ccccc3c12,,4,801.7526221384024,11.949382989376328,8.932652990377573,,,0.0,,,,,0,0,18,9.66576917112106,3.5754525382851057,105.4763967147026,,5.146200000000003,-0.0026818586296725,-0.0616289870910894,78.96000000000005,228.294,,,0.0,,0.0,,,0.0,,0.0,,,4,0,0.0,,0.0,,,,,5.81,,
3,logp,regression,NB03_logp,warfarin,OC(=O)CC(c1ccccc1)c1ccc(O)cc1,,2,517.1947945489237,12.957819157813608,8.664703797946448,,,0.1333333333333333,,,,,2,2,18,12.174429825362497,5.361092663978125,105.33331327318662,,2.998800000000001,0.3038053765539034,-0.5079666391622811,68.64460000000003,242.274,,,0.0,,3.0,,,1.0,,10.213054789681411,,,2,4,4.794537184071822,,57.53,,,,,2.7,,
3,logp,regression,NB03_logp,diclofenac,OC(=O)Cc1ccccc1Nc1c(Cl)cccc1Cl,,2,593.8950014443018,13.828062645816686,9.07538740046941,,,0.0714285714285714,,,,,2,2,19,13.715440199973632,5.9544053534163845,120.33053204396538,,4.364100000000001,0.3073958769244231,-0.4809852135804913,77.52650000000003,296.153,,,0.0,,5.0,,,0.0,,10.423315998847038,,,2,4,11.21535880699783,,49.33,,,,,4.51,,
3,logp,regression,NB03_logp,naproxen,COc1ccc2cc(C(C)C(=O)O)ccc2c1,,2,560.3959195741091,12.41384908344359,8.113392202930193,,,0.2142857142857142,,,,,2,1,17,11.455255502156714,4.454042614687935,99.64213719056528,,3.036500000000001,0.3101857253232449,-0.4967451042461023,66.55080000000004,230.263,,,0.0,,3.0,,,1.0,,9.843390348640757,,,2,3,4.794537184071822,,46.53,,,,,3.18,,
3,logp,regression,NB03_logp,ketoprofen,CC(C(=O)O)c1cccc(C(=O)c2ccccc2)c1,,2,602.4009276194483,13.828062645816686,9.092224152875014,,,0.125,,,,,2,1,19,13.022119949627315,5.481743927766793,111.065543735431,,3.1057000000000015,0.3101857384443935,-0.4807884998513802,72.36730000000003,254.285,,,0.0,,3.0,,,1.0,,5.106527394840706,,,2,4,4.794537184071822,,54.37,,,,,3.12,,
3,logp,regression,NB03_logp,estradiol,OC1CCc2cc(O)ccc2C3CCCC13,,1,399.72185684736263,11.12095586463014,7.754020195423489,,,0.5714285714285714,,,,,2,2,16,10.15431857059022,3.774606541918884,95.9277452320034,,2.583,0.1153706301920863,-0.5079560321480047,62.51660000000004,218.2959999999999,,,2.0,,2.0,,,3.0,,10.213054789681411,,,3,0,6.4208216229260096,,40.46,,,,,4.01,,
3,logp,regression,NB03_logp,progesterone,CC(=O)C1CCC2C3CCC4=CC(=O)CCC4(C)C3CCC12C,,0,588.6489897976311,16.405412915006313,10.859844450845582,,,0.8095238095238095,,,,,2,0,23,15.598585502468657,5.036596433775879,139.6482098695481,,4.723500000000005,0.1551972904371737,-0.2996937055660859,90.88100000000006,314.46900000000005,,,4.0,,2.0,,,6.0,,0.0,,,4,1,9.589074368143644,,34.14,,,,,3.87,,
3,logp,regression,NB03_logp,menthol,CC(C)C1CCC(C)CC1O,,0,120.0411847243922,8.430721420318147,5.109060905280621,,,1.0,,,,,1,1,11,9.05124087591241,3.5728285052475055,69.8121326560658,,2.439500000000001,0.0572930255771365,-0.3928209088894812,47.34980000000002,156.269,,,1.0,,1.0,,,3.0,,5.106527394840706,,,1,1,0.0,,20.23,,,,,3.4,,
3,logp,regression,NB03_logp,camphor,CC1(C)C2CCC1(C)C(=O)C2,,0,216.91266689075215,8.276020881938894,4.982998800364114,,,0.9,,,,,1,0,11,7.326147454014241,1.701311022684903,68.17358985038433,,2.401700000000001,0.1390987462704969,-0.2990642887496957,44.23600000000002,152.237,,,2.0,,1.0,,,2.0,,0.0,,,2,0,4.794537184071822,,17.07,,,,,2.38,,
3,logp,regression,NB03_logp,linalool,CC(C)=CCCC(C)(O)C=C,,0,150.25571236699292,8.905777393935816,4.97716239121621,,,0.6,,,,,1,1,11,10.44,4.345263593221741,69.43875774522651,,2.6698000000000013,0.0799543275016631,-0.386091502560853,49.485800000000026,154.253,,,0.0,,1.0,,,1.0,,5.106527394840706,,,0,4,0.0,,20.23,,,,,2.97,,
4,mutagenicity,classification,NB04_mutagenicity,2-nitrofluorene,O=[N+]([O-])c1ccc2cc3ccccc3cc2c1,,3,734.4562652641641,11.828062645816686,8.237183443017882,,,0.0,0.0,0.0,0.0,0.0,2,0,17,9.781107035232184,3.55710999635206,97.44770790546718,3.901200000000002,,0.2695661120628807,-0.2583093251957037,68.10840000000002,223.231,,,0.0,0.0,3.0,1.0,2.0,,0.0,,,,3,1,,,43.14,,,,,,,1.0
4,mutagenicity,classification,NB04_mutagenicity,2-acetylaminofluorene,CC(=O)Nc1ccc2cc3ccccc3cc2c1,,3,746.2611131494824,12.535169427003234,8.720346690612276,,,0.0625,0.0,0.0,0.0,0.0,1,1,18,10.78202096156778,4.148854348346499,105.2360006954124,3.9514000000000022,,0.2207477381208965,-0.326316380060032,75.75770000000003,235.286,,,0.0,0.0,2.0,1.0,1.0,,0.0,,,,3,1,,,29.1,,,,,,,1.0
4,mutagenicity,classification,NB04_mutagenicity,4-nitroquinoline N-oxide,O=[N+]([O-])c1ccc2ncccc2c1,,2,467.8762845243794,9.259148545064338,6.270856947829096,,,0.0,0.0,1.0,0.0,0.0,3,0,13,7.667364748284459,2.8199872043704444,73.98569135467848,2.143,,0.269679835266354,-0.2583093126081448,48.397400000000026,174.159,,,0.0,0.0,4.0,2.0,2.0,,0.0,,,,2,1,,,56.03,,,,,,,1.0
4,mutagenicity,classification,NB04_mutagenicity,1-nitropyrene,O=[N+]([O-])c1ccc2ccc3cccc4ccc1c2c34,,4,927.5168646967956,12.98276318419594,9.254020195423491,,,0.0,0.0,0.0,0.0,0.0,2,0,19,10.261797512956033,3.417325972389498,108.10839731733796,4.492200000000002,,0.2767532674649996,-0.2582903621078463,76.80040000000004,247.253,,,0.0,0.0,3.0,1.0,2.0,,0.0,,,,4,1,,,43.14,,,,,,,1.0
4,mutagenicity,classification,NB04_mutagenicity,nitrobenzene,O=[N+]([O-])c1ccccc1,,1,207.5576620543373,6.69023444431199,4.304530452640311,,,0.0,0.0,0.0,0.0,0.0,2,0,9,5.751233595800525,2.2593342006647616,52.08437884199676,1.5948,,0.2689216270439583,-0.2583096384435056,33.0964,123.11099999999996,,,0.0,0.0,3.0,1.0,2.0,,0.0,,,,1,1,,,43.14,,,,,,,1.0
4,mutagenicity,classification,NB04_mutagenicity,2-nitrotoluene,Cc1ccccc1[N+](=O)[O-],,1,257.53794892648057,7.560477932315068,4.71521405516327,,,0.1428571428571428,0.0,0.0,1.0,0.0,2,0,10,6.7360092807424605,2.4731969036707446,58.44932095639337,1.90322,,0.271791321288604,-0.2583009410225935,37.83340000000001,137.138,,,0.0,0.0,3.0,1.0,2.0,,0.0,,,,1,1,,,43.14,,,,,,,1.0
4,mutagenicity,classification,NB04_mutagenicity,4-nitrotoluene,Cc1ccc([N+](=O)[O-])cc1,,1,240.2879489264805,7.560477932315068,4.698377302757663,,,0.1428571428571428,0.0,0.0,1.0,0.0,2,0,10,6.7360092807424605,2.4731969036707446,58.449320956393365,1.90322,,0.268941455617335,-0.258309636215898,37.83340000000002,137.138,,,0.0,0.0,3.0,1.0,2.0,,0.0,,,,1,1,,,43.14,,,,,,,1.0
4,mutagenicity,classification,NB04_mutagenicity,"2,4-dinitrotoluene",Cc1ccc([N+](=O)[O-])cc1[N+](=O)[O-],,1,374.7553335743196,10.008071689507773,6.019744507803581,,,0.1428571428571428,0.0,0.0,1.0,0.0,4,0,13,9.110744101633394,3.176550566473556,73.10229667889315,1.81142,,0.278670384106092,-0.258305976280152,44.487800000000014,182.135,,,0.0,0.0,6.0,2.0,4.0,,0.0,,,,1,2,,,86.28,,,,,,,1.0
4,mutagenicity,classification,NB04_mutagenicity,"2,6-dinitrotoluene",Cc1c([N+](=O)[O-])cccc1[N+](=O)[O-],,1,342.5053335743196,10.008071689507773,6.036581260209188,,,0.1428571428571428,0.0,0.0,1.0,0.0,4,0,13,9.110744101633394,3.176550566473556,73.10229667889315,1.81142,,0.278684380944421,-0.2582972634915323,44.487800000000014,182.13499999999996,,,0.0,0.0,6.0,2.0,4.0,,0.0,,,,1,2,,,86.28,,,,,,,1.0
4,mutagenicity,classification,NB04_mutagenicity,"1,3-dinitrobenzene",O=[N+]([O-])c1cccc([N+](=O)[O-])c1,,1,306.8248996548373,9.137828201504696,5.6090609052806215,,,0.0,0.0,0.0,1.0,0.0,4,0,12,8.119800399201598,2.951611860781723,66.73735456449656,1.503,,0.2758010857126873,-0.258305978673261,39.75080000000001,168.10799999999998,,,0.0,0.0,6.0,2.0,4.0,,0.0,,,,1,2,,,86.28,,,,,,,1.0
4,mutagenicity,classification,NB04_mutagenicity,4-nitroanisole,COc1ccc([N+](=O)[O-])cc1,,1,254.8931256273244,8.267584713501616,5.236382105218448,,,0.1428571428571428,0.0,0.0,1.0,0.0,3,0,11,7.52615711252654,3.005223044230256,63.562866185900255,1.6033999999999995,,0.2691952053150494,-0.4967597347520019,39.64840000000002,153.137,,,0.0,0.0,4.0,1.0,3.0,,0.0,,,,1,2,,,52.370000000000005,,,,,,,1.0
4,mutagenicity,classification,NB04_mutagenicity,4-nitrophenol,Oc1ccc([N+](=O)[O-])cc1,,1,241.67477087439332,7.560477932315068,4.698377302757663,,,0.0,0.0,0.0,1.0,0.0,3,1,10,6.538764845605701,2.344994095834573,56.878612594192774,1.3003999999999998,,0.2691949560161654,-0.5079581647909615,34.76120000000001,139.11,,,0.0,0.0,4.0,1.0,3.0,,0.0,,,,1,1,,,63.370000000000005,,,,,,,1.0
4,mutagenicity,classification,NB04_mutagenicity,4-nitroaniline,Nc1ccc([N+](=O)[O-])cc1,,1,242.4296583765568,7.560477932315068,4.698377302757663,,,0.0,0.0,0.0,1.0,0.0,3,1,10,6.538764845605701,2.344994095834573,57.42426953900948,1.177,,0.269074800430289,-0.3987220829005813,37.508800000000015,138.126,,,0.0,0.0,4.0,2.0,2.0,,0.0,,,,1,1,,,69.16,,,,,,,1.0
4,mutagenicity,classification,NB04_mutagenicity,2-nitroaniline,Nc1ccccc1[N+](=O)[O-],,1,259.67965837655686,7.560477932315068,4.71521405516327,,,0.0,0.0,0.0,1.0,0.0,3,1,10,6.538764845605701,2.344994095834573,57.42426953900948,1.177,,0.2916009840169061,-0.3931676875151401,37.50880000000001,138.126,,,0.0,0.0,4.0,2.0,2.0,,0.0,,,,1,1,,,69.16,,,,,,,1.0
4,mutagenicity,classification,NB04_mutagenicity,3-nitroaniline,Nc1cccc([N+](=O)[O-])c1,,1,259.67965837655686,7.560477932315068,4.698377302757663,,,0.0,0.0,0.0,1.0,0.0,3,1,10,6.538764845605701,2.344994095834573,57.42426953900948,1.177,,0.2709824505064129,-0.3985247880942554,37.50880000000001,138.126,,,0.0,0.0,4.0,2.0,2.0,,0.0,,,,1,1,,,69.16,,,,,,,1.0
4,mutagenicity,classification,NB04_mutagenicity,2-naphthylamine,Nc1ccc2ccccc2c1,,2,379.2844903986784,7.681798275874712,5.360173345306137,,,0.0,0.0,0.0,0.0,0.0,1,1,11,6.22562358276644,2.274078478002378,65.45295834824489,2.4220000000000006,,0.0319926057796805,-0.3987108799581668,48.36040000000002,143.189,,,0.0,0.0,1.0,1.0,0.0,,0.0,,,,2,0,,,26.02,,,,,,,1.0
4,mutagenicity,classification,NB04_mutagenicity,1-naphthylamine,Nc1cccc2ccccc12,,2,374.0344903986784,7.681798275874712,5.377010097711745,,,0.0,0.0,0.0,0.0,0.0,1,1,11,6.22562358276644,2.274078478002378,65.45295834824488,2.4220000000000006,,0.0393211270578291,-0.3982258569620523,48.36040000000001,143.189,,,0.0,0.0,1.0,1.0,0.0,,0.0,,,,2,0,,,26.02,,,,,,,1.0
4,mutagenicity,classification,NB04_mutagenicity,benzidine,Nc1ccc(-c2ccc(N)cc2)cc1,,2,371.5796467381504,9.966255326250886,6.7540201954234895,,,0.0,0.0,0.0,0.0,0.0,2,2,14,8.629973277127478,3.4195064921018083,83.16827871958644,2.5180000000000007,,0.0313911459759601,-0.3987282565104882,60.70280000000001,184.242,,,0.0,0.0,2.0,2.0,0.0,,0.0,,,,2,1,,,52.04,,,,,,,1.0
4,mutagenicity,classification,NB04_mutagenicity,4-aminobiphenyl,Nc1ccc(-c2ccccc2)cc1,,2,375.62904776215686,9.096011838247808,6.360173345306138,,,0.0,0.0,0.0,0.0,0.0,1,1,13,7.866895638429664,3.3149108204518427,77.82838802257372,2.9358000000000013,,0.0313911459756871,-0.3987282565104884,56.29040000000002,169.227,,,0.0,0.0,1.0,1.0,0.0,,0.0,,,,2,1,,,26.02,,,,,,,1.0
4,mutagenicity,classification,NB04_mutagenicity,2-aminofluorene,Nc1ccc2cc3ccccc3cc2c1,,3,640.957112138695,10.25071237662706,7.3264998404949235,,,0.0,0.0,0.0,0.0,0.0,1,1,15,8.30165539811872,2.9895520702499834,88.1346228799801,3.5752000000000015,,0.0319929705114904,-0.3987108776915652,65.86640000000001,193.249,,,0.0,0.0,1.0,1.0,0.0,,0.0,,,,3,0,,,26.02,,,,,,,1.0
4,mutagenicity,classification,NB04_mutagenicity,aniline,Nc1ccccc1,,1,134.10736969541455,5.112884175122364,3.393846850117352,,,0.0,0.0,0.0,0.0,0.0,1,1,7,4.18611295681063,1.6461962159398054,42.77129381650968,1.2688,,0.0313475925912186,-0.3987288294865909,30.8544,93.129,,,0.0,0.0,1.0,1.0,0.0,,0.0,,,,1,0,,,26.02,,,,,,,1.0
4,mutagenicity,classification,NB04_mutagenicity,o-toluidine,Cc1ccccc1N,,1,160.49662946459569,5.983127663125442,3.804530452640311,,,0.1428571428571428,0.0,0.0,0.0,0.0,1,1,8,5.162450142450142,1.864622199497544,49.13623593090629,1.57722,,0.0343208796951809,-0.3985140980368427,35.59139999999999,107.156,,,0.0,0.0,1.0,1.0,0.0,,0.0,,,,1,0,,,26.02,,,,,,,1.0
4,mutagenicity,classification,NB04_mutagenicity,m-toluidine,Cc1cccc(N)c1,,1,164.24662946459569,5.983127663125442,3.787693700234704,,,0.1428571428571428,0.0,0.0,0.0,0.0,1,1,8,5.162450142450142,1.864622199497544,49.13623593090629,1.5772199999999998,,0.0316140183227084,-0.3987208576131167,35.59139999999999,107.156,,,0.0,0.0,1.0,1.0,0.0,,0.0,,,,1,0,,,26.02,,,,,,,1.0
4,mutagenicity,classification,NB04_mutagenicity,p-toluidine,Cc1ccc(N)cc1,,1,143.24662946459569,5.983127663125442,3.787693700234704,,,0.1428571428571428,0.0,0.0,0.0,0.0,1,1,8,5.162450142450142,1.864622199497544,49.13623593090628,1.5772199999999998,,0.0313672481681462,-0.3987285645842668,35.5914,107.156,,,0.0,0.0,1.0,1.0,0.0,,0.0,,,,1,0,,,26.02,,,,,,,1.0
4,mutagenicity,classification,NB04_mutagenicity,4-chloroaniline,Nc1ccc(Cl)cc1,,1,147.38833891467198,5.983127663125442,3.787693700234704,,,0.0,0.0,0.0,0.0,0.0,1,1,8,5.446798905608755,2.052669547891518,53.07456004339135,1.9222,,0.0406994785197214,-0.3987274473310653,35.86440000000002,127.574,,,0.0,1.0,2.0,1.0,0.0,,0.0,,,,1,0,,,26.02,,,,,,,1.0
4,mutagenicity,classification,NB04_mutagenicity,"3,4-dichloroaniline",Nc1ccc(Cl)c(Cl)c1,,1,222.29788705001033,6.8533711511285205,4.198377302757663,,,0.0,0.0,0.0,0.0,0.0,1,1,9,6.716279069767443,2.4602853745541022,63.377826270273026,2.575600000000001,,0.0612266295011854,-0.3986848928023869,40.87440000000001,162.019,,,0.0,2.0,3.0,1.0,0.0,,0.0,,,,1,0,,,26.02,,,,,,,1.0
4,mutagenicity,classification,NB04_mutagenicity,"2,4-diaminotoluene",Cc1ccc(N)cc1N,,1,218.15617759993404,6.8533711511285205,4.198377302757663,,,0.1428571428571428,0.0,0.0,0.0,0.0,2,2,9,5.947877237851663,1.973221425374384,54.476126627918994,1.15942,,0.036387420536472,-0.3986669784854036,40.0038,122.17100000000002,,,0.0,0.0,2.0,2.0,0.0,,0.0,,,,1,0,,,52.04,,,,,,,1.0
4,mutagenicity,classification,NB04_mutagenicity,4-aminophenol,Nc1ccc(O)cc1,,1,147.38833891467198,5.983127663125442,3.787693700234704,,,0.0,0.0,0.0,0.0,0.0,2,2,8,4.966627565982405,1.738120536196338,47.56552756870569,0.9744,,0.1152267631267768,-0.5079643210254035,32.5192,109.128,,,0.0,0.0,2.0,1.0,1.0,,0.0,,,,1,0,,,46.25,,,,,,,1.0
4,mutagenicity,classification,NB04_mutagenicity,benzo[a]pyrene,c1ccc2cc3ccc4cccc5ccc(c1)c2c3c45,,5,1086.504969716024,13.10408352775558,9.915816237971969,,,0.0,0.0,0.0,0.0,0.0,0,0,20,10.21902349550179,3.486521567643158,116.13708612657337,5.737200000000003,,-0.0014540170866207,-0.0616289787426215,87.65200000000004,252.31599999999997,,,0.0,0.0,0.0,0.0,0.0,,0.0,,,,5,0,,,0.0,,,,,,,1.0
4,mutagenicity,classification,NB04_mutagenicity,chrysene,c1ccc2c(c1)ccc1ccc3ccccc3c12,,4,801.7526221384024,11.949382989376328,8.932652990377573,,,0.0,0.0,0.0,0.0,0.0,0,0,18,9.66576917112106,3.5754525382851057,105.4763967147026,5.146200000000003,,-0.0026818586296725,-0.0616289870910894,78.96000000000005,228.294,,,0.0,0.0,0.0,0.0,0.0,,0.0,,,,4,0,,,0.0,,,,,,,1.0
4,mutagenicity,classification,NB04_mutagenicity,benz[a]anthracene,c1ccc2cc3ccccc3cc2c1,,3,488.7590985891403,9.38046888862398,6.932652990377571,,,0.0,0.0,0.0,0.0,0.0,0,0,14,7.571439103526888,2.8450836230123144,82.79473218296737,3.993000000000002,,-0.0177651677696976,-0.0616293497845887,61.45400000000003,178.23399999999995,,,0.0,0.0,0.0,0.0,0.0,,0.0,,,,3,0,,,0.0,,,,,,,1.0
4,mutagenicity,classification,NB04_mutagenicity,"7,12-dimethylbenz[a]anthracene",Cc1ccc2cc3c(C)cccc3cc2c1,,3,677.2484465766782,11.12095586463014,7.737183443017882,,,0.125,0.0,0.0,0.0,0.0,0,0,16,9.409141869664666,3.3442396665209437,95.5246164117606,4.609840000000003,,-0.0148345465620932,-0.0613654013115777,70.92800000000003,206.288,,,0.0,0.0,0.0,0.0,0.0,,0.0,,,,3,0,,,0.0,,,,,,,1.0
4,mutagenicity,classification,NB04_mutagenicity,"dibenz[a,h]anthracene",c1ccc2cc3ccc4ccccc4c3cc2c1,,4,866.2526221384028,11.949382989376328,8.915816237971965,,,0.0,0.0,0.0,0.0,0.0,0,0,18,9.66576917112106,3.5754525382851057,105.4763967147026,5.146200000000003,,-0.0099025474276806,-0.06162934975312,78.96000000000004,228.294,,,0.0,0.0,0.0,0.0,0.0,,0.0,,,,4,0,,,0.0,,,,,,,1.0
4,mutagenicity,classification,NB04_mutagenicity,methyl methanesulfonate,COS(=O)(=O)C,,0,110.75488750216348,5.207106781186548,2.5606601717798214,,,1.0,0.0,0.0,0.0,0.0,3,0,6,5.91,1.5720954551071142,37.05214062957765,-0.4075999999999999,,0.2636228003159508,-0.2736729375524172,21.85279999999999,110.134,,,0.0,0.0,4.0,0.0,3.0,,1.0,,,,0,1,,,43.370000000000005,,,,,,,1.0
4,mutagenicity,classification,NB04_mutagenicity,ethyl methanesulfonate,CCOS(=O)(=O)C,,0,123.11544605258784,5.914213562373095,3.060660171779821,,,1.0,0.0,0.0,0.0,0.0,3,0,7,6.910000000000001,2.2771807198876104,43.41708274397426,-0.0174999999999998,,0.2638772479025849,-0.2706126101691188,26.46979999999999,124.161,,,0.0,0.0,4.0,0.0,3.0,,1.0,,,,0,2,,,43.370000000000005,,,,,,,1.0
4,mutagenicity,classification,NB04_mutagenicity,dimethyl sulfate,COS(=O)(=O)OC,,0,112.62522105691478,5.914213562373096,3.121320343559643,,,1.0,0.0,0.0,0.0,0.0,4,0,7,6.869999999999999,2.24774250890826,42.37468973514255,-0.476,,0.3988164840267319,-0.25155018911828,22.937799999999992,126.13299999999998,,,0.0,0.0,5.0,0.0,4.0,,1.0,,,,0,2,,,52.60000000000001,,,,,,,1.0
4,mutagenicity,classification,NB04_mutagenicity,N-methyl-N-nitrosourea,CNC(=O)N=O,,0,69.94833690207419,4.99156383156272,2.808060412490447,,,0.5,0.0,0.0,0.0,1.0,2,1,6,5.07,2.315700245700246,34.51030941010844,0.0922,,0.3779570796649713,-0.3368105486704079,20.2507,88.066,,,0.0,0.0,4.0,2.0,2.0,,0.0,,,,0,0,,,58.53,,,,,,,1.0
4,mutagenicity,classification,NB04_mutagenicity,N-nitrosodimethylamine,CN(C)N=O,,0,34.62919048309069,4.284457050376173,2.270055610029662,,,1.0,0.0,0.0,0.0,1.0,2,0,5,4.400000000000001,1.6941176470588244,30.528894816894983,0.2293999999999999,,0.0518010397915032,-0.2670155046627136,19.481999999999996,74.083,,,0.0,0.0,3.0,2.0,1.0,,0.0,,,,0,1,,,32.67,,,,,,,1.0
4,mutagenicity,classification,NB04_mutagenicity,N-nitrosodiethylamine,CCN(CC)N=O,,0,51.65148445440323,5.698670612749268,3.346065214951232,,,1.0,0.0,0.0,0.0,1.0,2,0,7,6.4,3.5851851851851855,43.2587790456882,1.0095999999999998,,0.0523269231225674,-0.2614654246978901,28.715999999999987,102.137,,,0.0,0.0,3.0,2.0,1.0,,0.0,,,,0,3,,,32.67,,,,,,,1.0
4,mutagenicity,classification,NB04_mutagenicity,N-nitrosomorpholine,O=NN1CCOCC1,,0,80.10749561002055,5.819990956308912,3.931851652578137,,,1.0,0.0,0.0,0.0,0.0,3,0,8,5.495869565217391,2.6144126737025246,47.36649312166584,0.0,,0.066006212873456,-0.3776358693881593,28.18699999999999,116.12,,,1.0,0.0,4.0,2.0,2.0,,0.0,,,,1,1,,,41.900000000000006,,,,,,,1.0
4,mutagenicity,classification,NB04_mutagenicity,N-methyl-N'-nitro-N-nitrosoguanidine,CNC(=NN=O)N[N+](=O)[O-],,0,164.27599848312957,7.983127663125442,4.701907262607799,,,0.5,0.0,0.0,1.0,1.0,4,2,10,8.269999999999998,4.178866271206513,55.387219742502594,-0.9755,,0.2805397173623108,-0.3532874533494095,32.4198,147.094,,,0.0,0.0,8.0,5.0,3.0,,0.0,,,,0,2,,,108.99,,,,,,,1.0
4,mutagenicity,classification,NB04_mutagenicity,4-chloro-o-phenylenediamine,Nc1ccc(Cl)c(N)c1,,1,222.29788705001033,6.8533711511285205,4.198377302757663,,,0.0,0.0,0.0,0.0,0.0,2,2,9,6.233304562268803,2.1504230342026096,58.414450740404064,1.5044,,0.0636454405303365,-0.3986658356316869,40.2768,142.58900000000003,,,0.0,1.0,3.0,2.0,0.0,,0.0,,,,1,0,,,52.04,,,,,,,1.0
4,mutagenicity,classification,NB04_mutagenicity,2-chloro-4-nitroaniline,Nc1ccc([N+](=O)[O-])cc1Cl,,1,300.6337992264624,8.430721420318147,5.109060905280622,,,0.0,0.0,0.0,1.0,0.0,3,1,11,7.812986611740474,2.7545585087790707,67.72753576589115,1.8304,,0.2705700246765752,-0.3975160549785139,42.518800000000006,172.571,,,0.0,1.0,5.0,2.0,2.0,,0.0,,,,1,1,,,69.16,,,,,,,1.0
4,mutagenicity,classification,NB04_mutagenicity,"1-chloro-2,4-dinitrobenzene",Clc1ccc([N+](=O)[O-])cc1[N+](=O)[O-],,1,378.8970430243959,10.008071689507773,6.019744507803581,,,0.0,0.0,0.0,1.0,0.0,4,0,13,9.39841732979664,3.359310173331615,77.04062079137823,2.1563999999999997,,0.2942478961038835,-0.2583059663135595,44.7608,202.553,,,0.0,1.0,7.0,2.0,4.0,,0.0,,,,1,2,,,86.28,,,,,,,1.0
4,mutagenicity,classification,NB04_mutagenicity,chlorambucil,OC(=O)CCCc1ccc(N(CCCl)CCCl)cc1,,1,375.5372835152444,14.08757566981053,9.168233757796584,,,0.5,1.0,0.0,0.0,0.0,2,1,19,16.12534034311013,9.050250670878938,123.67306201087634,3.377900000000002,,0.3028514950889796,-0.4812302517004031,80.66880000000005,304.217,,,0.0,2.0,5.0,1.0,2.0,,0.0,,,,1,9,,,40.54,,,,,,,1.0
4,mutagenicity,classification,NB04_mutagenicity,mechlorethamine,ClCCN(C)CCCl,,0,43.693328434369654,6.405777393935816,3.808060412490447,,,1.0,1.0,0.0,0.0,0.0,1,0,8,8.539999999999997,5.672625994694958,60.5653856093827,1.3958000000000002,,0.0350559066039467,-0.3040023170850202,38.93700000000001,156.05599999999998,,,0.0,2.0,3.0,1.0,0.0,,0.0,,,,0,4,,,3.24,,,,,,,1.0
4,mutagenicity,classification,NB04_mutagenicity,cyclophosphamide,ClCCNP1(=O)OCCCN1CCCl,,0,215.86647567444427,10.441311299868556,6.726492059082183,,,1.0,1.0,0.0,0.0,0.0,2,1,14,12.758073519400952,6.311144001092418,94.44153500749827,1.884,,0.3429835414088586,-0.305966177865779,59.19120000000003,261.08899999999994,,,1.0,2.0,7.0,2.0,2.0,,0.0,,,,1,5,,,41.57,,,,,,,1.0
4,mutagenicity,classification,NB04_mutagenicity,PhIP,Cc1ccc(-c2nc3c(N)nccc3[nH]2)cc1,,3,667.4522523288844,11.828062645816686,8.237183443017884,,,0.0769230769230769,0.0,1.0,0.0,0.0,3,2,17,9.83701137204142,3.5894434137291285,98.52345105161284,2.5155200000000004,,0.1510545472338448,-0.3818388229309103,68.47410000000002,224.267,,,0.0,0.0,4.0,4.0,0.0,,0.0,,,,3,1,,,67.59,,,,,,,1.0
4,mutagenicity,classification,NB04_mutagenicity,Trp-P-1,CN(C)c1ccc2[nH]c3ncccc3c2c1,,3,652.3860659170384,11.12095586463014,7.754020195423489,,,0.1538461538461538,0.0,1.0,0.0,0.0,2,1,16,9.214388645115354,3.2343886836016873,93.7132584839248,2.7821000000000007,,0.1378026881771066,-0.3776417442223671,67.92670000000003,211.26799999999997,,,0.0,0.0,3.0,3.0,0.0,,0.0,,,,3,1,,,31.92,,,,,,,1.0
4,mutagenicity,classification,NB04_mutagenicity,furylfuramide,O=C(Nc1ccc([N+](=O)[O-])o1)c1ccco1,,2,513.7515541923053,11.543605595440512,7.664703797946449,,,0.0,0.0,0.0,1.0,0.0,5,1,16,9.965190555980575,3.8906920374934497,88.80645797426287,2.0330999999999997,,0.4343283174923613,-0.4591895996992001,52.023600000000016,222.156,,,0.0,0.0,7.0,2.0,5.0,,0.0,,,,2,3,,,98.52,,,,,,,1.0
4,mutagenicity,classification,NB04_mutagenicity,aflatoxin B1 simplified,O=c1oc2c(OC)cc3c(c2c2c1OCO2)C=CO3,,3,856.8078881887162,12.98276318419594,9.292024997884274,,,0.1538461538461538,0.0,0.0,0.0,0.0,6,0,19,10.30711621817771,3.4411041702874523,105.62008913488168,2.2765000000000004,,0.3828119510390046,-0.4926690060435775,64.93100000000003,260.20099999999996,,,1.0,0.0,6.0,0.0,6.0,,0.0,,,,4,1,,,71.04,,,,,,,1.0
4,mutagenicity,classification,NB04_mutagenicity,4-aminoazobenzene,Nc1ccc(/N=N/c2ccccc2)cc1,,2,446.0532648827137,10.510225400620904,7.343336592900531,,,0.0,0.0,0.0,0.0,0.0,3,1,15,9.3971519262254,4.371400189024512,88.2751658670628,3.6842000000000015,,0.0858103632049922,-0.3987267517814765,61.47240000000003,197.24100000000004,,,0.0,0.0,3.0,3.0,0.0,,0.0,,,,2,2,,,50.739999999999995,,,,,,,1.0
4,mutagenicity,classification,NB04_mutagenicity,Sudan I,Oc1ccc(/N=N/c2ccccc2)cc1,,2,448.8081523848772,10.510225400620904,7.343336592900531,,,0.0,0.0,0.0,0.0,0.0,3,1,15,9.3971519262254,4.371400189024512,87.7295089222461,3.8076000000000025,,0.1152323114805482,-0.5079642754871322,58.72480000000003,198.22500000000005,,,0.0,0.0,3.0,2.0,1.0,,0.0,,,,2,2,,,44.95,,,,,,,1.0
4,mutagenicity,classification,NB04_mutagenicity,methanol,CO,,0,2.0,2.0,1.0,,,1.0,0.0,0.0,0.0,0.0,1,1,2,1.96,0.9600000000000016,13.533484780025564,-0.3915,,0.0319406837177281,-0.3996302435573072,8.1428,32.042,,,0.0,0.0,1.0,0.0,1.0,,0.0,,,,0,0,,,20.23,,,,,,,0.0
4,mutagenicity,classification,NB04_mutagenicity,ethanol,CCO,,0,2.754887502163468,2.7071067811865475,1.4142135623730951,,,1.0,0.0,0.0,0.0,0.0,1,1,3,2.9600000000000004,1.96,19.89842689442217,-0.0014,,0.0402205817490864,-0.3966637147812598,12.759800000000002,46.069,,,0.0,0.0,1.0,0.0,1.0,,0.0,,,,0,0,,,20.23,,,,,,,0.0
4,mutagenicity,classification,NB04_mutagenicity,1-propanol,CCCO,,0,5.245112497836532,3.414213562373095,1.914213562373095,,,1.0,0.0,0.0,0.0,0.0,1,1,4,3.96,2.9600000000000004,26.26336900881878,0.3887,,0.0427892799205337,-0.3963873506323361,17.376800000000003,60.096,,,0.0,0.0,1.0,0.0,1.0,,0.0,,,,0,1,,,20.23,,,,,,,0.0
4,mutagenicity,classification,NB04_mutagenicity,1-butanol,CCCCO,,0,11.119415478763749,4.121320343559642,2.414213562373095,,,1.0,0.0,0.0,0.0,0.0,1,1,5,4.960000000000001,3.96,32.62831112321538,0.7787999999999999,,0.0430422834852069,-0.3963767520692109,21.993799999999997,74.12299999999999,,,0.0,0.0,1.0,0.0,1.0,,0.0,,,,0,2,,,20.23,,,,,,,0.0
4,mutagenicity,classification,NB04_mutagenicity,acetone,CC(C)=O,,0,26.264662506490403,3.5773502691896257,1.7320508075688772,,,0.6666666666666666,0.0,0.0,0.0,0.0,1,0,4,3.67,1.0445318352059925,25.63065735666653,0.5952999999999999,,0.1262679435601437,-0.3003439026871919,16.355,58.080000000000005,,,0.0,0.0,1.0,0.0,1.0,,0.0,,,,0,0,,,17.07,,,,,,,0.0
4,mutagenicity,classification,NB04_mutagenicity,acetic acid,CC(=O)O,,0,27.019550008653873,3.5773502691896257,1.7320508075688772,,,0.5,0.0,0.0,0.0,0.0,1,1,4,3.47,0.8748582995951415,24.059948994465937,0.0908999999999999,,0.2996845531582142,-0.481433475172105,13.3098,60.05200000000001,,,0.0,0.0,2.0,0.0,2.0,,0.0,,,,0,0,,,37.3,,,,,,,0.0
4,mutagenicity,classification,NB04_mutagenicity,propionic acid,CCC(=O)O,,0,40.1577218810798,4.284457050376173,2.270055610029662,,,0.6666666666666666,0.0,0.0,0.0,0.0,1,1,5,4.469999999999999,1.7581844380403455,30.42489110886254,0.481,,0.3025584374920559,-0.4812379170193394,17.9268,74.079,,,0.0,0.0,2.0,0.0,2.0,,0.0,,,,0,1,,,37.3,,,,,,,0.0
4,mutagenicity,classification,NB04_mutagenicity,ethyl acetate,CCOC(C)=O,,0,49.50977500432694,4.99156383156272,2.770055610029662,,,0.75,0.0,0.0,0.0,0.0,2,0,6,5.469999999999999,2.693713646532438,37.10914470057002,0.5694,,0.3021127777269908,-0.4661718899744166,22.30699999999999,88.106,,,0.0,0.0,2.0,0.0,2.0,,0.0,,,,0,1,,,26.3,,,,,,,0.0
4,mutagenicity,classification,NB04_mutagenicity,glycerol,OCC(O)CO,,0,25.219280948873624,4.99156383156272,2.808060412490447,,,1.0,0.0,0.0,0.0,0.0,3,3,6,5.88,3.0849180327868857,35.851836513210806,-1.6681,,0.1000470260172347,-0.3935933161206694,20.1784,92.094,,,0.0,0.0,3.0,0.0,3.0,,0.0,,,,0,2,,,60.69,,,,,,,0.0
4,mutagenicity,classification,NB04_mutagenicity,glucose,OCC1OC(O)C(O)C(O)C1O,,0,146.2188491003481,9.300964908321223,5.574586062669973,,,1.0,0.0,0.0,0.0,0.0,6,5,12,9.845034013605442,3.648916103234773,68.64284443677029,-3.2214000000000005,,0.183570328512782,-0.3935665160029449,35.986,180.156,,,1.0,0.0,6.0,0.0,6.0,,0.0,,,,1,1,,,110.38,,,,,,,0.0
4,mutagenicity,classification,NB04_mutagenicity,sucrose,OCC1OC(CO)(OC2OC(CO)C(O)C(O)C2O)C(O)C1O,,0,393.2032272794937,17.361442840636293,10.806896738665586,,,1.0,0.0,0.0,0.0,0.0,11,8,23,18.89235232228663,7.207281294562587,130.4364576852225,-5.395599999999993,,0.2235503336827939,-0.3935665149997882,68.64140000000003,342.297,,,2.0,0.0,11.0,0.0,11.0,,0.0,,,,2,5,,,189.52999999999997,,,,,,,0.0
4,mutagenicity,classification,NB04_mutagenicity,urea,NC(N)=O,,0,29.019550008653873,3.5773502691896257,1.7320508075688772,,,0.0,0.0,0.0,0.0,0.0,1,2,4,3.2700000000000005,0.7105286343612336,23.580554521898744,-0.9762000000000002,,0.309056401422831,-0.3518462395056391,13.7708,60.056,,,0.0,0.0,3.0,2.0,1.0,,0.0,,,,0,0,,,69.11,,,,,,,0.0
4,mutagenicity,classification,NB04_mutagenicity,glycine,NCC(=O)O,,0,42.91260938324327,4.284457050376173,2.270055610029662,,,0.5,0.0,0.0,0.0,0.0,2,2,5,4.43,1.7215451895043727,29.39983969147865,-0.9703,,0.3167559784055858,-0.4802971300243957,16.6902,75.067,,,0.0,0.0,3.0,1.0,2.0,,0.0,,,,0,1,,,63.32000000000001,,,,,,,0.0
4,mutagenicity,classification,NB04_mutagenicity,alanine,CC(N)C(=O)O,,0,59.813537528125096,5.1547005383792515,2.6427344100918364,,,0.6666666666666666,0.0,0.0,0.0,0.0,2,2,6,5.43,1.7676338396942162,35.76478180587526,-0.5817999999999999,,0.3196779563386595,-0.4800942338470611,21.285200000000003,89.09399999999998,,,0.0,0.0,3.0,1.0,2.0,,0.0,,,,0,1,,,63.32000000000001,,,,,,,0.0
4,mutagenicity,classification,NB04_mutagenicity,chloroform,ClC(Cl)Cl,,0,8.0,3.5773502691896257,1.7320508075688772,,,1.0,1.0,0.0,0.0,0.0,0,0,4,4.87,2.128397932816538,39.64904970847457,1.9864,,0.1801066354777967,-0.0874115277790443,21.347,119.378,,,0.0,3.0,3.0,0.0,0.0,,0.0,,,,0,0,,,0.0,,,,,,,0.0
4,mutagenicity,classification,NB04_mutagenicity,dichloromethane,ClCCl,,0,2.754887502163468,2.7071067811865475,1.4142135623730951,,,1.0,1.0,0.0,0.0,0.0,0,0,3,3.5799999999999996,2.58,29.3457834815929,1.4215,,0.0967063903764919,-0.1091323299005052,16.573,84.93299999999999,,,0.0,2.0,2.0,0.0,0.0,,0.0,,,,0,0,,,0.0,,,,,,,0.0
4,mutagenicity,classification,NB04_mutagenicity,carbon tetrachloride,ClC(Cl)(Cl)Cl,,0,19.11941547876375,4.5,2.0,,,1.0,1.0,0.0,0.0,0.0,0,0,5,6.16,1.741848256920821,49.952315935356246,2.5529,,0.2656852112875352,-0.0664213028218838,26.143,153.823,,,0.0,4.0,4.0,0.0,0.0,,0.0,,,,0,0,,,0.0,,,,,,,0.0
4,mutagenicity,classification,NB04_mutagenicity,trichloroethylene,ClC(=CCl)Cl,,0,42.854752972273346,4.284457050376173,2.270055610029662,,,0.0,1.0,0.0,0.0,0.0,0,0,5,5.609999999999999,2.826919739696312,45.324388790686925,2.5017000000000005,,0.1176031867403948,-0.0903590844896965,25.642,131.389,,,0.0,3.0,3.0,0.0,0.0,,0.0,,,,0,0,,,0.0,,,,,,,0.0
4,mutagenicity,classification,NB04_mutagenicity,fluorobenzene,Fc1ccccc1,,1,134.10736969541455,5.112884175122364,3.393846850117352,,,0.0,0.0,0.0,0.0,0.0,0,0,7,4.31260162601626,1.7349674800723751,41.596938522423194,1.8257,,0.1227072403493724,-0.2070125221263808,26.399999999999995,96.10399999999998,,,0.0,1.0,1.0,0.0,0.0,,0.0,,,,1,0,,,0.0,,,,,,,0.0
4,mutagenicity,classification,NB04_mutagenicity,chlorobenzene,Clc1ccccc1,,1,134.10736969541455,5.112884175122364,3.393846850117352,,,0.0,0.0,0.0,0.0,0.0,0,0,7,4.663609831029186,1.9871232675119368,47.73466934637863,2.34,,0.0405484408941986,-0.0843444765249014,31.452,112.55899999999995,,,0.0,1.0,1.0,0.0,0.0,,0.0,,,,1,0,,,0.0,,,,,,,0.0
4,mutagenicity,classification,NB04_mutagenicity,bromobenzene,Brc1ccccc1,,1,134.10736969541455,5.112884175122364,3.393846850117352,,,0.0,0.0,0.0,0.0,0.0,0,0,7,4.849253731343284,2.123680215888008,51.298950725138326,2.4491000000000005,,0.0174752825114365,-0.0621899905650267,34.142,157.01,,,0.0,1.0,1.0,0.0,0.0,,0.0,,,,1,0,,,0.0,,,,,,,0.0
4,mutagenicity,classification,NB04_mutagenicity,benzene,c1ccccc1,,1,71.96100505779535,4.242640687119286,3.0,,,0.0,0.0,0.0,0.0,0.0,0,0,6,3.4115708812260532,1.6057694396735218,37.43140311949697,1.6866,,-0.0622685707820924,-0.0622685707820924,26.441999999999993,78.11399999999999,,,0.0,0.0,0.0,0.0,0.0,,0.0,,,,1,0,,,0.0,,,,,,,0.0
4,mutagenicity,classification,NB04_mutagenicity,toluene,Cc1ccccc1,,1,129.96566024533826,5.112884175122364,3.393846850117352,,,0.1428571428571428,0.0,0.0,0.0,0.0,0,0,7,4.380771704180065,1.7832860398554335,43.79634523389357,1.99502,,-0.0397745263236275,-0.0622490857819948,31.17899999999999,92.141,,,0.0,0.0,0.0,0.0,0.0,,0.0,,,,1,0,,,0.0,,,,,,,0.0
4,mutagenicity,classification,NB04_mutagenicity,naphthalene,c1ccc2ccccc2c1,,2,271.01518240905483,6.811554787871634,4.9663264951887856,,,0.0,0.0,0.0,0.0,0.0,0,0,10,5.482229779997874,2.143052886105772,60.11306765123217,2.839800000000001,,-0.0184042506724422,-0.061629711446875,43.94800000000003,128.17399999999995,,,0.0,0.0,0.0,0.0,0.0,,0.0,,,,2,0,,,0.0,,,,,,,0.0
4,mutagenicity,classification,NB04_mutagenicity,phenol,Oc1ccccc1,,1,134.10736969541455,5.112884175122364,3.393846850117352,,,0.0,0.0,0.0,0.0,0.0,1,1,7,4.18611295681063,1.6461962159398054,42.22563687169298,1.3922,,0.1150748194752798,-0.5079669948663066,28.106799999999993,94.113,,,0.0,0.0,1.0,0.0,1.0,,0.0,,,,1,0,,,20.23,,,,,,,0.0
4,mutagenicity,classification,NB04_mutagenicity,benzaldehyde,O=Cc1ccccc1,,1,167.00151696675914,5.819990956308912,3.931851652578137,,,0.0,0.0,0.0,0.0,0.0,1,0,8,5.035137880986937,2.262450086021194,47.95786733393734,1.4991,,0.149548028830363,-0.2978964116504968,31.829499999999992,106.12399999999997,,,0.0,0.0,1.0,0.0,1.0,,0.0,,,,1,1,,,17.07,,,,,,,0.0
4,mutagenicity,classification,NB04_mutagenicity,benzoic acid,OC(=O)c1ccccc1,,1,203.415952604261,6.69023444431199,4.304530452640311,,,0.0,0.0,0.0,0.0,0.0,1,1,9,5.820039011703511,2.306763635550358,52.75210108613335,1.3848,,0.3351782346710392,-0.4776392505801173,33.4013,122.12299999999996,,,0.0,0.0,2.0,0.0,2.0,,0.0,,,,1,1,,,37.3,,,,,,,0.0
4,mutagenicity,classification,NB04_mutagenicity,acetophenone,CC(=O)c1ccccc1,,1,201.06743705866424,6.69023444431199,4.304530452640311,,,0.125,0.0,0.0,0.0,0.0,1,0,9,6.016742712294044,2.4437525520871133,54.32280944833394,1.8892,,0.1592984965742936,-0.2945122071568907,36.44650000000001,120.15099999999995,,,0.0,0.0,1.0,0.0,1.0,,0.0,,,,1,1,,,17.07,,,,,,,0.0
4,mutagenicity,classification,NB04_mutagenicity,anisole,COc1ccccc1,,1,145.73281445033504,5.819990956308912,3.931851652578137,,,0.1428571428571428,0.0,0.0,0.0,0.0,1,0,8,5.162450142450142,2.3586048594225155,48.90989046340045,1.6952,,0.1183577151370223,-0.4967685686134767,32.99399999999999,108.13999999999996,,,0.0,0.0,1.0,0.0,1.0,,0.0,,,,1,1,,,9.23,,,,,,,0.0
4,mutagenicity,classification,NB04_mutagenicity,styrene,C=Cc1ccccc1,,1,162.65300142116237,5.819990956308912,3.931851652578137,,,0.0,0.0,0.0,0.0,0.0,0,0,8,5.10367816091954,2.3141072195146584,49.47168431610592,2.3296,,-0.0262557893778424,-0.0984700500401651,36.53300000000001,104.15199999999996,,,0.0,0.0,0.0,0.0,0.0,,0.0,,,,1,1,,,0.0,,,,,,,0.0
4,mutagenicity,classification,NB04_mutagenicity,biphenyl,c1ccc(-c2ccccc2)cc1,,2,297.4313204906765,8.225768350244728,5.9663264951887856,,,0.0,0.0,0.0,0.0,0.0,0,0,12,7.108736857548047,3.2249464015776437,72.48849732556099,3.353600000000001,,-0.0184042560761494,-0.0622253948936662,51.87800000000003,154.21199999999996,,,0.0,0.0,0.0,0.0,0.0,,0.0,,,,2,1,,,0.0,,,,,,,0.0
4,mutagenicity,classification,NB04_mutagenicity,aspirin,CC(=O)Oc1ccccc1C(=O)O,,1,343.2228677267164,9.844934982691242,6.109060905280622,,,0.1111111111111111,0.0,0.0,0.0,0.0,3,1,13,9.249605734767025,3.7092512583454584,74.75705264447721,1.3101,,0.3390037868773102,-0.4775395271554559,44.71030000000002,180.15899999999996,,,0.0,0.0,4.0,0.0,4.0,,0.0,,,,1,2,,,63.60000000000001,,,,,,,0.0
4,mutagenicity,classification,NB04_mutagenicity,acetaminophen,CC(=O)Nc1ccc(O)cc1,,1,253.29949758389105,8.267584713501616,5.1815405503520555,,,0.125,0.0,0.0,0.0,0.0,2,2,11,7.595374077976819,3.0531381005525,64.66690538413799,1.3505999999999998,,0.2207474363124258,-0.5079643157925783,42.41050000000002,151.165,,,0.0,0.0,3.0,1.0,2.0,,0.0,,,,1,1,,,49.33,,,,,,,0.0
4,mutagenicity,classification,NB04_mutagenicity,ibuprofen,CC(C)Cc1ccc(C(C)C(=O)O)cc1,,1,324.8941190021566,11.422285251880869,7.002907755397974,,,0.4615384615384615,0.0,0.0,0.0,0.0,1,1,15,11.763046018991965,4.964460295417243,90.94175377251302,3.073200000000001,,0.3101853515323108,-0.4807885019257389,61.03480000000004,206.28499999999997,,,0.0,0.0,2.0,0.0,2.0,,0.0,,,,1,4,,,37.3,,,,,,,0.0
4,mutagenicity,classification,NB04_mutagenicity,caffeine,Cn1cnc2c1c(=O)n(C)c(=O)n2C,,2,616.5285919942219,10.455665446700475,6.5365812602091875,,,0.375,0.0,1.0,0.0,0.0,3,0,14,8.73523326923911,2.5679479011227926,79.02895701814933,-1.0293,,0.3317034326359889,-0.3278634660994821,51.19600000000001,194.194,,,0.0,0.0,6.0,4.0,2.0,,0.0,,,,2,0,,,61.82,,,,,,,0.0
4,mutagenicity,classification,NB04_mutagenicity,warfarin,OC(=O)CC(c1ccccc1)c1ccc(O)cc1,,2,517.1947945489237,12.957819157813608,8.664703797946448,,,0.1333333333333333,0.0,0.0,0.0,0.0,2,2,18,12.174429825362497,5.361092663978125,105.33331327318662,2.998800000000001,,0.3038053765539034,-0.5079666391622811,68.64460000000003,242.274,,,0.0,0.0,3.0,0.0,3.0,,0.0,,,,2,4,,,57.53,,,,,,,0.0
4,mutagenicity,classification,NB04_mutagenicity,saccharin,O=C1NS(=O)(=O)c2ccccc21,,1,449.4742221869951,8.767584713501616,5.610990332435968,,,0.0,0.0,0.0,0.0,0.0,3,1,12,7.297762662226473,2.071155482694469,69.26267425643123,0.1186999999999999,,0.2658977654618521,-0.2681635002335224,41.094000000000015,183.188,,,1.0,0.0,5.0,1.0,3.0,,1.0,,,,2,0,,,63.24,,,,,,,0.0
4,mutagenicity,classification,NB04_mutagenicity,salicylic acid,OC(=O)c1ccccc1O,,1,254.78306142431708,7.560477932315068,4.71521405516327,,,0.0,0.0,0.0,0.0,0.0,2,2,10,6.607785630153122,2.389632707443791,57.54633483832936,1.0903999999999998,,0.3389690873607309,-0.507052890945198,35.066100000000006,138.122,,,0.0,0.0,3.0,0.0,3.0,,0.0,,,,1,1,,,57.53,,,,,,,0.0
4,mutagenicity,classification,NB04_mutagenicity,vanillin,COc1ccc(C=O)cc1O,,1,268.03972257956417,8.267584713501616,5.274386907679232,,,0.125,0.0,0.0,0.0,0.0,3,1,11,7.595374077976819,3.0531381005525,64.23058843003683,1.2132999999999998,,0.1600221689522332,-0.5042389139064142,40.046300000000016,152.14899999999997,,,0.0,0.0,3.0,0.0,3.0,,0.0,,,,1,2,,,46.53,,,,,,,0.0
4,mutagenicity,classification,NB04_mutagenicity,coumarin,O=C1OC2=CC=CC=C2C=C1,,2,428.5108208761056,7.681798275874712,5.360173345306137,,,0.0,0.0,0.0,0.0,0.0,2,0,11,6.160248407637458,2.234974333040861,63.07940657528497,1.793,,0.3356903161643382,-0.4227294736611369,42.484000000000016,146.14499999999998,,,0.0,0.0,2.0,0.0,2.0,,0.0,,,,2,0,,,30.21,,,,,,,0.0
4,mutagenicity,classification,NB04_mutagenicity,caprolactam,O=C1CCCCCN1,,0,80.52932501298082,5.819990956308912,3.893846850117352,,,0.8333333333333334,0.0,0.0,0.0,0.0,1,1,8,5.603868808567603,2.6984359410043637,49.26951472993517,0.6766000000000001,,0.2194940503290275,-0.3561070295708626,31.477699999999988,113.16,,,1.0,0.0,2.0,1.0,1.0,,0.0,,,,1,0,,,29.1,,,,,,,0.0
4,mutagenicity,classification,NB04_mutagenicity,dimethyl sulfoxide,CS(C)=O,,0,29.019550008653873,3.5773502691896257,1.7320508075688772,,,1.0,0.0,0.0,0.0,0.0,1,0,4,4.150000000000002,1.4674603174603182,28.47844734580207,-0.0052999999999999,,0.0148042140882218,-0.2601579626577377,19.9904,78.136,,,0.0,0.0,2.0,0.0,1.0,,1.0,,,,0,0,,,17.07,,,,,,,0.0
4,mutagenicity,classification,NB04_mutagenicity,N-methylpyrrolidone,CN1CCCC1=O,,0,90.08094399727418,5.276020881938894,3.304530452640311,,,0.8,0.0,0.0,0.0,0.0,1,0,7,4.624559505409582,1.5234757718400516,43.11454410213389,0.2385999999999999,,0.2218735635044728,-0.3457489149497736,26.870999999999988,99.133,,,1.0,0.0,2.0,1.0,1.0,,0.0,,,,1,0,,,20.31,,,,,,,0.0
4,mutagenicity,classification,NB04_mutagenicity,cyclohexane,C1CCCCC1,,0,15.509775004326936,4.242640687119286,3.0,,,1.0,0.0,0.0,0.0,0.0,0,0,6,4.166666666666667,2.2222222222222223,39.55813044628337,2.3406,,-0.0533059727891157,-0.0533059727891157,27.701999999999984,84.162,,,1.0,0.0,0.0,0.0,0.0,,0.0,,,,1,0,,,0.0,,,,,,,0.0
4,mutagenicity,classification,NB04_mutagenicity,cyclohexanol,OC1CCCCC1,,0,46.14170945007629,5.112884175122364,3.393846850117352,,,1.0,0.0,0.0,0.0,0.0,1,1,7,5.10367816091954,2.3141072195146584,44.35236419847938,1.3114,,0.0539847748448125,-0.3931313824678402,29.091799999999985,100.161,,,1.0,0.0,1.0,0.0,1.0,,0.0,,,,1,0,,,20.23,,,,,,,0.0
4,mutagenicity,classification,NB04_mutagenicity,cyclohexanone,O=C1CCCCC1,,0,68.24920506009684,5.112884175122364,3.393846850117352,,,0.8333333333333334,0.0,0.0,0.0,0.0,1,0,7,4.8199250374812594,2.101967961325131,43.719652546327126,1.5196,,0.132411327598581,-0.2997179089731855,28.091999999999985,98.145,,,1.0,0.0,1.0,0.0,1.0,,0.0,,,,1,0,,,17.07,,,,,,,0.0
4,mutagenicity,classification,NB04_mutagenicity,diethyl ether,CCOCC,,0,11.119415478763749,4.121320343559642,2.414213562373095,,,1.0,0.0,0.0,0.0,0.0,1,0,5,4.960000000000001,3.96,32.94762260052625,1.0428000000000002,,0.0437084125246928,-0.3820258357826421,22.16699999999999,74.123,,,0.0,0.0,1.0,0.0,1.0,,0.0,,,,0,2,,,9.23,,,,,,,0.0
4,mutagenicity,classification,NB04_mutagenicity,tetrahydrofuran,C1CCOC1,,0,15.21928094887362,3.5355339059327378,2.5,,,1.0,0.0,0.0,0.0,0.0,1,0,5,3.1616129032258065,1.4103121748178982,31.941791446997023,0.7968,,0.0466381698498417,-0.3814493819627182,20.052999999999997,72.107,,,1.0,0.0,1.0,0.0,1.0,,0.0,,,,1,0,,,9.23,,,,,,,0.0
4,mutagenicity,classification,NB04_mutagenicity,"1,4-dioxane",C1COCCO1,,0,21.019550008653873,4.242640687119286,3.0,,,1.0,0.0,0.0,0.0,0.0,2,0,6,4.088918918918919,2.157216946676406,37.055336676503906,0.0332,,0.0701143954655702,-0.3766676360734525,21.637999999999995,88.106,,,1.0,0.0,2.0,0.0,2.0,,0.0,,,,1,0,,,18.46,,,,,,,0.0
4,mutagenicity,classification,NB04_mutagenicity,dimethylformamide,CN(C)C=O,,0,33.87430298092722,4.284457050376173,2.270055610029662,,,0.6666666666666666,0.0,0.0,0.0,0.0,1,0,5,4.469999999999999,1.7581844380403455,31.390491026869903,-0.2956000000000001,,0.2086847180796838,-0.3513867950108224,19.751,73.095,,,0.0,0.0,2.0,1.0,1.0,,0.0,,,,0,1,,,20.31,,,,,,,0.0
4,mutagenicity,classification,NB04_mutagenicity,pyridine,c1ccncc1,,1,75.86113958768547,4.242640687119286,3.0,,,0.0,0.0,1.0,0.0,0.0,1,0,6,3.3441747572815532,1.5525827127910268,36.651051100443475,1.0816,,0.0267287682952611,-0.264736970888988,24.236999999999995,79.10199999999998,,,0.0,0.0,1.0,1.0,0.0,,0.0,,,,1,0,,,12.89,,,,,,,0.0
4,mutagenicity,classification,NB04_mutagenicity,quinoline,c1ccnc2ccccc12,,2,275.7051383449476,6.811554787871634,4.9663264951887856,,,0.0,0.0,1.0,0.0,0.0,1,0,10,5.41760450263056,2.102543034625171,59.33271563217868,2.2348,,0.070143484473273,-0.256266728477736,41.74300000000002,129.16199999999995,,,0.0,0.0,1.0,1.0,0.0,,0.0,,,,2,0,,,12.89,,,,,,,0.0
4,mutagenicity,classification,NB04_mutagenicity,indole,c1ccc2[nH]ccc2c1,,2,278.54542122074673,6.104448006685086,4.4663264951887856,,,0.0,0.0,1.0,0.0,0.0,0,1,9,4.621116323679656,1.6217242815493544,53.322228072246475,2.1678999999999995,,0.0453393472977115,-0.3611762912891017,38.29870000000001,117.15099999999995,,,0.0,0.0,1.0,1.0,0.0,,0.0,,,,2,0,,,15.79,,,,,,,0.0
4,mutagenicity,classification,NB04_mutagenicity,imidazole,c1cnc[nH]1,,1,61.369930610534254,3.5355339059327378,2.5,,,0.0,0.0,1.0,0.0,0.0,1,1,5,2.4475296912114013,0.8845561128632765,29.860211521457774,0.4096999999999999,,0.0919096042606612,-0.3511767856458538,18.5877,68.079,,,0.0,0.0,2.0,2.0,0.0,,0.0,,,,1,0,,,28.68,,,,,,,0.0
4,mutagenicity,classification,NB04_mutagenicity,morpholine,C1COCCN1,,0,23.019550008653873,4.242640687119286,3.0,,,1.0,0.0,0.0,0.0,0.0,2,1,6,4.088918918918919,2.157216946676406,37.49165363060507,-0.3938000000000001,,0.0591080722455809,-0.3788125135797184,23.688699999999994,87.122,,,1.0,0.0,2.0,1.0,1.0,,0.0,,,,1,0,,,21.26,,,,,,,0.0
4,mutagenicity,classification,NB04_mutagenicity,piperidine,C1CCNCC1,,0,19.40990953421706,4.242640687119286,3.0,,,1.0,0.0,0.0,0.0,0.0,1,1,6,4.127785234899329,2.189674338993739,38.743050515494794,0.7599,,-0.0048911400116898,-0.3167325809905548,26.72069999999999,85.15,,,1.0,0.0,1.0,1.0,0.0,,0.0,,,,1,0,,,12.03,,,,,,,0.0
4,mutagenicity,classification,NB04_mutagenicity,thiophene,c1ccsc1,,1,60.12481811269772,3.5355339059327378,2.5,,,0.0,0.0,0.0,0.0,0.0,1,0,5,2.9127659574468083,1.2210502489814397,35.07176638990846,1.7480999999999998,,-0.009338438056026,-0.152454341484825,24.318999999999996,84.14299999999999,,,0.0,0.0,1.0,0.0,0.0,,1.0,,,,1,0,,,0.0,,,,,,,0.0
4,mutagenicity,classification,NB04_mutagenicity,atrazine,CCNc1nc(Cl)nc(NC(C)C)n1,,1,301.78315486014867,10.55204176387779,6.613392202930193,,,0.625,0.0,1.0,0.0,0.0,5,2,14,10.977519379844964,4.95024333881867,88.3180482284173,1.7770999999999997,,0.2284970869222608,-0.3543182635074518,57.75940000000002,215.688,,,0.0,1.0,6.0,5.0,0.0,,0.0,,,,1,4,,,62.73,,,,,,,0.0
4,mutagenicity,classification,NB04_mutagenicity,"2,4-D",OC(=O)COc1ccc(Cl)cc1Cl,,1,325.16521978178946,9.844934982691242,6.092224152875015,,,0.125,0.0,0.0,0.0,0.0,2,1,13,10.15285004142502,4.34685154672948,84.83712088380017,2.4568000000000003,,0.3412236092634533,-0.4803484445932945,49.59280000000002,221.039,,,0.0,2.0,5.0,0.0,3.0,,0.0,,,,1,3,,,46.53,,,,,,,0.0
4,mutagenicity,classification,NB04_mutagenicity,malathion,CCOC(=O)CC(SP(=S)(OC)OC)C(=O)OCC,,0,340.9115786798855,14.88890505706126,8.918362620557913,,,0.8,0.0,0.0,0.0,0.0,8,0,19,18.859999999999996,9.715029932282086,121.9659076690836,2.1218000000000004,,0.3196938226497557,-0.4659275615510423,77.56500000000004,330.3640000000001,,,0.0,0.0,9.0,0.0,6.0,,2.0,,,,0,9,,,71.06,,,,,,,0.0
4,mutagenicity,classification,NB04_mutagenicity,D-limonene,CC1=CCC(=CC1)C(C)=C,,0,204.07820003461555,7.560477932315068,4.698377302757663,,,0.4,0.0,0.0,0.0,0.0,0,0,10,7.328459869848157,2.8694839561664094,62.94908980731702,3.229000000000002,,-0.0095398400683944,-0.0958382287814418,45.88800000000003,134.22199999999998,,,1.0,0.0,0.0,0.0,0.0,,0.0,,,,1,1,,,0.0,,,,,,,0.0
4,mutagenicity,classification,NB04_mutagenicity,menthol,CC(C)C1CCC(C)CC1O,,0,120.0411847243922,8.430721420318147,5.109060905280621,,,1.0,0.0,0.0,0.0,0.0,1,1,11,9.05124087591241,3.5728285052475055,69.8121326560658,2.439500000000001,,0.0572930255771365,-0.3928209088894812,47.34980000000002,156.269,,,1.0,0.0,1.0,0.0,1.0,,0.0,,,,1,1,,,20.23,,,,,,,0.0
4,mutagenicity,classification,NB04_mutagenicity,camphor,CC1(C)C2CCC1(C)C(=O)C2,,0,216.91266689075215,8.276020881938894,4.982998800364114,,,0.9,0.0,0.0,0.0,0.0,1,0,11,7.326147454014241,1.701311022684903,68.17358985038433,2.401700000000001,,0.1390987462704969,-0.2990642887496957,44.23600000000002,152.237,,,2.0,0.0,1.0,0.0,1.0,,0.0,,,,2,0,,,17.07,,,,,,,0.0
4,mutagenicity,classification,NB04_mutagenicity,linalool,CC(C)=CCCC(C)(O)C=C,,0,150.25571236699292,8.905777393935816,4.97716239121621,,,0.6,0.0,0.0,0.0,0.0,1,1,11,10.44,4.345263593221741,69.43875774522651,2.6698000000000013,,0.0799543275016631,-0.386091502560853,49.485800000000026,154.253,,,0.0,0.0,1.0,0.0,1.0,,0.0,,,,0,4,,,20.23,,,,,,,0.0
4,mutagenicity,classification,NB04_mutagenicity,alpha-pinene,CC1=CCC2CC1C2(C)C,,0,186.21499122004107,7.35337115112852,4.621027033568037,,,0.8,0.0,0.0,0.0,0.0,0,0,10,6.450201165867344,1.6637425470500236,63.322464718156304,2.9987000000000013,,-0.0148922197047303,-0.0850129067501687,43.75200000000002,136.238,,,3.0,0.0,0.0,0.0,0.0,,0.0,,,,3,0,,,0.0,,,,,,,0.0
4,mutagenicity,classification,NB04_mutagenicity,carvone,CC(=C)C1CC=C(C)C(=O)C1,,0,223.0272763448729,8.430721420318147,5.1090609052806215,,,0.5,0.0,0.0,0.0,0.0,1,0,11,8.248522167487685,3.0354524341669897,67.80021493954504,2.4879000000000007,,0.1583692354294927,-0.2945568590881993,46.30200000000003,150.22099999999998,,,1.0,0.0,1.0,0.0,1.0,,0.0,,,,1,1,,,17.07,,,,,,,0.0
4,mutagenicity,classification,NB04_mutagenicity,phenylalanine,NC(Cc1ccccc1)C(=O)O,,1,258.4908622767174,8.974691494688164,5.698377302757663,,,0.2222222222222222,0.0,0.0,0.0,0.0,2,2,12,8.743896713615024,3.875200928497633,70.82187601193928,0.641,,0.3203155016395601,-0.4800777002034423,45.75720000000002,165.19199999999995,,,0.0,0.0,3.0,1.0,2.0,,0.0,,,,1,3,,,63.32000000000001,,,,,,,0.0
4,mutagenicity,classification,NB04_mutagenicity,tryptophan,NC(Cc1c[nH]c2ccccc12)C(=O)O,,2,490.0485079143074,10.836498814253964,7.1815405503520555,,,0.1818181818181818,0.0,1.0,0.0,0.0,2,3,15,9.733912004652456,3.744477633359755,86.71270096468879,1.1223000000000003,,0.3203169210591691,-0.4800776923593587,57.61390000000001,204.229,,,0.0,0.0,4.0,2.0,2.0,,0.0,,,,2,3,,,79.11,,,,,,,0.0
4,mutagenicity,classification,NB04_mutagenicity,tyrosine,NC(Cc1ccc(O)cc1)C(=O)O,,1,294.23305328030176,9.844934982691242,6.092224152875014,,,0.2222222222222222,0.0,0.0,0.0,0.0,3,3,13,9.537336244541484,3.909515505702705,75.6161097641353,0.3466,,0.3203155017884959,-0.5079666451758841,47.42200000000002,181.19099999999997,,,0.0,0.0,4.0,1.0,3.0,,0.0,,,,1,3,,,83.55,,,,,,,0.0
5,bbb_permeability,classification,NB05_bbb_permeability,Propanolol,[Cl].CC(C)NCC(O)COc1cccc2ccccc12,,2,,,,,0.068359,0.375,,,,,3,2,20,,,,3.267,,,,84.4415,294.802,,,,,4.0,,,,,,,,2,6,,,41.49,,,1.0,,,,
5,bbb_permeability,classification,NB05_bbb_permeability,Terbutylchlorambucil,C(=O)(OC(C)(C)C)CCCc1ccc(cc1)N(CCCl)CCCl,,1,,,,,0.072266,0.6111,,,,,3,0,23,,,,4.635,,,,98.878,360.325,,,,,5.0,,,,,,,,1,9,,,29.54,,,1.0,,,,
5,bbb_permeability,classification,NB05_bbb_permeability,40730,c12c3c(N4CCN(C)CC4)c(F)cc1c(c(C(O)=O)cn2C(C)CO3)=O,,2,,,,,0.095703,0.4444,,,,,6,1,26,,,,1.544,,,,95.0413,361.373,,,,,8.0,,,,,,,,4,2,,,75.01,,,1.0,,,,
5,bbb_permeability,classification,NB05_bbb_permeability,24,C1CCN(CC1)Cc1cccc(c1)OCCCNC(=O)C,,1,,,,,0.083984,0.5882,,,,,3,1,21,,,,2.5775,,,,84.3657,290.407,,,,,4.0,,,,,,,,2,7,,,41.57,,,1.0,,,,
5,bbb_permeability,classification,NB05_bbb_permeability,cloxacillin,Cc1onc(c2ccccc2Cl)c1C(=O)N[C@H]3[C@H]4SC(C)(C)[C@@H](N4C3=O)C(O)=O,,2,,,,,0.109375,0.3684,,,,,6,2,29,,,,2.5487,,,,106.668,435.889,,,,,10.0,,,,,,,,4,4,,,112.74,,,1.0,,,,
5,bbb_permeability,classification,NB05_bbb_permeability,cefoperazone,CCN1CCN(C(=O)N[C@@H](C(=O)N[C@H]2[C@H]3SCC(=C(N3C2=O)C(O)=O)CSc4nnnn4C)c5ccc(O)cc5)C(=O)C1=O,,2,,,,,0.144531,0.4,,,,,13,4,44,,,,-1.112,,,,152.553,645.68,,,,,19.0,,,,,,,,5,9,,,220.26,,,1.0,,,,
5,bbb_permeability,classification,NB05_bbb_permeability,rolitetracycline,CN(C)[C@H]1[C@@H]2C[C@H]3C(=C(O)c4c(O)cccc4[C@@]3(C)O)C(=O)[C@]2(O)C(=O)\C(=C(/O)NCN5CCCC5)C1=O,,1,,,,,0.123047,0.5185,,,,,11,6,38,,,,0.3132,,,,134.7337,527.574,,,,,11.0,,,,,,,,5,4,,,170.87,,,1.0,,,,
5,bbb_permeability,classification,NB05_bbb_permeability,ondansetron,Cn1c2CCC(Cn3ccnc3C)C(=O)c2c4ccccc14,,3,,,,,0.089844,0.3333,,,,,4,0,22,,,,3.1285,,,,86.0245,293.37,,,,,4.0,,,,,,,,4,2,,,39.82,,,1.0,,,,
5,bbb_permeability,classification,NB05_bbb_permeability,diltiazem,COc1ccc(cc1)[C@@H]2Sc3ccccc3N(CCN(C)C)C(=O)[C@@H]2OC(C)=O,,2,,,,,0.101562,0.3636,,,,,6,0,29,,,,3.3685,,,,114.495,414.527,,,,,7.0,,,,,,,,3,6,,,59.08,,,1.0,,,,
5,bbb_permeability,classification,NB05_bbb_permeability,Amiloride,NC(N)=NC(=O)c1nc(Cl)c(N)nc1N,,1,,,,,0.050781,0.0,,,,,5,4,15,,,,-1.292,,,,56.0071,229.631,,,,,9.0,,,,,,,,1,1,,,159.29,,,1.0,,,,
5,bbb_permeability,classification,NB05_bbb_permeability,M2L-663581,OCC(C)(O)c1onc(c2ncn3c2CN(C)C(c4c3cccc4Cl)=O)n1,,3,,,,,0.111328,0.2941,,,,,8,2,27,,,,1.3611,,,,94.3201,389.799,,,,,10.0,,,,,,,,4,3,,,117.51,,,0.0,,,,
5,bbb_permeability,classification,NB05_bbb_permeability,alovudine,CC1=CN([C@H]2C[C@H](F)[C@@H](CO)O2)C(=O)NC1=O,,1,,,,,0.078125,0.6,,,,,5,2,17,,,,-0.5371,,,,56.5685,244.222,,,,,7.0,,,,,,,,2,2,,,84.32,,,1.0,,,,
5,bbb_permeability,classification,NB05_bbb_permeability,18,C(Cl)Cl,,0,,,,,0.007812,1.0,,,,,0,0,3,,,,1.4215,,,,16.573,84.933,,,,,2.0,,,,,,,,0,0,,,0.0,,,1.0,,,,
5,bbb_permeability,classification,NB05_bbb_permeability,24959,C1N(C(CC2CCCCC12)C(NC(C)(C)C)=O)CC(C(Cc1ccccc1)NC(C(NC(c1nc2c(cccc2)cc1)=O)CC(N)=O)=O)O,,3,,,,,0.140625,0.5,,,,,7,5,49,,,,3.0924,,,,188.2138,670.855,,,,,11.0,,,,,,,,5,12,,,166.75,,,1.0,,,,
5,bbb_permeability,classification,NB05_bbb_permeability,methadone,CCC(=O)C(CC(C)N(C)C)(c1ccccc1)c2ccccc2,,2,,,,,0.060547,0.381,,,,,2,0,23,,,,4.292,,,,96.728,309.453,,,,,2.0,,,,,,,,2,7,,,20.31,,,1.0,,,,
5,bbb_permeability,classification,NB05_bbb_permeability,alfentanil,CCN1N=NN(CCN2CCC(CC2)(COC)N(C(=O)CC)c3ccccc3)C1=O,,2,,,,,0.097656,0.619,,,,,8,0,30,,,,1.3839,,,,114.456,416.526,,,,,9.0,,,,,,,,3,9,,,85.49,,,1.0,,,,
5,bbb_permeability,classification,NB05_bbb_permeability,BRL53080,CN(C)C(=O)C(CCN1CCC(O)(CC1)c1ccc(Cl)cc1)(c1ccccc1)c1ccccc1,,3,,,,,0.087891,0.3448,,,,,3,1,34,,,,5.088,,,,137.9978,477.048,,,,,5.0,,,,,,,,4,7,,,43.78,,,1.0,,,,
5,bbb_permeability,classification,NB05_bbb_permeability,hyoscyamine,CN1C2CCC1CC(C2)OC(=O)[C@H](CO)c3ccccc3,,1,,,,,0.072266,0.5882,,,,,4,1,21,,,,1.9309,,,,79.9558,289.375,,,,,4.0,,,,,,,,3,4,,,49.77,,,1.0,,,,
5,bbb_permeability,classification,NB05_bbb_permeability,glyburide,COc1ccc(Cl)cc1C(=O)NCCc2ccc(cc2)[S](=O)(=O)NC(=O)NC3CCCCC3,,2,,,,,0.113281,0.3913,,,,,5,3,33,,,,3.6417,,,,126.2094,494.013,,,,,10.0,,,,,,,,3,8,,,113.6,,,1.0,,,,
5,bbb_permeability,classification,NB05_bbb_permeability,lamotrigine,Nc1nnc(c(N)n1)c2cccc(Cl)c2Cl,,2,,,,,0.052734,0.0,,,,,5,2,16,,,,2.0098,,,,64.1078,256.096,,,,,7.0,,,,,,,,2,1,,,90.71,,,1.0,,,,
5,bbb_permeability,classification,NB05_bbb_permeability,2-Methylpentane,CCCC(C)C,,0,,,,,0.021484,1.0,,,,,0,0,6,,,,2.4425,,,,29.746,86.178,,,,,0.0,,,,,,,,0,2,,,0.0,,,1.0,,,,
5,bbb_permeability,classification,NB05_bbb_permeability,Dexamfetamine,C[C@H](N)Cc1ccccc1,,1,,,,,0.037109,0.3333,,,,,1,1,10,,,,1.5763,,,,43.7954,135.21,,,,,1.0,,,,,,,,1,2,,,26.02,,,1.0,,,,
5,bbb_permeability,classification,NB05_bbb_permeability,SKF-93619,c1cc2c(cc(CC3=CNC(=NC3=O)NCCSCc3oc(cc3)CN(C)C)cc2)cc1,,4,,,,,0.111328,0.28,,,,,6,2,32,,,,4.5138,,,,132.3624,448.592,,,,,7.0,,,,,,,,4,10,,,74.16,,,0.0,,,,
5,bbb_permeability,classification,NB05_bbb_permeability,nadolol,CC(C)(C)NCC(O)COc1cccc2C[C@@H](O)[C@@H](O)Cc12,,1,,,,,0.078125,0.6471,,,,,5,4,22,,,,0.6348,,,,85.1211,309.406,,,,,5.0,,,,,,,,2,5,,,81.95,,,1.0,,,,
5,bbb_permeability,classification,NB05_bbb_permeability,sufentanil,CCC(=O)N(c1ccccc1)C2(CCN(CCc3sccc3)CC2)COC,,2,,,,,0.097656,0.5,,,,,4,0,27,,,,4.2148,,,,112.523,386.561,,,,,5.0,,,,,,,,3,8,,,32.78,,,1.0,,,,
5,bbb_permeability,classification,NB05_bbb_permeability,12,CCNC(=NC#N)NCCSCc1c(cccn1)Br,,1,,,,,0.087891,0.4167,,,,,4,2,19,,,,2.1135,,,,82.8264,342.266,,,,,7.0,,,,,,,,1,6,,,73.1,,,0.0,,,,
5,bbb_permeability,classification,NB05_bbb_permeability,zolpidem,CN(C)C(=O)Cc1n2cc(C)ccc2nc1c3ccc(C)cc3,,3,,,,,0.068359,0.2632,,,,,3,0,23,,,,3.2488,,,,92.5,307.397,,,,,4.0,,,,,,,,3,3,,,37.61,,,1.0,,,,
5,bbb_permeability,classification,NB05_bbb_permeability,clozapine,CN1CCN(CC1)C2=C3C=CC=CC3=Nc4ccc(Cl)cc4N2,,2,,,,,0.082031,0.2778,,,,,4,1,23,,,,2.0299,,,,94.4357,326.831,,,,,5.0,,,,,,,,4,1,,,30.87,,,1.0,,,,
5,bbb_permeability,classification,NB05_bbb_permeability,Org12692,FC(F)(F)c1c(Cl)nc(N2CCNCC2)cc1,,1,,,,,0.0625,0.5,,,,,3,1,17,,,,2.1634,,,,59.3317,265.666,,,,,7.0,,,,,,,,2,1,,,28.16,,,1.0,,,,
5,bbb_permeability,classification,NB05_bbb_permeability,piperacillin,O.CCN1CCN(C(=O)N[C@@H](C(=O)N[C@H]2[C@H]3SC(C)(C)[C@@H](N3C2=O)C(O)=O)c4ccccc4)C(=O)C1=O,,1,,,,,0.113281,0.4783,,,,,7,3,37,,,,-1.065,,,,130.954,535.579,,,,,14.0,,,,,,,,4,6,,,187.93,,,1.0,,,,
5,bbb_permeability,classification,NB05_bbb_permeability,Pentobarbital,CCCC(C)C1(CC)C(=O)NC(=O)NC1=O,,0,,,,,0.046875,0.7273,,,,,3,2,16,,,,1.185,,,,58.4774,226.276,,,,,5.0,,,,,,,,1,4,,,75.27,,,1.0,,,,
5,bbb_permeability,classification,NB05_bbb_permeability,Levofloxacin,C[C@H]1COc2c(N3CCN(C)CC3)c(F)cc4C(=O)C(=CN1c24)C(O)=O,,2,,,,,0.095703,0.4444,,,,,6,1,26,,,,1.544,,,,95.0413,361.373,,,,,8.0,,,,,,,,4,2,,,75.01,,,1.0,,,,
5,bbb_permeability,classification,NB05_bbb_permeability,compound 40,c1ccc(C(NCCCOc2cc(CN3CCCCC3)ccc2)=O)cc1,,2,,,,,0.089844,0.4091,,,,,3,1,26,,,,3.8714,,,,104.4572,352.478,,,,,4.0,,,,,,,,3,8,,,41.57,,,1.0,,,,
5,bbb_permeability,classification,NB05_bbb_permeability,RO19-4603,CC(C)(C)OC(=O)C1=C2CN(C(=O)C3=C(N2C=N1)C=CS3)C,,2,,,,,0.089844,0.4,,,,,6,0,22,,,,2.4747,,,,82.407,319.386,,,,,7.0,,,,,,,,3,1,,,64.43,,,1.0,,,,
5,bbb_permeability,classification,NB05_bbb_permeability,fentanyl,CCC(=O)N(C1CCN(CC1)CCc2ccccc2)c3ccccc3,,2,,,,,0.072266,0.4091,,,,,2,0,25,,,,4.1367,,,,103.827,336.479,,,,,3.0,,,,,,,,3,6,,,23.55,,,1.0,,,,
5,bbb_permeability,classification,NB05_bbb_permeability,etomidate,CCOC(=O)c1cncn1C(C)c2ccccc2,,2,,,,,0.072266,0.2857,,,,,4,0,18,,,,2.6691,,,,68.4385,244.294,,,,,4.0,,,,,,,,2,4,,,44.12,,,1.0,,,,
5,bbb_permeability,classification,NB05_bbb_permeability,11a,CN(C)c1cc(C2=NC(N)=NN2)ccn1,,2,,,,,0.064453,0.2222,,,,,5,2,15,,,,0.5149,,,,58.3531,204.237,,,,,6.0,,,,,,,,2,2,,,83.72,,,0.0,,,,
5,bbb_permeability,classification,NB05_bbb_permeability,prochlorperazine,CN1CCN(CCCN2c3ccccc3Sc4ccc(Cl)cc24)CC1,,2,,,,,0.078125,0.4,,,,,4,0,25,,,,4.5802,,,,107.577,373.953,,,,,5.0,,,,,,,,4,4,,,9.72,,,1.0,,,,
5,bbb_permeability,classification,NB05_bbb_permeability,2-(3'-Iodo-4'-aminophenyl)-6-hydroxybenzothiazole,IC1=C(N([H])[H])C=CC(C2=NC3=CC=C(O[H])C=C3S2)=C1,,3,,,,,0.066406,0.0,,,,,4,2,18,,,,3.8557,,,,83.8502,368.199,,,,,5.0,,,,,,,,3,1,,,59.14,,,1.0,,,,
5,bbb_permeability,classification,NB05_bbb_permeability,compound 34,O=C(C)Nc1cc(c2csc(N=C(N)N)n2)ccc1,,2,,,,,0.076172,0.0833,,,,,4,3,19,,,,1.6734,,,,77.3235,275.337,,,,,7.0,,,,,,,,2,3,,,106.39,,,0.0,,,,
5,bbb_permeability,classification,NB05_bbb_permeability,granisetron,CN1[C@H]2CCC[C@@H]1CC(C2)NC(=O)c3nn(C)c4ccccc34,,2,,,,,0.082031,0.5556,,,,,4,1,23,,,,2.3184,,,,90.3922,312.417,,,,,5.0,,,,,,,,4,2,,,50.16,,,1.0,,,,
5,bbb_permeability,classification,NB05_bbb_permeability,thiamphenicol,C[S](=O)(=O)c1ccc(cc1)[C@@H](O)[C@@H](CO)NC(=O)C(Cl)Cl,,1,,,,,0.070312,0.4167,,,,,5,3,21,,,,0.4043,,,,79.0221,356.227,,,,,9.0,,,,,,,,1,6,,,103.7,,,1.0,,,,
5,bbb_permeability,classification,NB05_bbb_permeability,16,c1ccc(cc1)c1csc(n1)N=C(N)N,,2,,,,,0.056641,0.0,,,,,3,2,15,,,,1.715,,,,63.0198,218.285,,,,,5.0,,,,,,,,2,2,,,77.29,,,1.0,,,,
5,bbb_permeability,classification,NB05_bbb_permeability,mexiletine,CC(N)COc1c(C)cccc1C,,1,,,,,0.046875,0.4545,,,,,2,1,13,,,,2.0294,,,,55.0604,179.263,,,,,2.0,,,,,,,,1,3,,,35.25,,,1.0,,,,
5,bbb_permeability,classification,NB05_bbb_permeability,dextropropoxyphene,CCC(=O)O[C@@](Cc1ccccc1)([C@H](C)CN(C)C)c2ccccc2,,2,,,,,0.078125,0.4091,,,,,3,0,25,,,,4.2755,,,,102.367,339.479,,,,,3.0,,,,,,,,2,8,,,29.54,,,1.0,,,,
5,bbb_permeability,classification,NB05_bbb_permeability,Nor-1-chlorpromazine,ClC1=CC=C(C2=C1)SC3=C(N2CCCNC)C=CC=C3,,2,,,,,0.072266,0.25,,,,,3,1,20,,,,4.5522,,,,87.5667,304.846,,,,,4.0,,,,,,,,3,4,,,15.27,,,1.0,,,,
5,bbb_permeability,classification,NB05_bbb_permeability,compound 37,CN(C)Cc1ccc(c2cccc(NC3C([N+]([O-])=O)=CC=N3)c2)o1,,2,,,,,0.091797,0.2353,,,,,6,1,24,,,,2.9912,,,,92.5151,326.356,,,,,7.0,,,,,,,,3,6,,,83.91,,,1.0,,,,
5,bbb_permeability,classification,NB05_bbb_permeability,cefamandole,Cn1nnnc1SCC2=C(N3[C@H](SC2)[C@H](NC(=O)[C@H](O)c4ccccc4)C3=O)C(O)=O,,2,,,,,0.119141,0.3333,,,,,10,3,31,,,,-0.2256,,,,110.6083,462.513,,,,,13.0,,,,,,,,4,7,,,150.54,,,1.0,,,,
5,bbb_permeability,classification,NB05_bbb_permeability,Y-G 15,n(ccc1)c(c1)CCN(C)C,,1,,,,,0.044922,0.4444,,,,,2,0,11,,,,1.1857,,,,46.495,150.225,,,,,2.0,,,,,,,,1,3,,,16.13,,,1.0,,,,
5,bbb_permeability,classification,NB05_bbb_permeability,Org13011,O=C1N(CCC1)CCCCN2CCN(CC2)c3cc(C(F)(F)F)ccn3,,1,,,,,0.087891,0.6667,,,,,4,0,26,,,,2.625,,,,92.94,370.419,,,,,8.0,,,,,,,,3,6,,,39.68,,,1.0,,,,
5,bbb_permeability,classification,NB05_bbb_permeability,Quinidine,COc1ccc2nccc([C@H](O)[C@H]3C[C@@H]4CCN3C[C@@H]4C=C)c2c1,,2,,,,,0.097656,0.45,,,,,4,1,24,,,,3.1732,,,,95.0268,324.424,,,,,4.0,,,,,,,,5,4,,,45.59,,,1.0,,,,
5,bbb_permeability,classification,NB05_bbb_permeability,38480,c1(ccccc1)CC,,1,,,,,0.027344,0.25,,,,,0,0,8,,,,2.249,,,,35.82,106.168,,,,,0.0,,,,,,,,1,1,,,0.0,,,1.0,,,,
5,bbb_permeability,classification,NB05_bbb_permeability,17,c1ccc(cc1N)c1csc(n1)N=C(N)N,,2,,,,,0.066406,0.0,,,,,4,3,16,,,,1.2972,,,,67.4322,233.3,,,,,6.0,,,,,,,,2,2,,,103.31,,,1.0,,,,
5,bbb_permeability,classification,NB05_bbb_permeability,vinblastine,CC[C@]1(O)C[C@H]2CN(CCc3c([nH]c4ccccc34)[C@@](C2)(C(=O)OC)c5cc6c(cc5OC)N(C)[C@H]7[C@](O)([C@H](OC(C)=O)[C@]8(CC)C=CCN9CC[C@]67[C@H]89)C(=O)OC)C1,,3,,,,,0.164062,0.587,,,,,12,3,59,,,,3.9909,,,,220.4283,810.989,,,,,13.0,,,,,,,,9,7,,,154.1,,,1.0,,,,
5,bbb_permeability,classification,NB05_bbb_permeability,Bacitracin,c1(c(cc(NC(CCC)=O)cc1)C(C)=O)OCC(CNC(C)C)O,,1,,,,,0.089844,0.5556,,,,,5,3,24,,,,2.3655,,,,94.6247,336.432,,,,,6.0,,,,,,,,1,10,,,87.66,,,1.0,,,,
5,bbb_permeability,classification,NB05_bbb_permeability,Nor-2-chlorpromazine,ClC1=CC=C(SC(C=CC=C2)=C2N3CCCN)C3=C1,,2,,,,,0.0625,0.2,,,,,3,1,19,,,,4.2915,,,,82.6944,290.819,,,,,4.0,,,,,,,,3,3,,,29.26,,,1.0,,,,
5,bbb_permeability,classification,NB05_bbb_permeability,compound 36,CN(C)Cc1ccc(CSCCNC2=C([N+]([O-])=O)C(Cc3ccccc3)=CN2)o1,,3,,,,,0.105469,0.3333,,,,,6,2,29,,,,4.5136,,,,117.4458,414.531,,,,,8.0,,,,,,,,3,11,,,87.34,,,1.0,,,,
5,bbb_permeability,classification,NB05_bbb_permeability,19,CNC(=NC#N)Nc1cccc(c1)c1csc(n1)N=C(N)N,,2,,,,,0.091797,0.0769,,,,,5,4,22,,,,1.1834,,,,88.7502,314.378,,,,,9.0,,,,,,,,2,3,,,137.5,,,0.0,,,,
5,bbb_permeability,classification,NB05_bbb_permeability,Y-G 14,n(ccc1)c(c1)CCNC,,1,,,,,0.046875,0.375,,,,,2,1,10,,,,0.8435,,,,41.8677,136.198,,,,,2.0,,,,,,,,1,3,,,24.92,,,1.0,,,,
5,bbb_permeability,classification,NB05_bbb_permeability,sertraline,[Cl-].CN[C@H]1CC[C@@H](c2ccc(Cl)c(Cl)c2)c3ccccc13.[H+],,2,,,,,0.070312,0.2941,,,,,1,1,21,,,,2.2961,,,,86.8937,342.697,,,,,4.0,,,,,,,,3,2,,,12.03,,,1.0,,,,
5,bbb_permeability,classification,NB05_bbb_permeability,vincristine,CC[C@]1(O)C[C@H]2CN(CCc3c([nH]c4ccccc34)[C@@](C2)(C(=O)OC)c5cc6c(cc5OC)N(C=O)[C@H]7[C@](O)([C@H](OC(C)=O)[C@]8(CC)C=CCN9CC[C@]67[C@H]89)C(=O)OC)C1,,3,,,,,0.164062,0.5652,,,,,12,3,60,,,,3.5175,,,,220.5683,824.972,,,,,14.0,,,,,,,,9,8,,,171.17,,,1.0,,,,
5,bbb_permeability,classification,NB05_bbb_permeability,SB-222200,CCC(NC(=O)c1c(c(nc2c1cccc2)c1ccccc1)C)c1ccccc1,,4,,,,,0.083984,0.1538,,,,,2,1,29,,,,6.0913,,,,118.8562,380.491,,,,,3.0,,,,,,,,4,5,,,41.99,,,1.0,,,,
5,bbb_permeability,classification,NB05_bbb_permeability,SB-656104-A,ClC1=CC=CC(OC2CCN(CCC3CCCN3S(C4=CC(N([H])C=C5)=C5C=C4)(=O)=O)CC2)=C1,,3,,,,,0.109375,0.44,,,,,4,1,33,,,,4.9079,,,,131.3715,488.053,,,,,8.0,,,,,,,,5,7,,,65.64,,,1.0,,,,
5,bbb_permeability,classification,NB05_bbb_permeability,compound 38,CN(C)Cc1ccnc(c2cccc(NC3C([N+]([O-])=O)=CC=N3)c2)c1,,2,,,,,0.095703,0.2222,,,,,6,1,25,,,,2.7932,,,,98.0441,337.383,,,,,7.0,,,,,,,,3,6,,,83.66,,,1.0,,,,
5,bbb_permeability,classification,NB05_bbb_permeability,maprotiline,CNCCCC12CCC(c3ccccc13)c4ccccc24,,2,,,,,0.064453,0.4,,,,,1,1,21,,,,4.2114,,,,87.9017,277.411,,,,,1.0,,,,,,,,5,4,,,12.03,,,1.0,,,,
5,bbb_permeability,classification,NB05_bbb_permeability,compound 43,N1(Cc2cc(OCCCNc3nccs3)ccc2)CCCCC1,,2,,,,,0.089844,0.5,,,,,5,1,23,,,,4.01,,,,96.2857,331.485,,,,,5.0,,,,,,,,3,8,,,37.39,,,1.0,,,,
5,bbb_permeability,classification,NB05_bbb_permeability,MIL-663581,OC(C)(C)c1onc(c2ncn3c2CN(C)C(c4c3cccc4Cl)=O)n1,,3,,,,,0.103516,0.2941,,,,,7,1,26,,,,2.3887,,,,92.9083,373.8,,,,,9.0,,,,,,,,4,2,,,97.28,,,0.0,,,,
5,bbb_permeability,classification,NB05_bbb_permeability,cefotaxime,[Na+].CO\N=C(C(=O)N[C@@H]1[C@@H]2SCC(=C(N2C1=O)C([O-])=O)COC(C)=O)\c3csc(N)n3,,1,,,,,0.123047,0.375,,,,,12,2,31,,,,-4.9532,,,,103.7611,477.456,,,,,15.0,,,,,,,,3,7,,,176.34,,,1.0,,,,
5,bbb_permeability,classification,NB05_bbb_permeability,carbamazepine-10,C1=CC=C2C(=C1)C3C(O3)C4=CC=CC=C4N2C(=O)N,,2,,,,,0.046875,0.1333,,,,,2,1,19,,,,3.0294,,,,71.1734,252.273,,,,,4.0,,,,,,,,4,0,,,58.86,,,1.0,,,,
5,bbb_permeability,classification,NB05_bbb_permeability,Cyclohexane,C1CCCCC1,,0,,,,,0.005859,1.0,,,,,0,0,6,,,,2.3406,,,,27.702,84.162,,,,,0.0,,,,,,,,1,0,,,0.0,,,1.0,,,,
5,bbb_permeability,classification,NB05_bbb_permeability,2,Cc1csc(n1)N=C(N)N,,1,,,,,0.046875,0.2,,,,,3,2,10,,,,0.3564,,,,42.3208,156.214,,,,,5.0,,,,,,,,1,1,,,77.29,,,1.0,,,,
5,bbb_permeability,classification,NB05_bbb_permeability,SKF89124,CCCN(CCc1c2c(c(cc1)O)NC(=O)C2)CCC,,1,,,,,0.074219,0.5625,,,,,3,2,20,,,,2.5513,,,,81.1665,276.38,,,,,4.0,,,,,,,,2,7,,,52.57,,,1.0,,,,
5,bbb_permeability,classification,NB05_bbb_permeability,Org5222,Clc1cc2c(Oc3ccccc3C3CN(CC32)C)cc1,,2,,,,,0.064453,0.2941,,,,,2,0,20,,,,4.2585,,,,80.947,285.774,,,,,3.0,,,,,,,,4,0,,,12.47,,,1.0,,,,
5,bbb_permeability,classification,NB05_bbb_permeability,compound 35,CN(C)Cc1oc(CSCCNC2C([N+]([O-])=O)=CC=N2)cc1,,1,,,,,0.089844,0.5,,,,,7,1,22,,,,1.7351,,,,87.6211,324.406,,,,,8.0,,,,,,,,2,9,,,83.91,,,0.0,,,,
5,bbb_permeability,classification,NB05_bbb_permeability,cefuroxime,CO/N=C(C(=O)N[C@H]1[C@H]2SCC(=C(N2C1=O)C(O)=O)COC(N)=O)/c3occc3,,1,,,,,0.119141,0.3125,,,,,9,3,29,,,,-0.536,,,,97.4739,424.391,,,,,13.0,,,,,,,,3,7,,,173.76,,,1.0,,,,
5,bbb_permeability,classification,NB05_bbb_permeability,compound 45,N1(Cc2cc(OCCCNc3oc4ccccc4n3)ccc2)CCCCC1,,3,,,,,0.095703,0.4091,,,,,5,1,27,,,,4.6947,,,,108.1807,365.477,,,,,5.0,,,,,,,,4,8,,,50.53,,,1.0,,,,
5,bbb_permeability,classification,NB05_bbb_permeability,Org4428,OC12c3c(Oc4c(C)cccc4C2CN(CC1)C)cccc3,,2,,,,,0.082031,0.3684,,,,,3,1,22,,,,3.4076,,,,86.4468,295.382,,,,,3.0,,,,,,,,4,0,,,32.7,,,1.0,,,,
5,bbb_permeability,classification,NB05_bbb_permeability,compound 32,[O-][N+](C1=CC=NC1NCCSCc2ccccn2)=O,,1,,,,,0.087891,0.3333,,,,,6,1,19,,,,1.4755,,,,75.7591,278.337,,,,,7.0,,,,,,,,2,7,,,80.42,,,1.0,,,,
5,bbb_permeability,classification,NB05_bbb_permeability,Bretyliumtosilate,c12c(nc([nH]1)NC(OC)=O)cc(SCCC)cc2,,2,,,,,0.082031,0.3333,,,,,4,2,18,,,,3.2433,,,,73.1364,265.338,,,,,6.0,,,,,,,,2,4,,,67.01,,,1.0,,,,
5,bbb_permeability,classification,NB05_bbb_permeability,Y-G 20,c1cccn2c1nc(c2)CCN,,2,,,,,0.054688,0.2222,,,,,3,1,12,,,,0.8355,,,,47.9504,161.208,,,,,3.0,,,,,,,,2,2,,,43.32,,,0.0,,,,
5,bbb_permeability,classification,NB05_bbb_permeability,ornidazole,Cc1ncc(n1CC(O)CCl)[N+]([O-])=O,,1,,,,,0.068359,0.5714,,,,,5,1,14,,,,0.6994,,,,50.3452,219.628,,,,,7.0,,,,,,,,1,4,,,81.19,,,1.0,,,,
5,bbb_permeability,classification,NB05_bbb_permeability,SKF101468,CCCN(CCc1c2c(ccc1)NC(=O)C2)CCC,,1,,,,,0.068359,0.5625,,,,,2,1,19,,,,2.8457,,,,79.5017,260.381,,,,,3.0,,,,,,,,2,7,,,32.34,,,1.0,,,,
5,bbb_permeability,classification,NB05_bbb_permeability,Org30526,Clc1cc2c(Oc3ccccc3C3CNCC32)cc1,,2,,,,,0.060547,0.25,,,,,2,1,19,,,,3.9163,,,,76.3197,271.747,,,,,3.0,,,,,,,,4,0,,,21.26,,,1.0,,,,
5,bbb_permeability,classification,NB05_bbb_permeability,36,CN(CCC=C1c2ccccc2CCc2ccccc12)C,,2,,,,,0.056641,0.3,,,,,1,0,21,,,,4.1686,,,,90.542,277.411,,,,,1.0,,,,,,,,3,3,,,3.24,,,1.0,,,,
5,bbb_permeability,classification,NB05_bbb_permeability,ceftriaxone,CO/N=C(C(=O)N[C@H]1[C@H]2SCC(=C(N2C1=O)C(O)=O)CSC3=NC(=O)C(=O)NN3C)/c4csc(N)n4,,2,,,,,0.140625,0.3333,,,,,14,4,36,,,,-1.6113,,,,130.5796,554.592,,,,,18.0,,,,,,,,4,8,,,214.96,,,1.0,,,,
5,bbb_permeability,classification,NB05_bbb_permeability,compound 42,N1(Cc2cccc(OCCCNc3ccccn3)c2)CCCCC1,,2,,,,,0.087891,0.45,,,,,4,1,24,,,,3.9485,,,,98.4087,325.456,,,,,4.0,,,,,,,,3,8,,,37.39,,,1.0,,,,
5,bbb_permeability,classification,NB05_bbb_permeability,Org32104,OC12c3c(Oc4c(C)cccc4C2CNCC1)cccc3,,2,,,,,0.082031,0.3333,,,,,3,2,21,,,,3.0654,,,,81.8195,281.355,,,,,3.0,,,,,,,,4,0,,,41.49,,,1.0,,,,
5,bbb_permeability,classification,NB05_bbb_permeability,compound 31,[O-][N+](C1=CC=NC1NCCSCc2ncccc2Br)=O,,1,,,,,0.09375,0.3333,,,,,6,1,20,,,,2.238,,,,83.4591,357.233,,,,,8.0,,,,,,,,2,7,,,80.42,,,1.0,,,,
5,bbb_permeability,classification,NB05_bbb_permeability,SB204457,c12c3c(C(NC(C)=O)CCc2cc(c(c1OC)OC)OC)cc(=O)c(cc3)OC,,2,,,,,0.089844,0.3636,,,,,6,1,29,,,,2.8716,,,,109.2347,399.443,,,,,7.0,,,,,,,,3,5,,,83.09,,,1.0,,,,
5,bbb_permeability,classification,NB05_bbb_permeability,compound 41,C1CCN(CC1)Cc1cc(OCCCO)ccc1,,1,,,,,0.066406,0.6,,,,,3,1,18,,,,2.4337,,,,72.7678,249.354,,,,,3.0,,,,,,,,2,6,,,32.7,,,1.0,,,,
5,bbb_permeability,classification,NB05_bbb_permeability,clomethiazole,Cc1ncsc1CCCl,,1,,,,,0.042969,0.5,,,,,2,0,9,,,,2.2328,,,,41.275,161.657,,,,,3.0,,,,,,,,1,2,,,12.89,,,1.0,,,,
5,bbb_permeability,classification,NB05_bbb_permeability,celiprolol,CCN(CC)C(=O)Nc1ccc(OCC(O)CNC(C)(C)C)c(c1)C(C)=O,,1,,,,,0.091797,0.6,,,,,5,3,27,,,,2.8907,,,,107.6437,379.501,,,,,7.0,,,,,,,,1,9,,,90.9,,,1.0,,,,
5,bbb_permeability,classification,NB05_bbb_permeability,"""1,1,1-Trifluro-2-chloroethane""",ClCC(F)(F)F,,0,,,,,0.017578,1.0,,,,,0,0,6,,,,1.7875,,,,16.775,118.485,,,,,4.0,,,,,,,,0,0,,,0.0,,,1.0,,,,
5,bbb_permeability,classification,NB05_bbb_permeability,33,CN1C(=O)c2c(cccc2Cl)n2cnc(c2C1)c1noc(n1)C(C)C,,3,,,,,0.099609,0.2941,,,,,6,0,25,,,,3.2847,,,,91.7525,357.801,,,,,8.0,,,,,,,,4,2,,,77.05,,,1.0,,,,
5,bbb_permeability,classification,NB05_bbb_permeability,cefoxitin,CO[C@]1(NC(=O)Cc2sccc2)[C@H]3SCC(=C(N3C1=O)C(O)=O)COC(N)=O,,1,,,,,0.113281,0.375,,,,,8,3,28,,,,0.0986,,,,99.1949,427.46,,,,,12.0,,,,,,,,3,7,,,148.26,,,1.0,,,,
5,bbb_permeability,classification,NB05_bbb_permeability,Org34167,NC(CC=C)c1ccccc1c2noc3c2cccc3,,3,,,,,0.072266,0.1176,,,,,3,1,20,,,,4.0707,,,,81.1874,264.328,,,,,3.0,,,,,,,,3,4,,,52.05,,,1.0,,,,
5,bbb_permeability,classification,NB05_bbb_permeability,9-OH Risperidone,OC1C(N2CCC1)=NC(C)=C(CCN3CCC(CC3)c4c5ccc(F)cc5on4)C2=O,,3,,,,,0.121094,0.5217,,,,,7,1,31,,,,3.0813,,,,113.5138,426.492,,,,,8.0,,,,,,,,5,4,,,84.39,,,1.0,,,,
5,bbb_permeability,classification,NB05_bbb_permeability,acetaminophen,CC(=O)Nc1ccc(O)cc1,,1,,,,,0.037109,0.125,,,,,2,2,11,,,,1.3506,,,,42.4105,151.165,,,,,3.0,,,,,,,,1,1,,,49.33,,,1.0,,,,
5,bbb_permeability,classification,NB05_bbb_permeability,acetylsalicylate,CC(=O)Oc1ccccc1C(O)=O,,1,,,,,0.046875,0.1111,,,,,3,1,13,,,,1.3101,,,,44.7103,180.159,,,,,4.0,,,,,,,,1,2,,,63.6,,,0.0,,,,
5,bbb_permeability,classification,NB05_bbb_permeability,allopurinol,O=C1N=CN=C2NNC=C12,,0,,,,,0.044922,0.0,,,,,3,2,10,,,,-0.4022,,,,33.6254,136.114,,,,,5.0,,,,,,,,2,0,,,74.43,,,0.0,,,,
5,bbb_permeability,classification,NB05_bbb_permeability,Alprostadil,CCCCC[C@H](O)/C=C/[C@H]1[C@H](O)CC(=O)[C@@H]1CCCCCCC(O)=O,,0,,,,,0.087891,0.8,,,,,4,3,25,,,,3.4751,,,,97.2374,354.487,,,,,5.0,,,,,,,,1,13,,,94.83,,,0.0,,,,
5,bbb_permeability,classification,NB05_bbb_permeability,aminophylline,CN1C(=O)N(C)c2nc[nH]c2C1=O.CN3C(=O)N(C)c4nc[nH]c4C3=O.NCCN,,4,,,,,0.060547,0.375,,,,,12,4,30,,,,-3.1756,,,,111.2602,420.434,,,,,14.0,,,,,,,,4,1,,,197.4,,,0.0,,,,
5,bbb_permeability,classification,NB05_bbb_permeability,Amiodarone,CCCCc1oc2ccccc2c1C(=O)c3cc(I)c(OCCN(CC)CC)c(I)c3,,3,,,,,0.101562,0.4,,,,,4,0,31,,,,6.9362,,,,143.4175,645.319,,,,,6.0,,,,,,,,3,11,,,42.68,,,0.0,,,,
5,bbb_permeability,classification,NB05_bbb_permeability,amoxicillin,O.O.O.CC1(C)S[C@@H]2[C@H](NC(=O)[C@H](N)c3ccc(O)cc3)C(=O)N2[C@H]1C(O)=O,,1,,,,,0.087891,0.4375,,,,,6,4,28,,,,-2.4504,,,,101.5351,419.456,,,,,12.0,,,,,,,,3,4,,,227.46,,,0.0,,,,
5,bbb_permeability,classification,NB05_bbb_permeability,ampicillin,CC1(C)S[C@@H]2[C@H](NC(=O)[C@H](N)c3ccccc3)C(=O)N2[C@H]1C(O)=O,,1,,,,,0.083984,0.4375,,,,,5,3,24,,,,0.3181,,,,89.0289,349.412,,,,,8.0,,,,,,,,3,4,,,112.73,,,0.0,,,,
5,bbb_permeability,classification,NB05_bbb_permeability,androsan,C[C@]1(O)CC[C@H]2[C@@H]3CCC4=CC(=O)CC[C@]4(C)[C@H]3CC[C@]12C,,0,,,,,0.068359,0.85,,,,,2,1,22,,,,4.2693,,,,87.3338,302.458,,,,,2.0,,,,,,,,4,0,,,37.3,,,0.0,,,,
5,bbb_permeability,classification,NB05_bbb_permeability,oxaflumazine,OC(=O)CCC(O)=O.FC(F)(F)c1ccc2Sc3ccccc3N(CCCN4CCN(CCC5OCCCO5)CC4)c2c1,,2,,,,,0.113281,0.5333,,,,,8,2,43,,,,5.4047,,,,155.9436,625.71,,,,,13.0,,,,,,,,5,10,,,102.78,,,1.0,,,,
5,bbb_permeability,classification,NB05_bbb_permeability,oxazepam,OC1N=C(c2ccccc2)c3cc(Cl)ccc3NC1=O,,2,,,,,0.072266,0.0667,,,,,3,2,20,,,,2.4479,,,,78.1695,286.718,,,,,5.0,,,,,,,,3,1,,,61.69,,,1.0,,,,
5,bbb_permeability,classification,NB05_bbb_permeability,oxiperomide,O=C1Nc2ccccc2N1C3CCN(CCOc4ccccc4)CC3,,3,,,,,0.083984,0.35,,,,,4,1,25,,,,3.0455,,,,99.2067,337.423,,,,,5.0,,,,,,,,4,5,,,50.26,,,1.0,,,,
5,bbb_permeability,classification,NB05_bbb_permeability,oxycodone,COc1ccc2C[C@H]3N(C)CC[C@@]45[C@@H](Oc1c24)C(=O)CC[C@@]35O,,1,,,,,0.095703,0.6111,,,,,5,1,23,,,,1.0482,,,,83.0178,315.369,,,,,5.0,,,,,,,,5,1,,,59.0,,,1.0,,,,
5,bbb_permeability,classification,NB05_bbb_permeability,oxymorphone,CN1CC[C@]23[C@H]4Oc5c(O)ccc(C[C@@H]1[C@]2(O)CCC4=O)c35,,1,,,,,0.089844,0.5882,,,,,5,2,22,,,,0.7452,,,,78.1306,301.342,,,,,5.0,,,,,,,,5,0,,,70.0,,,1.0,,,,
5,bbb_permeability,classification,NB05_bbb_permeability,pecazine,CN1CCCC(C1)CN2c3ccccc3Sc4ccccc24,,2,,,,,0.068359,0.3684,,,,,3,0,22,,,,4.6311,,,,94.234,310.466,,,,,3.0,,,,,,,,4,2,,,6.48,,,1.0,,,,
5,bbb_permeability,classification,NB05_bbb_permeability,pemoline,NC1=NC(=O)C(O1)c2ccccc2,,1,,,,,0.048828,0.1111,,,,,3,1,13,,,,0.5992,,,,46.8974,176.175,,,,,4.0,,,,,,,,2,1,,,64.68,,,1.0,,,,
5,bbb_permeability,classification,NB05_bbb_permeability,pentazocine,C[C@@H]1[C@H]2Cc3ccc(O)cc3[C@]1(C)CCN2CC=C(C)C,,1,,,,,0.082031,0.5789,,,,,2,1,21,,,,3.8826,,,,87.7358,285.431,,,,,2.0,,,,,,,,3,2,,,23.47,,,1.0,,,,
5,bbb_permeability,classification,NB05_bbb_permeability,Ethionamide,CCc1cc(ccn1)C(N)=S,,1,,,,,0.052734,0.25,,,,,2,1,11,,,,1.2782,,,,49.5024,166.249,,,,,3.0,,,,,,,,1,2,,,38.91,,,1.0,,,,
5,bbb_permeability,classification,NB05_bbb_permeability,Etoposide,COc1cc(cc(OC)c1O)[C@H]2[C@@H]3C(COC3=O)[C@H](O[C@@H]4O[C@@H]5CO[C@@H](C)O[C@H]5[C@H](O)[C@H]4O)c6cc7OCOc7cc26,,2,,,,,0.125,0.5517,,,,,13,3,42,,,,1.3386,,,,138.3454,588.562,,,,,13.0,,,,,,,,7,5,,,160.83,,,0.0,,,,
5,bbb_permeability,classification,NB05_bbb_permeability,Famotidine,NC(N)=Nc1scc(CSCCC(N)=N[S](N)(=O)=O)n1,,1,,,,,0.078125,0.375,,,,,6,4,20,,,,-0.768,,,,83.0924,337.456,,,,,12.0,,,,,,,,1,7,,,175.83,,,1.0,,,,
5,bbb_permeability,classification,NB05_bbb_permeability,Fluconazole,OC(Cn1cncn1)(Cn2cncn2)c3ccc(F)cc3F,,3,,,,,0.066406,0.2308,,,,,7,1,22,,,,0.7358,,,,70.2988,306.276,,,,,9.0,,,,,,,,3,5,,,81.65,,,1.0,,,,
5,bbb_permeability,classification,NB05_bbb_permeability,Foscarnetsodium,[Na+].[Na+].[Na+].[O-]C(=O)[P]([O-])([O-])=O,,0,,,,,0.023438,0.0,,,,,5,0,10,,,,-11.7446,,,,13.0025,191.95,,,,,9.0,,,,,,,,0,1,,,103.32,,,1.0,,,,
5,bbb_permeability,classification,NB05_bbb_permeability,Gabapentin,NCC1(CCCCC1)CC(O)=O,,0,,,,,0.039062,0.8889,,,,,2,2,12,,,,1.3703,,,,46.8252,171.24,,,,,3.0,,,,,,,,1,3,,,63.32,,,1.0,,,,
5,bbb_permeability,classification,NB05_bbb_permeability,Nafcillin,[Na+].CCOc1ccc2ccccc2c1C(=O)N[C@H]3[C@H]4SC(C)(C)[C@@H](N4C3=O)C([O-])=O,,2,,,,,0.105469,0.381,,,,,6,1,30,,,,-1.8469,,,,107.4702,436.465,,,,,9.0,,,,,,,,4,5,,,98.77,,,0.0,,,,
5,bbb_permeability,classification,NB05_bbb_permeability,Nalidixicacid,CCN1C=C(C(O)=O)C(=O)c2ccc(C)nc12,,2,,,,,0.068359,0.25,,,,,4,1,17,,,,1.423,,,,63.3733,232.239,,,,,5.0,,,,,,,,2,2,,,72.19,,,0.0,,,,
5,bbb_permeability,classification,NB05_bbb_permeability,Nelfinavir,Cc1c(O)cccc1C(=O)N[C@@H](CSc2ccccc2)[C@H](O)CN3C[C@H]4CCCC[C@H]4C[C@H]3C(=O)NC(C)(C)C,,2,,,,,0.125,0.5625,,,,,6,4,40,,,,4.7476,,,,160.5925,567.796,,,,,8.0,,,,,,,,4,9,,,101.9,,,0.0,,,,
5,bbb_permeability,classification,NB05_bbb_permeability,Astemizole,COc1ccc(CCN2CCC(CC2)Nc3nc4ccccc4n3Cc5ccc(F)cc5)cc1,,4,,,,,0.105469,0.3214,,,,,5,1,34,,,,5.3513,,,,135.0177,458.581,,,,,6.0,,,,,,,,5,8,,,42.32,,,0.0,,,,
5,bbb_permeability,classification,NB05_bbb_permeability,atropine,CN1C2CCC1CC(C2)OC(=O)C(CO)c3ccccc3,,1,,,,,0.072266,0.5882,,,,,4,1,21,,,,1.9309,,,,79.9558,289.375,,,,,4.0,,,,,,,,3,4,,,49.77,,,0.0,,,,
5,bbb_permeability,classification,NB05_bbb_permeability,Auxeomycin,[Cl-].CN(C)[C@H]1[C@@H]2C[C@H]3C(=C(O)c4c(O)ccc(Cl)c4[C@@]3(C)O)C(=O)[C@]2(O)C(=O)\C(=C(N)/O)C1=O.[H+],,1,,,,,0.111328,0.4091,,,,,10,6,34,,,,-2.6011,,,,116.2334,515.346,,,,,12.0,,,,,,,,4,1,,,181.62,,,0.0,,,,
5,bbb_permeability,classification,NB05_bbb_permeability,Betamethasone,C[C@H]1C[C@H]2[C@@H]3CCC4=CC(=O)C=C[C@]4(C)[C@@]3(F)[C@@H](O)C[C@]2(C)[C@@]1(O)C(=O)CO,,0,,,,,0.105469,0.7273,,,,,5,3,28,,,,1.8957,,,,99.9444,392.467,,,,,6.0,,,,,,,,4,2,,,94.83,,,0.0,,,,
5,bbb_permeability,classification,NB05_bbb_permeability,carbenicillin,CC1(C)S[C@@H]2[C@H](NC(=O)C(C(O)=O)c3ccccc3)C(=O)N2[C@H]1C(O)=O,,1,,,,,0.083984,0.4118,,,,,5,3,26,,,,0.4865,,,,92.4773,378.406,,,,,9.0,,,,,,,,3,5,,,124.01,,,0.0,,,,
5,bbb_permeability,classification,NB05_bbb_permeability,carbidopa,C[C@@](Cc1ccc(O)c(O)c1)(NN)C(O)=O,,1,,,,,0.0625,0.3,,,,,5,5,16,,,,-0.0531,,,,56.8395,226.232,,,,,6.0,,,,,,,,1,4,,,115.81,,,0.0,,,,
5,bbb_permeability,classification,NB05_bbb_permeability,carteolol,CC(C)(C)NCC(O)COc1cccc2NC(=O)CCc12,,1,,,,,0.085938,0.5625,,,,,4,3,21,,,,1.6991,,,,82.6502,292.379,,,,,5.0,,,,,,,,2,5,,,70.59,,,0.0,,,,
5,bbb_permeability,classification,NB05_bbb_permeability,Cefazolin,[Na+].Cc1sc(SCC2=C(N3[C@H](SC2)[C@H](NC(=O)Cn4cnnn4)C3=O)C([O-])=O)nn1,,2,,,,,0.121094,0.4286,,,,,13,1,30,,,,-4.9668,,,,100.2427,476.501,,,,,16.0,,,,,,,,4,7,,,158.92,,,0.0,,,,
5,bbb_permeability,classification,NB05_bbb_permeability,cephapirin,CC(=O)OCC1=C(N2[C@H](SC1)[C@H](NC(=O)CSc3ccncc3)C2=O)C(O)=O,,1,,,,,0.109375,0.3529,,,,,8,2,28,,,,0.4754,,,,101.2785,423.472,,,,,11.0,,,,,,,,3,7,,,125.9,,,0.0,,,,
5,bbb_permeability,classification,NB05_bbb_permeability,chlorambucil,OC(=O)CCCc1ccc(cc1)N(CCCl)CCCl,,1,,,,,0.060547,0.5,,,,,2,1,19,,,,3.3779,,,,80.6688,304.217,,,,,5.0,,,,,,,,1,9,,,40.54,,,0.0,,,,
5,bbb_permeability,classification,NB05_bbb_permeability,pergolide,CCCN1C[C@H](CSC)C[C@H]2[C@H]1Cc3c[nH]c4cccc2c34,,2,,,,,0.09375,0.5789,,,,,2,1,22,,,,4.2711,,,,96.8847,314.498,,,,,3.0,,,,,,,,4,4,,,19.03,,,1.0,,,,
5,bbb_permeability,classification,NB05_bbb_permeability,perlapine,CN1CCN(CC1)C2=Nc3ccccc3Cc4ccccc24,,2,,,,,0.0625,0.3158,,,,,3,0,22,,,,2.9165,,,,90.957,291.398,,,,,3.0,,,,,,,,4,0,,,18.84,,,1.0,,,,
5,bbb_permeability,classification,NB05_bbb_permeability,perphenazine-HCl,OCCN1CCN(CCCN2c3ccccc3Sc4ccc(Cl)cc24)CC1,,2,,,,,0.080078,0.4286,,,,,5,1,27,,,,3.9427,,,,113.6058,403.979,,,,,6.0,,,,,,,,4,6,,,29.95,,,1.0,,,,
5,bbb_permeability,classification,NB05_bbb_permeability,pethidine,CCOC(=O)C1(CCN(C)CC1)c2ccccc2,,1,,,,,0.0625,0.5333,,,,,3,0,18,,,,2.2131,,,,71.484,247.338,,,,,3.0,,,,,,,,2,3,,,29.54,,,1.0,,,,
5,bbb_permeability,classification,NB05_bbb_permeability,phencyclidine,C1CCN(CC1)C2(CCCCC2)c3ccccc3,,1,,,,,0.044922,0.6471,,,,,1,0,18,,,,4.3319,,,,76.629,243.394,,,,,1.0,,,,,,,,3,2,,,3.24,,,1.0,,,,
5,bbb_permeability,classification,NB05_bbb_permeability,phenelzine sulfate,NNCCc1ccccc1.O[S](O)(=O)=O,,1,,,,,0.046875,0.25,,,,,4,4,15,,,,0.0396,,,,56.5135,234.277,,,,,7.0,,,,,,,,1,3,,,112.65,,,1.0,,,,
5,bbb_permeability,classification,NB05_bbb_permeability,phenobarbital,CCC1(C(=O)NC(=O)NC1=O)c2ccccc2,,1,,,,,0.048828,0.25,,,,,3,2,17,,,,0.7004,,,,60.0924,232.239,,,,,5.0,,,,,,,,2,2,,,75.27,,,1.0,,,,
5,bbb_permeability,classification,NB05_bbb_permeability,phenprobamate,NC(=O)OCCCc1ccccc1,,1,,,,,0.048828,0.3,,,,,2,1,13,,,,1.7145,,,,50.2984,179.219,,,,,3.0,,,,,,,,1,4,,,52.32,,,1.0,,,,
5,bbb_permeability,classification,NB05_bbb_permeability,physostigmine,CNC(=O)Oc1ccc2N(C)[C@H]3N(C)CC[C@@]3(C)c2c1,,1,,,,,0.080078,0.5333,,,,,4,1,20,,,,1.7739,,,,78.3157,275.352,,,,,5.0,,,,,,,,3,1,,,44.81,,,1.0,,,,
5,bbb_permeability,classification,NB05_bbb_permeability,Norepinephrine,NCC(O)c1ccc(O)c(O)c1,,1,,,,,0.044922,0.25,,,,,4,4,12,,,,0.0899,,,,43.7858,169.18,,,,,4.0,,,,,,,,1,2,,,86.71,,,0.0,,,,
5,bbb_permeability,classification,NB05_bbb_permeability,Omeprazole,COc1ccc2nc([nH]c2c1)[S](=O)Cc3ncc(C)c(OC)c3C,,3,,,,,0.091797,0.2941,,,,,5,1,24,,,,2.8997,,,,93.0211,345.424,,,,,7.0,,,,,,,,3,5,,,77.1,,,0.0,,,,
5,bbb_permeability,classification,NB05_bbb_permeability,Oxacillin,Cc1onc(c2ccccc2)c1C(=O)N[C@H]3[C@H]4SC(C)(C)[C@@H](N4C3=O)C(O)=O,,2,,,,,0.099609,0.3684,,,,,6,2,28,,,,1.8953,,,,101.658,401.444,,,,,9.0,,,,,,,,4,4,,,112.74,,,0.0,,,,
5,bbb_permeability,classification,NB05_bbb_permeability,Pentostatin,OC[C@H]1O[C@H](C[C@@H]1O)n2cnc3[C@H](O)CN=CNc23,,1,,,,,0.080078,0.6364,,,,,8,4,19,,,,-0.989,,,,65.7881,268.273,,,,,8.0,,,,,,,,3,2,,,112.13,,,1.0,,,,
5,bbb_permeability,classification,NB05_bbb_permeability,Phenoxymethylpenicillin,CC1(C)S[C@@H]2[C@H](NC(=O)COc3ccccc3)C(=O)N2[C@H]1C([O-])=O,,1,,,,,0.09375,0.4375,,,,,6,1,24,,,,-0.6376,,,,84.9667,349.388,,,,,8.0,,,,,,,,3,5,,,98.77,,,0.0,,,,
5,bbb_permeability,classification,NB05_bbb_permeability,chloramphenicol,OCC(NC(=O)C(Cl)Cl)C(O)c1ccc(cc1)[N+]([O-])=O,,1,,,,,0.070312,0.3636,,,,,5,3,20,,,,0.909,,,,72.5667,323.132,,,,,9.0,,,,,,,,1,6,,,112.7,,,0.0,,,,
5,bbb_permeability,classification,NB05_bbb_permeability,chlorothiazide,N[S](=O)(=O)c1cc2c(NC=N[S]2(=O)=O)cc1Cl,,1,,,,,0.0625,0.0,,,,,5,2,17,,,,0.1299,,,,62.1257,295.729,,,,,10.0,,,,,,,,2,1,,,118.69,,,0.0,,,,
5,bbb_permeability,classification,NB05_bbb_permeability,chlorpropamide,CCCNC(=O)N[S](=O)(=O)c1ccc(Cl)cc1,,1,,,,,0.0625,0.3,,,,,3,2,17,,,,1.7379,,,,65.4632,276.745,,,,,7.0,,,,,,,,1,4,,,75.27,,,0.0,,,,
5,bbb_permeability,classification,NB05_bbb_permeability,Chlortetracycline,CN(C)[C@H]1[C@@H]2C[C@H]3C(=C(O)c4c(O)ccc(Cl)c4[C@@]3(C)O)C(=O)[C@]2(O)C(=O)\C(=C(N)/O)C1=O,,1,,,,,0.107422,0.4091,,,,,10,6,33,,,,0.2824,,,,115.1214,478.885,,,,,11.0,,,,,,,,4,1,,,181.62,,,0.0,,,,
5,bbb_permeability,classification,NB05_bbb_permeability,chlorthalidone,N[S](=O)(=O)c1cc(ccc1Cl)C2(O)NC(=O)c3ccccc23,,2,,,,,0.078125,0.0714,,,,,4,3,22,,,,0.9242,,,,79.7322,338.772,,,,,8.0,,,,,,,,3,2,,,109.49,,,0.0,,,,
5,bbb_permeability,classification,NB05_bbb_permeability,clofibrate,CCOC(=O)C(C)(C)Oc1ccc(Cl)cc1,,1,,,,,0.052734,0.4167,,,,,3,0,16,,,,3.0605,,,,62.792,242.702,,,,,4.0,,,,,,,,1,4,,,35.53,,,0.0,,,,
5,bbb_permeability,classification,NB05_bbb_permeability,clofibric acid,CC(C)(Oc1ccc(Cl)cc1)C(O)=O,,1,,,,,0.046875,0.3,,,,,2,1,14,,,,2.582,,,,53.7948,214.648,,,,,4.0,,,,,,,,1,3,,,46.53,,,0.0,,,,
5,bbb_permeability,classification,NB05_bbb_permeability,clotrimazole,Clc1ccccc1C(n2ccnc2)(c3ccccc3)c4ccccc4,,4,,,,,0.0625,0.0455,,,,,2,0,25,,,,5.3767,,,,101.843,344.845,,,,,3.0,,,,,,,,4,4,,,17.82,,,0.0,,,,
5,bbb_permeability,classification,NB05_bbb_permeability,corticosterone,C[C@]12C[C@H](O)[C@H]3[C@@H](CCC4=CC(=O)CC[C@]34C)[C@@H]1CC[C@@H]2C(=O)CO,,0,,,,,0.091797,0.8095,,,,,4,2,25,,,,2.6667,,,,93.6826,346.467,,,,,4.0,,,,,,,,4,2,,,74.6,,,0.0,,,,
5,bbb_permeability,classification,NB05_bbb_permeability,Cortisone,C[C@]12CCC(=O)C=C1CC[C@H]3[C@@H]4CC[C@](O)(C(=O)CO)[C@@]4(C)CC(=O)[C@H]23,,0,,,,,0.091797,0.7619,,,,,5,2,26,,,,1.9898,,,,94.1426,360.45,,,,,5.0,,,,,,,,4,2,,,91.67,,,0.0,,,,
5,bbb_permeability,classification,NB05_bbb_permeability,piflutixol,OCC[C@@H]1CCN(CC\C=C2/c3ccc(F)cc3Sc4ccc(cc24)C(F)(F)F)CC1,,2,,,,,0.103516,0.4167,,,,,3,1,31,,,,6.2253,,,,114.5298,451.529,,,,,7.0,,,,,,,,4,5,,,23.47,,,1.0,,,,
5,bbb_permeability,classification,NB05_bbb_permeability,pimozide,Fc1ccc(cc1)C(CCCN2CCC(CC2)N3C(=O)Nc4ccccc34)c5ccc(F)cc5,,4,,,,,0.09375,0.3214,,,,,3,1,34,,,,5.857,,,,131.1467,461.556,,,,,6.0,,,,,,,,5,7,,,41.03,,,1.0,,,,
5,bbb_permeability,classification,NB05_bbb_permeability,pinoxepin,OCCN1CCN(CC\C=C/2c3ccccc3COc4ccc(Cl)cc24)CC1,,2,,,,,0.087891,0.3913,,,,,4,1,28,,,,3.6641,,,,113.8878,398.934,,,,,5.0,,,,,,,,4,5,,,35.94,,,1.0,,,,
5,bbb_permeability,classification,NB05_bbb_permeability,pipamperone,NC(=O)C1(CCN(CCCC(=O)c2ccc(F)cc2)CC1)N3CCCCC3,,1,,,,,0.083984,0.619,,,,,4,1,27,,,,2.5944,,,,102.9879,375.488,,,,,6.0,,,,,,,,3,7,,,66.64,,,1.0,,,,
5,bbb_permeability,classification,NB05_bbb_permeability,prazepam,Clc1ccc2N(CC3CC3)C(=O)CN=C(c4ccccc4)c2c1,,2,,,,,0.082031,0.2632,,,,,2,0,23,,,,3.934,,,,93.477,324.811,,,,,4.0,,,,,,,,4,3,,,32.67,,,1.0,,,,
5,bbb_permeability,classification,NB05_bbb_permeability,pregnanolone,CC(=O)[C@H]1CC[C@H]2[C@@H]3CC[C@@H]4C[C@H](O)CC[C@]4(C)[C@H]3CC[C@]12C,,0,,,,,0.068359,0.9524,,,,,2,1,23,,,,4.5952,,,,91.9048,318.501,,,,,2.0,,,,,,,,4,1,,,37.3,,,1.0,,,,
5,bbb_permeability,classification,NB05_bbb_permeability,primidone,CCC1(C(=O)NCNC1=O)c2ccccc2,,1,,,,,0.052734,0.3333,,,,,2,2,16,,,,0.5379,,,,59.5634,218.256,,,,,4.0,,,,,,,,2,2,,,58.2,,,1.0,,,,
5,bbb_permeability,classification,NB05_bbb_permeability,procaine,CCN(CC)CCOC(=O)c1ccc(N)cc1,,1,,,,,0.058594,0.4615,,,,,4,1,17,,,,1.7674,,,,68.9249,236.315,,,,,4.0,,,,,,,,1,6,,,55.56,,,1.0,,,,
5,bbb_permeability,classification,NB05_bbb_permeability,procyclidine,OC(CCN1CCCC1)(C2CCCCC2)c3ccccc3,,1,,,,,0.066406,0.6842,,,,,2,1,21,,,,3.9404,,,,87.2048,287.447,,,,,2.0,,,,,,,,3,5,,,23.47,,,1.0,,,,
5,bbb_permeability,classification,NB05_bbb_permeability,promazine,CN(C)CCCN1c2ccccc2Sc3ccccc13,,2,,,,,0.056641,0.2941,,,,,3,0,20,,,,4.241,,,,87.184,284.428,,,,,3.0,,,,,,,,3,4,,,6.48,,,1.0,,,,
5,bbb_permeability,classification,NB05_bbb_permeability,Pindolol,CC(C)NCC(O)COc1cccc2[nH]ccc12,,2,,,,,0.076172,0.4286,,,,,3,3,18,,,,1.9056,,,,72.9392,248.326,,,,,4.0,,,,,,,,2,6,,,57.28,,,1.0,,,,
5,bbb_permeability,classification,NB05_bbb_permeability,Plicamycin,CO[C@@H]([C@@H]1Cc2cc3cc(O[C@H]4C[C@@H](O[C@H]5C[C@@H](O)[C@H](O)[C@@H](C)O5)[C@H](O)[C@@H](C)O4)c(C)c(O)c3c(O)c2C(=O)[C@H]1O[C@H]6C[C@@H](O[C@H]7C[C@@H](O[C@H]8C[C@](C)(O)[C@H](O)[C@@H](C)O8)[C@H](O)[C@@H](C)O7)[C@H](O)[C@@H](C)O6)C(=O)[C@@H](O)[C@@H](C)O,,2,,,,,0.158203,0.7692,,,,,24,11,76,,,,-0.2493,,,,258.5753,1085.156,,,,,24.0,,,,,,,,8,15,,,358.2,,,1.0,,,,
5,bbb_permeability,classification,NB05_bbb_permeability,Pravastatin,CC[C@H](C)C(=O)O[C@H]1C[C@H](O)C=C2C=C[C@H](C)[C@H](CC[C@@H](O)C[C@@H](O)CC(O)=O)[C@@H]12,,0,,,,,0.111328,0.7391,,,,,6,4,30,,,,2.4404,,,,111.4432,424.534,,,,,7.0,,,,,,,,2,10,,,124.29,,,0.0,,,,
5,bbb_permeability,classification,NB05_bbb_permeability,Praziquantel,O=C1CN(CC2N1CCc3ccccc23)C(=O)C4CCCCC4,,1,,,,,0.082031,0.5789,,,,,2,0,23,,,,2.5349,,,,87.755,312.413,,,,,4.0,,,,,,,,4,1,,,40.62,,,1.0,,,,
5,bbb_permeability,classification,NB05_bbb_permeability,Trimethoprim,COc1cc(Cc2cnc(N)nc2N)cc(OC)c1OC,,2,,,,,0.064453,0.2857,,,,,7,2,21,,,,1.2576,,,,79.7608,290.323,,,,,7.0,,,,,,,,2,5,,,105.51,,,1.0,,,,
5,bbb_permeability,classification,NB05_bbb_permeability,Trimetrexate,COc1cc(NCc2ccc3nc(N)nc(N)c3c2C)cc(OC)c1OC,,3,,,,,0.082031,0.2632,,,,,8,3,27,,,,2.7405,,,,106.5245,369.425,,,,,8.0,,,,,,,,3,6,,,117.54,,,0.0,,,,
5,bbb_permeability,classification,NB05_bbb_permeability,Trometamol,NC(CO)(CO)CO,,0,,,,,0.019531,1.0,,,,,4,4,8,,,,-2.3392,,,,28.1758,121.136,,,,,4.0,,,,,,,,0,3,,,86.71,,,0.0,,,,
5,bbb_permeability,classification,NB05_bbb_permeability,Trovafloxacin,NC1[C@H]2CN(C[C@@H]12)c3nc4N(C=C(C(O)=O)C(=O)c4cc3F)c5ccc(F)cc5F,,3,,,,,0.099609,0.25,,,,,6,2,30,,,,1.8945,,,,101.3417,416.359,,,,,10.0,,,,,,,,5,3,,,101.45,,,1.0,,,,
5,bbb_permeability,classification,NB05_bbb_permeability,Urea,NC(N)=O,,0,,,,,0.011719,0.0,,,,,1,2,4,,,,-0.9762,,,,13.7708,60.056,,,,,3.0,,,,,,,,0,0,,,69.11,,,1.0,,,,
5,bbb_permeability,classification,NB05_bbb_permeability,coumarin,O=C1Oc2ccccc2C=C1,,2,,,,,0.037109,0.0,,,,,2,0,11,,,,1.793,,,,42.484,146.145,,,,,2.0,,,,,,,,2,0,,,30.21,,,0.0,,,,
5,bbb_permeability,classification,NB05_bbb_permeability,dapsone,Nc1ccc(cc1)[S](=O)(=O)c2ccc(N)cc2,,2,,,,,0.03125,0.0,,,,,4,2,17,,,,1.6838,,,,67.1606,248.307,,,,,5.0,,,,,,,,2,2,,,86.18,,,0.0,,,,
5,bbb_permeability,classification,NB05_bbb_permeability,Dehydrocholic acid,C[C@H](CCC(O)=O)[C@H]1CC[C@H]2[C@H]3[C@H](CC(=O)[C@]12C)[C@@]4(C)CCC(=O)C[C@H]4CC3=O,,0,,,,,0.097656,0.8333,,,,,4,1,29,,,,4.0733,,,,107.0378,402.531,,,,,5.0,,,,,,,,4,4,,,88.51,,,0.0,,,,
5,bbb_permeability,classification,NB05_bbb_permeability,dicumarol,OC1=C(CC2=C(O)Oc3ccccc3C2=O)C(=O)c4ccccc4O1,,4,,,,,0.050781,0.0526,,,,,6,2,25,,,,2.9014,,,,91.1036,336.299,,,,,6.0,,,,,,,,4,2,,,100.88,,,0.0,,,,
5,bbb_permeability,classification,NB05_bbb_permeability,dicyclomine,CCN(CC)CCOC(=O)C1(CCCCC1)C2CCCCC2,,0,,,,,0.064453,0.9474,,,,,3,0,22,,,,4.4022,,,,90.84,309.494,,,,,3.0,,,,,,,,2,7,,,29.54,,,0.0,,,,
5,bbb_permeability,classification,NB05_bbb_permeability,Diethylstilbestrol,CC\C(c1ccc(O)cc1)=C(\CC)c2ccc(O)cc2,,2,,,,,0.035156,0.2222,,,,,2,2,20,,,,4.8286,,,,83.6096,268.356,,,,,2.0,,,,,,,,2,4,,,40.46,,,0.0,,,,
5,bbb_permeability,classification,NB05_bbb_permeability,Digitoxin,C[C@H]1O[C@H](C[C@H](O)[C@@H]1O)O[C@H]2[C@@H](O)C[C@@H](O[C@@H]2C)O[C@H]3[C@@H](O)C[C@@H](O[C@@H]3C)O[C@H]4CC[C@@]5(C)[C@H](CC[C@@H]6[C@@H]5CC[C@]7(C)[C@@H](CC[C@]67O)C8=CC(=O)OC8)C4,,0,,,,,0.123047,0.9268,,,,,13,5,54,,,,3.2473,,,,191.221,764.95,,,,,13.0,,,,,,,,8,7,,,182.83,,,0.0,,,,
5,bbb_permeability,classification,NB05_bbb_permeability,Digoxin,C[C@H]1O[C@H](C[C@H](O)[C@@H]1O)O[C@H]2[C@@H](O)C[C@@H](O[C@@H]2C)O[C@H]3[C@@H](O)C[C@@H](O[C@@H]3C)O[C@H]4CC[C@@]5(C)[C@H](CC[C@@H]6[C@@H]5C[C@@H](O)[C@]7(C)[C@H](CC[C@]67O)C8=CC(=O)OC8)C4,,0,,,,,0.123047,0.9268,,,,,14,6,55,,,,2.2181,,,,192.6108,780.949,,,,,14.0,,,,,,,,8,7,,,203.06,,,0.0,,,,
5,bbb_permeability,classification,NB05_bbb_permeability,Domperidone,Clc1ccc2N(C3CCN(CCCN4C(=O)Nc5ccccc45)CC3)C(=O)Nc2c1,,4,,,,,0.097656,0.3636,,,,,5,2,30,,,,3.3532,,,,119.4554,425.92,,,,,8.0,,,,,,,,5,5,,,78.82,,,0.0,,,,
5,bbb_permeability,classification,NB05_bbb_permeability,promethazine-HCl,CC(CN1c2ccccc2Sc3ccccc13)N(C)C,,2,,,,,0.056641,0.2941,,,,,3,0,20,,,,4.2394,,,,87.162,284.428,,,,,3.0,,,,,,,,3,3,,,6.48,,,1.0,,,,
5,bbb_permeability,classification,NB05_bbb_permeability,propiomazine,CCC(=O)c1ccc2Sc3ccccc3N(CC(C)N(C)C)c2c1,,2,,,,,0.080078,0.35,,,,,4,0,24,,,,4.8321,,,,101.7835,340.492,,,,,4.0,,,,,,,,3,5,,,23.55,,,1.0,,,,
5,bbb_permeability,classification,NB05_bbb_permeability,propofol,CC(C)c1cccc(C(C)C)c1O,,1,,,,,0.033203,0.5,,,,,1,1,13,,,,3.639,,,,56.2848,178.275,,,,,1.0,,,,,,,,1,2,,,20.23,,,1.0,,,,
5,bbb_permeability,classification,NB05_bbb_permeability,protriptyline,CNCCCC1c2ccccc2C=Cc3ccccc13,,2,,,,,0.054688,0.2632,,,,,1,1,20,,,,4.3019,,,,86.8157,263.384,,,,,1.0,,,,,,,,3,4,,,12.03,,,1.0,,,,
5,bbb_permeability,classification,NB05_bbb_permeability,pyridazinone,O=C1C=CNN=C1,,1,,,,,0.035156,0.0,,,,,2,1,7,,,,-0.2301,,,,24.8577,96.089,,,,,3.0,,,,,,,,1,0,,,45.75,,,1.0,,,,
5,bbb_permeability,classification,NB05_bbb_permeability,quazepam,Fc1ccccc1C2=NCC(=S)N(CC(F)(F)F)c3ccc(Cl)cc23,,2,,,,,0.083984,0.1765,,,,,2,0,25,,,,5.0262,,,,94.357,386.801,,,,,8.0,,,,,,,,3,2,,,15.6,,,1.0,,,,
5,bbb_permeability,classification,NB05_bbb_permeability,rescinnamine,CO[C@H]1[C@@H](C[C@@H]2CN3CCc4c([nH]c5cc(OC)ccc45)[C@H]3C[C@@H]2[C@@H]1C(=O)OC)OC(=O)\C=C\c6cc(OC)c(OC)c(OC)c6,,3,,,,,0.140625,0.4857,,,,,10,1,46,,,,4.5707,,,,170.3977,634.726,,,,,11.0,,,,,,,,6,9,,,117.78,,,1.0,,,,
5,bbb_permeability,classification,NB05_bbb_permeability,reserpine,CO[C@H]1[C@@H](C[C@@H]2CN3CCc4c([nH]c5cc(OC)ccc45)[C@H]3C[C@@H]2[C@@H]1C(=O)OC)OC(=O)c6cc(OC)c(OC)c(OC)c6,,3,,,,,0.130859,0.5152,,,,,10,1,44,,,,4.1711,,,,160.6872,608.688,,,,,11.0,,,,,,,,6,8,,,117.78,,,1.0,,,,
5,bbb_permeability,classification,NB05_bbb_permeability,secobarbital,CCCC(C)C1(CC=C)C(=O)NC(=O)NC1=O,,0,,,,,0.054688,0.5833,,,,,3,2,17,,,,1.3511,,,,63.0004,238.287,,,,,5.0,,,,,,,,1,5,,,75.27,,,1.0,,,,
5,bbb_permeability,classification,NB05_bbb_permeability,spiclomazine,[H+].[Cl-].Clc1ccc2Sc3ccccc3N(CCCN4CCC5(CC4)NC(=O)CS5)c2c1,,2,,,,,0.103516,0.4091,,,,,5,1,30,,,,2.1044,,,,123.7577,482.502,,,,,8.0,,,,,,,,5,4,,,35.58,,,1.0,,,,
5,bbb_permeability,classification,NB05_bbb_permeability,Atovaquone,OC1=C(C2CCC(CC2)c3ccc(Cl)cc3)C(=O)C(=O)c4ccccc14,,2,,,,,0.066406,0.2727,,,,,3,1,26,,,,5.3485,,,,101.4793,366.844,,,,,4.0,,,,,,,,4,2,,,54.37,,,0.0,,,,
5,bbb_permeability,classification,NB05_bbb_permeability,Azelaicacid,OC(=O)CCCCCCCC(O)=O,,0,,,,,0.023438,0.7778,,,,,2,2,13,,,,1.8863,,,,47.5906,188.223,,,,,4.0,,,,,,,,0,8,,,74.6,,,0.0,,,,
5,bbb_permeability,classification,NB05_bbb_permeability,Azithromycin,CC[C@H]1OC(=O)[C@H](C)[C@@H](O[C@H]2C[C@@](C)(OC)[C@@H](O)[C@H](C)O2)C(C)[C@@H](O[C@@H]3O[C@H](C)C[C@@H]([C@H]3O)N(C)C)[C@](C)(O)C[C@@H](C)CN(C)[C@H](C)[C@@H](O)[C@]1(C)O,,0,,,,,0.144531,0.9737,,,,,14,5,52,,,,1.9007,,,,194.179,748.996,,,,,14.0,,,,,,,,3,7,,,180.08,,,0.0,,,,
5,bbb_permeability,classification,NB05_bbb_permeability,Bacitracin,CCC(C)C(N)C1=NC(CS1)C(=O)N[C@@H](CC(C)C)C(=O)N[C@H](CCC(O)=O)C(=O)N[C@@H]([C@@H](C)CC)C(=O)NCCCC[C@@H]2NC(=O)[C@H](CC(N)=O)NC(=O)[C@@H](CC(O)=O)NC(=O)[C@H](Cc3[nH]cnc3)NC(=O)[C@@H](Cc4ccccc4)NC(=O)[C@@H](NC(=O)[C@@H](CCCN)NC2=O)[C@@H](C)CC,,2,,,,,0.197266,0.6364,,,,,19,17,100,,,,-1.6776,,,,369.3042,1422.72,,,,,34.0,,,,,,,,4,35,,,530.87,,,0.0,,,,
5,bbb_permeability,classification,NB05_bbb_permeability,Bethanechol,[Cl-].CC(C[N+](C)(C)C)OC(N)=O,,0,,,,,0.044922,0.8571,,,,,2,1,12,,,,-2.8196,,,,43.0298,196.678,,,,,5.0,,,,,,,,0,3,,,52.32,,,0.0,,,,
5,bbb_permeability,classification,NB05_bbb_permeability,Bretyliumtosilate,CC[N+](C)(C)Cc1ccccc1Br.Cc2ccc(cc2)[S]([O-])(=O)=O,,2,,,,,0.068359,0.3333,,,,,3,0,24,,,,3.9445,,,,99.6376,414.365,,,,,6.0,,,,,,,,2,4,,,57.2,,,0.0,,,,
5,bbb_permeability,classification,NB05_bbb_permeability,Bromocriptine,CC(C)C[C@@H]1N2C(=O)[C@](NC(=O)[C@H]3CN(C)[C@@H]4Cc5c(Br)[nH]c6cccc(C4=C3)c56)(O[C@@]2(O)[C@@H]7CCCN7C1=O)C(C)C,,2,,,,,0.160156,0.5938,,,,,6,3,43,,,,3.1928,,,,164.1582,654.606,,,,,11.0,,,,,,,,7,5,,,118.21,,,0.0,,,,
5,bbb_permeability,classification,NB05_bbb_permeability,Buprenorphine,c12[C@]34[C@@]56[C@H]([N@@](CC7CC7)CC4)Cc2ccc(c1O[C@H]3[C@](OC)([C@H](C5)[C@](C(C)(C)C)(C)O)CC6)O,,1,,,,,0.119141,0.7931,,,,,5,2,34,,,,4.4138,,,,130.1996,467.65,,,,,5.0,,,,,,,,8,4,,,62.16,,,1.0,,,,
5,bbb_permeability,classification,NB05_bbb_permeability,dopamine,NCCc1ccc(O)c(O)c1,,1,,,,,0.041016,0.25,,,,,3,3,11,,,,0.599,,,,42.53,153.181,,,,,3.0,,,,,,,,1,2,,,66.48,,,0.0,,,,
5,bbb_permeability,classification,NB05_bbb_permeability,doxorubicin,COc1cccc2C(=O)c3c(O)c4C[C@](O)(C[C@H](O[C@H]5C[C@H](N)[C@H](O)[C@H](C)O5)c4c(O)c3C(=O)c12)C(=O)CO,,2,,,,,0.130859,0.4444,,,,,12,6,39,,,,0.0013,,,,131.7544,543.525,,,,,12.0,,,,,,,,5,5,,,206.07,,,0.0,,,,
5,bbb_permeability,classification,NB05_bbb_permeability,doxycycline,O.C[C@@H]1[C@H]2[C@H](O)[C@H]3[C@H](N(C)C)C(=O)C(=C(N)/O)/C(=O)[C@@]3(O)C(=O)C2=C(O)c4c(O)cccc14,,1,,,,,0.105469,0.4091,,,,,10,6,33,,,,-1.3289,,,,113.9592,462.455,,,,,11.0,,,,,,,,4,1,,,213.12,,,0.0,,,,
5,bbb_permeability,classification,NB05_bbb_permeability,Dyclonine,[Cl].CCCCOc1ccc(cc1)C(=O)CCN2CCCCC2,,1,,,,,0.072266,0.6111,,,,,3,0,22,,,,4.6137,,,,91.9365,324.872,,,,,4.0,,,,,,,,2,8,,,29.54,,,0.0,,,,
5,bbb_permeability,classification,NB05_bbb_permeability,Econazole,Clc1ccc(COC(Cn2ccnc2)c3ccc(Cl)cc3Cl)cc1,,3,,,,,0.082031,0.1667,,,,,3,0,24,,,,5.8014,,,,97.671,381.69,,,,,6.0,,,,,,,,3,6,,,27.05,,,0.0,,,,
5,bbb_permeability,classification,NB05_bbb_permeability,enkephalin,CC(C)[C@H](NC(=O)[C@H](Cc1ccccc1)NC(=O)CNC(=O)[C@@H](C)NC(=O)[C@@H](N)Cc2ccc(O)cc2)C(N)=O,,2,,,,,0.101562,0.3929,,,,,7,7,40,,,,-0.7635,,,,148.4404,554.648,,,,,12.0,,,,,,,,2,14,,,205.74,,,0.0,,,,
5,bbb_permeability,classification,NB05_bbb_permeability,Ephedrine,CN[C@@H](C)[C@H](O)c1ccccc1,,1,,,,,0.041016,0.4,,,,,2,2,12,,,,1.3279,,,,49.9235,165.236,,,,,2.0,,,,,,,,1,3,,,32.26,,,0.0,,,,
5,bbb_permeability,classification,NB05_bbb_permeability,epinephrine,CNC[C@H](O)c1ccc(O)c(O)c1,,1,,,,,0.050781,0.3333,,,,,4,4,13,,,,0.3506,,,,48.6581,183.207,,,,,4.0,,,,,,,,1,3,,,72.72,,,0.0,,,,
5,bbb_permeability,classification,NB05_bbb_permeability,erythromycin,CC[C@H]1OC(=O)[C@H](C)[C@@H](O[C@H]2C[C@@](C)(OC)[C@@H](O)[C@H](C)O2)[C@H](C)[C@@H](O[C@@H]3O[C@H](C)C[C@@H]([C@H]3O)N(C)C)[C@](C)(O)C[C@@H](C)C(=O)[C@H](C)[C@@H](O)[C@]1(C)O,,0,,,,,0.136719,0.9459,,,,,14,5,51,,,,1.7856,,,,186.258,733.937,,,,,14.0,,,,,,,,3,7,,,193.91,,,0.0,,,,
5,bbb_permeability,classification,NB05_bbb_permeability,estradiol,C[C@]12CC[C@H]3[C@@H](CCc4cc(O)ccc34)[C@@H]1CC[C@@H]2O,,1,,,,,0.072266,0.6667,,,,,2,2,20,,,,3.6092,,,,78.7306,272.388,,,,,2.0,,,,,,,,4,0,,,40.46,,,0.0,,,,
5,bbb_permeability,classification,NB05_bbb_permeability,tacrine,Nc1c2CCCCc2nc3ccccc13,,2,,,,,0.052734,0.3077,,,,,2,1,15,,,,2.6958,,,,62.7974,198.269,,,,,2.0,,,,,,,,3,0,,,38.91,,,1.0,,,,
5,bbb_permeability,classification,NB05_bbb_permeability,temazepam,CN1C(=O)C(O)N=C(c2ccccc2)c3cc(Cl)ccc13,,2,,,,,0.076172,0.125,,,,,3,1,21,,,,2.4722,,,,82.9498,300.745,,,,,5.0,,,,,,,,3,1,,,52.9,,,1.0,,,,
5,bbb_permeability,classification,NB05_bbb_permeability,tetrabenzine,COc1cc2CCN3CC(CC(C)C)C(=O)CC3c2cc1OC,,1,,,,,0.082031,0.6316,,,,,4,0,23,,,,3.2381,,,,90.133,317.429,,,,,4.0,,,,,,,,3,4,,,38.77,,,1.0,,,,
5,bbb_permeability,classification,NB05_bbb_permeability,thc,CCCCCc1cc(O)c2[C@@H]3C=C(C)CC[C@H]3C(C)(C)Oc2c1,,1,,,,,0.091797,0.619,,,,,2,1,23,,,,5.7358,,,,95.2648,314.469,,,,,2.0,,,,,,,,3,4,,,29.46,,,1.0,,,,
5,bbb_permeability,classification,NB05_bbb_permeability,thebaine,COC1=CC=C2[C@H]3Cc4ccc(OC)c5O[C@@H]1[C@]2(CCN3C)c45,,1,,,,,0.091797,0.4737,,,,,4,0,23,,,,2.4245,,,,87.002,311.381,,,,,4.0,,,,,,,,5,2,,,30.93,,,1.0,,,,
5,bbb_permeability,classification,NB05_bbb_permeability,thiethylperazine,CCSc1ccc2Sc3ccccc3N(CCCN4CCN(C)CC4)c2c1,,2,,,,,0.087891,0.4545,,,,,5,0,27,,,,5.0388,,,,118.965,399.629,,,,,5.0,,,,,,,,4,6,,,9.72,,,1.0,,,,
5,bbb_permeability,classification,NB05_bbb_permeability,thioridazine,CSc1ccc2Sc3ccccc3N(CCC4CCCCN4C)c2c1,,2,,,,,0.089844,0.4286,,,,,4,0,25,,,,5.8856,,,,110.68,370.587,,,,,4.0,,,,,,,,4,4,,,6.48,,,1.0,,,,
5,bbb_permeability,classification,NB05_bbb_permeability,thiothixene,CN1CCN(CC/C=C/2c3ccccc3Sc4ccc(cc24)[S](=O)(=O)N(C)C)CC1,,2,,,,,0.095703,0.3913,,,,,5,0,30,,,,3.4707,,,,123.5128,443.638,,,,,7.0,,,,,,,,4,5,,,43.86,,,1.0,,,,
5,bbb_permeability,classification,NB05_bbb_permeability,tranylcypromine,[Cl-].N[C@@H]1C[C@H]1c2ccccc2.[H+],,1,,,,,0.039062,0.3333,,,,,1,1,11,,,,-1.3823,,,,42.8874,169.655,,,,,2.0,,,,,,,,2,1,,,26.02,,,1.0,,,,
5,bbb_permeability,classification,NB05_bbb_permeability,trazodone,Clc1cccc(c1)N2CCN(CCCN3N=C4C=CC=CN4C3=O)CC2,,3,,,,,0.085938,0.3684,,,,,6,0,26,,,,2.3617,,,,104.174,371.872,,,,,7.0,,,,,,,,4,5,,,45.78,,,1.0,,,,
5,bbb_permeability,classification,NB05_bbb_permeability,Busulfan,C[S](=O)(=O)OCCCCO[S](C)(=O)=O,,0,,,,,0.029297,1.0,,,,,6,0,14,,,,-0.281,,,,50.8256,246.306,,,,,8.0,,,,,,,,0,7,,,86.74,,,1.0,,,,
5,bbb_permeability,classification,NB05_bbb_permeability,Cefradine,CC1=C(N2[C@H](SC1)[C@H](NC(=O)[C@H](N)C3=CCC=CC3)C2=O)C(O)=O,,0,,,,,0.09375,0.4375,,,,,5,3,24,,,,0.3486,,,,89.7909,349.412,,,,,8.0,,,,,,,,3,4,,,112.73,,,0.0,,,,
5,bbb_permeability,classification,NB05_bbb_permeability,Chloroquine,CCN(CC)CCCC(C)Nc1ccnc2cc(Cl)ccc12,,2,,,,,0.082031,0.5,,,,,3,1,22,,,,4.8106,,,,96.8597,319.88,,,,,4.0,,,,,,,,2,8,,,28.16,,,1.0,,,,
5,bbb_permeability,classification,NB05_bbb_permeability,Cisapride,O.COC1CN(CCCOc2ccc(F)cc2)CCC1NC(=O)c3cc(Cl)c(N)cc3OC,,2,,,,,0.123047,0.4348,,,,,6,2,33,,,,2.5334,,,,125.6504,483.968,,,,,10.0,,,,,,,,3,9,,,117.55,,,1.0,,,,
5,bbb_permeability,classification,NB05_bbb_permeability,Cladribine,Nc1nc(Cl)nc2n(cnc12)[C@H]3C[C@H](O)[C@@H](CO)O3,,2,,,,,0.080078,0.5,,,,,8,3,19,,,,-0.2974,,,,66.365,285.691,,,,,9.0,,,,,,,,3,2,,,119.31,,,1.0,,,,
5,bbb_permeability,classification,NB05_bbb_permeability,Clidiniumbromide,[Br-].C[N+]12CCC(CC1)C(C2)OC(=O)C(O)(c3ccccc3)c4ccccc4,,2,,,,,0.076172,0.4091,,,,,3,1,27,,,,-0.2915,,,,99.2722,432.358,,,,,5.0,,,,,,,,5,4,,,46.53,,,0.0,,,,
5,bbb_permeability,classification,NB05_bbb_permeability,estrone,C[C@]12CC[C@H]3[C@@H](CCc4cc(O)ccc34)[C@@H]1CCC2=O,,1,,,,,0.070312,0.6111,,,,,2,1,20,,,,3.8174,,,,77.7308,270.372,,,,,2.0,,,,,,,,4,0,,,37.3,,,0.0,,,,
5,bbb_permeability,classification,NB05_bbb_permeability,Ethacrynic acid,CCC(=C)C(=O)c1ccc(OCC(O)=O)c(Cl)c1Cl,,1,,,,,0.070312,0.2308,,,,,3,1,19,,,,3.6057,,,,73.3543,303.141,,,,,6.0,,,,,,,,1,6,,,63.6,,,0.0,,,,
5,bbb_permeability,classification,NB05_bbb_permeability,ethinylestradiol,C[C@]12CC[C@H]3[C@@H](CCc4cc(O)ccc34)[C@@H]1CC[C@@]2(O)C#C,,1,,,,,0.080078,0.6,,,,,2,2,22,,,,3.6126,,,,86.5066,296.41,,,,,2.0,,,,,,,,4,0,,,40.46,,,0.0,,,,
5,bbb_permeability,classification,NB05_bbb_permeability,fenoterol,CC(Cc1ccc(O)cc1)NCC(O)c2cc(O)cc(O)c2,,2,,,,,0.064453,0.2941,,,,,5,5,22,,,,2.0576,,,,84.0069,303.358,,,,,5.0,,,,,,,,2,6,,,92.95,,,0.0,,,,
5,bbb_permeability,classification,NB05_bbb_permeability,floxuridine,OC[C@H]1O[C@H](C[C@@H]1O)N2C=C(F)C(=O)NC2=O,,1,,,,,0.072266,0.5556,,,,,6,3,17,,,,-1.6836,,,,52.9003,246.194,,,,,8.0,,,,,,,,2,2,,,104.55,,,0.0,,,,
5,bbb_permeability,classification,NB05_bbb_permeability,Flucloxacillin,Cc1onc(c1C(=O)N[C@H]2[C@H]3SC(C)(C)[C@@H](N3C2=O)C(O)=O)c4c(F)cccc4Cl,,2,,,,,0.111328,0.3684,,,,,6,2,30,,,,2.6878,,,,106.626,453.879,,,,,11.0,,,,,,,,4,4,,,112.74,,,0.0,,,,
5,bbb_permeability,classification,NB05_bbb_permeability,fluorouracil,FC1=CNC(=O)NC1=O,,1,,,,,0.037109,0.0,,,,,2,2,9,,,,-0.7977,,,,27.6414,130.078,,,,,5.0,,,,,,,,1,0,,,65.72,,,0.0,,,,
5,bbb_permeability,classification,NB05_bbb_permeability,furosemide,N[S](=O)(=O)c1cc(C(O)=O)c(NCc2occc2)cc1Cl,,2,,,,,0.078125,0.0833,,,,,5,3,21,,,,1.8907,,,,75.8192,330.749,,,,,9.0,,,,,,,,2,5,,,122.63,,,0.0,,,,
5,bbb_permeability,classification,NB05_bbb_permeability,ganciclovir,NC1=NC(=O)c2ncn(COC(CO)CO)c2N1,,2,,,,,0.076172,0.4444,,,,,8,4,18,,,,-1.9709,,,,61.6057,255.234,,,,,9.0,,,,,,,,2,5,,,139.28,,,0.0,,,,
5,bbb_permeability,classification,NB05_bbb_permeability,glycopyrrolate,[Br-].C[N+]1(C)CCC(C1)OC(=O)C(O)(C2CCCC2)c3ccccc3,,1,,,,,0.080078,0.6316,,,,,3,1,24,,,,-0.5397,,,,88.6362,398.341,,,,,5.0,,,,,,,,3,4,,,46.53,,,0.0,,,,
5,bbb_permeability,classification,NB05_bbb_permeability,trifluperidol,OC1(CCN(CCCC(=O)c2ccc(F)cc2)CC1)c3cccc(c3)C(F)(F)F,,2,,,,,0.09375,0.4091,,,,,3,1,29,,,,4.791,,,,100.9793,409.423,,,,,7.0,,,,,,,,3,6,,,40.54,,,1.0,,,,
5,bbb_permeability,classification,NB05_bbb_permeability,triflupromazine,CN(C)CCCN1c2ccccc2Sc3ccc(cc13)C(F)(F)F,,2,,,,,0.080078,0.3333,,,,,3,0,24,,,,5.2598,,,,92.186,352.425,,,,,6.0,,,,,,,,3,4,,,6.48,,,1.0,,,,
5,bbb_permeability,classification,NB05_bbb_permeability,trifluroperazine,CN1CCN(CCCN2c3ccccc3Sc4ccc(cc24)C(F)(F)F)CC1,,2,,,,,0.085938,0.4286,,,,,4,0,28,,,,4.9456,,,,107.569,407.505,,,,,7.0,,,,,,,,4,4,,,9.72,,,1.0,,,,
5,bbb_permeability,classification,NB05_bbb_permeability,trihexyphenidyl,OC(CCN1CCCCC1)(C2CCCCC2)c3ccccc3,,1,,,,,0.066406,0.7,,,,,2,1,22,,,,4.3305,,,,91.8218,301.474,,,,,2.0,,,,,,,,3,5,,,23.47,,,1.0,,,,
5,bbb_permeability,classification,NB05_bbb_permeability,trimetozine,COc1cc(cc(OC)c1OC)C(=O)N2CCOCC2,,1,,,,,0.056641,0.5,,,,,5,0,20,,,,1.1848,,,,72.8205,281.308,,,,,6.0,,,,,,,,2,4,,,57.23,,,1.0,,,,
5,bbb_permeability,classification,NB05_bbb_permeability,trimipramine,CC(CN(C)C)CN1c2ccccc2CCc3ccccc13,,2,,,,,0.060547,0.4,,,,,2,0,22,,,,4.121,,,,95.016,294.442,,,,,2.0,,,,,,,,3,4,,,6.48,,,1.0,,,,
5,bbb_permeability,classification,NB05_bbb_permeability,tybamate,CCCCNC(=O)OCC(C)(CCC)COC(N)=O,,0,,,,,0.060547,0.8462,,,,,4,2,19,,,,2.4144,,,,72.8091,274.361,,,,,6.0,,,,,,,,0,9,,,90.65,,,1.0,,,,
5,bbb_permeability,classification,NB05_bbb_permeability,uridine,OCC1OC(C(O)C1O)N2C=CC(=O)NC2=O,,1,,,,,0.064453,0.5556,,,,,7,4,17,,,,-2.8519,,,,54.3321,244.203,,,,,8.0,,,,,,,,2,2,,,124.78,,,1.0,,,,
5,bbb_permeability,classification,NB05_bbb_permeability,valproicacid,CCCC(CCC)C(O)=O,,0,,,,,0.03125,0.875,,,,,1,1,10,,,,2.2874,,,,40.9418,144.214,,,,,2.0,,,,,,,,0,5,,,37.3,,,1.0,,,,
5,bbb_permeability,classification,NB05_bbb_permeability,zimelidine,CN(C)C/C=C(/c1ccc(Br)cc1)c2cccnc2,,2,,,,,0.068359,0.1875,,,,,2,0,19,,,,3.8374,,,,84.012,317.23,,,,,3.0,,,,,,,,2,4,,,16.13,,,1.0,,,,
5,bbb_permeability,classification,NB05_bbb_permeability,Clofazimine,CC(C)N=C1C=C2N(c3ccc(Cl)cc3)c4ccccc4N=C2C=C1Nc5ccc(Cl)cc5,,3,,,,,0.09375,0.1111,,,,,4,1,33,,,,7.4898,,,,138.1357,473.407,,,,,6.0,,,,,,,,5,4,,,42.21,,,0.0,,,,
5,bbb_permeability,classification,NB05_bbb_permeability,Colchicine,COC1=CC=C2C(=CC1=O)[C@H](CCc3cc(OC)c(OC)c(OC)c23)NC(C)=O,,2,,,,,0.089844,0.3636,,,,,6,1,29,,,,2.8716,,,,109.2347,399.443,,,,,7.0,,,,,,,,3,5,,,83.09,,,0.0,,,,
5,bbb_permeability,classification,NB05_bbb_permeability,Cromoglicicacid,OC(COc1ccc2OC(=CC(=O)c2c1)C(O)=O)COc3cccc4OC(=CC(=O)c34)C(O)=O,,4,,,,,0.091797,0.1304,,,,,9,3,34,,,,2.1145,,,,115.8834,468.37,,,,,11.0,,,,,,,,4,8,,,173.71,,,0.0,,,,
5,bbb_permeability,classification,NB05_bbb_permeability,Cycloserine,NC1CONC1=O,,0,,,,,0.037109,0.6667,,,,,3,2,7,,,,-1.6249,,,,22.0701,102.093,,,,,4.0,,,,,,,,1,0,,,64.35,,,1.0,,,,
5,bbb_permeability,classification,NB05_bbb_permeability,Hydroxycarbamide,NC(=O)NO,,0,,,,,0.019531,0.0,,,,,2,3,5,,,,-0.9561,,,,14.5056,76.055,,,,,4.0,,,,,,,,0,0,,,75.35,,,1.0,,,,
5,bbb_permeability,classification,NB05_bbb_permeability,Ipratropiumbromide,[Br-].CC(C)[N+]1(C)C2CCC1CC(C2)OC(=O)C(CO)c3ccccc3,,1,,,,,0.080078,0.65,,,,,3,1,25,,,,-0.1419,,,,93.5132,412.368,,,,,5.0,,,,,,,,3,5,,,46.53,,,0.0,,,,
5,bbb_permeability,classification,NB05_bbb_permeability,guanabenz,NC(N)=N\N=C\c1c(Cl)cccc1Cl,,1,,,,,0.044922,0.0,,,,,2,2,14,,,,1.6007,,,,59.8658,231.086,,,,,6.0,,,,,,,,1,2,,,76.76,,,0.0,,,,
5,bbb_permeability,classification,NB05_bbb_permeability,guanethidinesulfate,NC(N)=NCCN1CCCCCCC1,,0,,,,,0.042969,0.9,,,,,2,2,14,,,,0.5259,,,,60.2018,198.314,,,,,4.0,,,,,,,,1,3,,,67.64,,,0.0,,,,
5,bbb_permeability,classification,NB05_bbb_permeability,homatropine,CN1C2CCC1CC(C2)OC(=O)C(O)c3ccccc3,,1,,,,,0.068359,0.5625,,,,,4,1,20,,,,1.8884,,,,75.0888,275.348,,,,,4.0,,,,,,,,3,3,,,49.77,,,0.0,,,,
5,bbb_permeability,classification,NB05_bbb_permeability,hydralazine,NNc1nncc2ccccc12,,2,,,,,0.048828,0.0,,,,,4,2,12,,,,0.9154,,,,47.3481,160.18,,,,,4.0,,,,,,,,2,1,,,63.83,,,0.0,,,,
5,bbb_permeability,classification,NB05_bbb_permeability,Hydrochlorothiazide,N[S](=O)(=O)c1cc2c(NCN[S]2(=O)=O)cc1Cl,,1,,,,,0.064453,0.1429,,,,,5,3,17,,,,-0.3513,,,,61.6364,297.745,,,,,10.0,,,,,,,,2,1,,,118.36,,,0.0,,,,
5,bbb_permeability,classification,NB05_bbb_permeability,Hydrocortisone,C[C@]12CCC(=O)C=C1CC[C@H]3[C@@H]4CC[C@](O)(C(=O)CO)[C@@]4(C)C[C@H](O)[C@H]23,,0,,,,,0.091797,0.8095,,,,,5,3,26,,,,1.7816,,,,95.1424,362.466,,,,,5.0,,,,,,,,4,2,,,94.83,,,0.0,,,,
5,bbb_permeability,classification,NB05_bbb_permeability,hydroflumethiazide,N[S](=O)(=O)c1cc2c(NCN[S]2(=O)=O)cc1C(F)(F)F,,1,,,,,0.068359,0.25,,,,,5,3,20,,,,0.0141,,,,61.6284,331.297,,,,,12.0,,,,,,,,2,1,,,118.36,,,0.0,,,,
5,bbb_permeability,classification,NB05_bbb_permeability,ibuprofen,CC(C)Cc1ccc(cc1)C(C)C(O)=O,,1,,,,,0.048828,0.4615,,,,,1,1,15,,,,3.0732,,,,61.0348,206.285,,,,,2.0,,,,,,,,1,4,,,37.3,,,0.0,,,,
5,bbb_permeability,classification,NB05_bbb_permeability,indomethacin,COc1ccc2n(c(C)c(CC(O)=O)c2c1)C(=O)c3ccc(Cl)cc3,,3,,,,,0.087891,0.1579,,,,,4,1,25,,,,3.9273,,,,95.7473,357.793,,,,,6.0,,,,,,,,3,4,,,68.53,,,0.0,,,,
5,bbb_permeability,classification,NB05_bbb_permeability,35,c12c(c(ccc1)Cl)C(N(Cc1n2cnc1c1nc(on1)[C@](CO)(C)O)C)=O,,3,,,,,0.111328,0.2941,,,,,8,2,27,,,,1.3611,,,,94.3201,389.799,,,,,10.0,,,,,,,,4,3,,,117.51,,,0.0,,,,
5,bbb_permeability,classification,NB05_bbb_permeability,1-47,NCCc1cn2c(n1)cccc2,,2,,,,,0.054688,0.2222,,,,,3,1,12,,,,0.8355,,,,47.9504,161.208,,,,,3.0,,,,,,,,2,2,,,43.32,,,0.0,,,,
5,bbb_permeability,classification,NB05_bbb_permeability,1-48,CCCN(CCC)CCc1ccc(c2c1CC(N2)=C)O,,1,,,,,0.072266,0.5294,,,,,3,2,20,,,,3.5384,,,,85.2995,274.408,,,,,3.0,,,,,,,,2,7,,,35.5,,,1.0,,,,
5,bbb_permeability,classification,NB05_bbb_permeability,9-OH-risperidone,c1(c2c(cc(F)cc2)on1)C1CCN(CCc2c(n3c([C@@H](CCC3)O)nc2C)=O)CC1,,3,,,,,0.121094,0.5217,,,,,7,1,31,,,,3.0813,,,,113.5138,426.492,,,,,8.0,,,,,,,,5,4,,,84.39,,,1.0,,,,
5,bbb_permeability,classification,NB05_bbb_permeability,Alprazolam,Cc1nnc2CN=C(c3ccccc3)c4cc(Cl)ccc4n12,,3,,,,,0.078125,0.1176,,,,,4,0,22,,,,3.5801,,,,86.891,308.772,,,,,5.0,,,,,,,,4,1,,,43.07,,,1.0,,,,
5,bbb_permeability,classification,NB05_bbb_permeability,BCNU,ClCCNC(=O)N(CCCl)N=O,,0,,,,,0.048828,0.8,,,,,3,1,12,,,,1.157,,,,47.3397,214.052,,,,,7.0,,,,,,,,0,5,,,61.77,,,1.0,,,,
5,bbb_permeability,classification,NB05_bbb_permeability,Itraconazole,CCC(C)N1N=CN(C1=O)c2ccc(cc2)N3CCN(CC3)c4ccc(OC[C@H]5CO[C@@](Cn6cncn6)(O5)c7ccc(Cl)cc7Cl)cc4,,5,,,,,0.146484,0.3714,,,,,12,0,49,,,,5.5773,,,,188.176,705.647,,,,,14.0,,,,,,,,7,11,,,104.7,,,0.0,,,,
5,bbb_permeability,classification,NB05_bbb_permeability,Kanamycin,NCC1OC(OC2C(N)CC(N)C(OC3OC(CO)C(O)C(N)C3O)C2O)C(O)C(O)C1O,,0,,,,,0.072266,1.0,,,,,15,11,33,,,,-7.2914,,,,107.7922,484.503,,,,,15.0,,,,,,,,3,6,,,282.61,,,0.0,,,,
5,bbb_permeability,classification,NB05_bbb_permeability,Ketoprofen,CC(C(O)=O)c1cccc(c1)C(=O)c2ccccc2,,2,,,,,0.054688,0.125,,,,,2,1,19,,,,3.1057,,,,72.3673,254.285,,,,,3.0,,,,,,,,2,4,,,54.37,,,1.0,,,,
5,bbb_permeability,classification,NB05_bbb_permeability,Ketorolac,OC(=O)C1CCn2c1ccc2C(=O)c3ccccc3,,2,,,,,0.0625,0.2,,,,,3,1,19,,,,2.291,,,,69.3003,255.273,,,,,4.0,,,,,,,,3,3,,,59.3,,,0.0,,,,
5,bbb_permeability,classification,NB05_bbb_permeability,Metaraminol,C[C@H](N)[C@H](O)c1cccc(O)c1,,1,,,,,0.048828,0.3333,,,,,3,3,12,,,,0.7728,,,,46.716,167.208,,,,,3.0,,,,,,,,1,2,,,66.48,,,0.0,,,,
5,bbb_permeability,classification,NB05_bbb_permeability,isoniazid,NNC(=O)c1ccncc1,,1,,,,,0.041016,0.0,,,,,3,2,10,,,,-0.3149,,,,35.8906,137.142,,,,,4.0,,,,,,,,1,1,,,68.01,,,0.0,,,,
5,bbb_permeability,classification,NB05_bbb_permeability,Isoproterenol,CC(C)NCC(O)c1ccc(O)c(O)c1,,1,,,,,0.054688,0.4545,,,,,4,4,15,,,,1.1292,,,,57.8701,211.261,,,,,4.0,,,,,,,,1,4,,,72.72,,,0.0,,,,
5,bbb_permeability,classification,NB05_bbb_permeability,Isoquercitrin,OC[C@H]1O[C@@H](OC2=C(Oc3cc(O)cc(O)c3C2=O)c4ccc(O)c(O)c4)[C@H](O)[C@@H](O)[C@@H]1O,,3,,,,,0.095703,0.2857,,,,,12,8,33,,,,-0.5389,,,,108.9744,464.379,,,,,12.0,,,,,,,,4,4,,,210.51,,,0.0,,,,
5,bbb_permeability,classification,NB05_bbb_permeability,Ketoconazole,CC(=O)N1CCN(CC1)c2ccc(OC[C@H]3CO[C@@](Cn4ccnc4)(O3)c5ccc(Cl)cc5Cl)cc2,,3,,,,,0.126953,0.3846,,,,,7,0,36,,,,4.2058,,,,137.596,531.44,,,,,10.0,,,,,,,,5,7,,,69.06,,,0.0,,,,
5,bbb_permeability,classification,NB05_bbb_permeability,labetalol,CC(CCc1ccccc1)NCC(O)c2ccc(O)c(c2)C(N)=O,,2,,,,,0.085938,0.3158,,,,,4,4,24,,,,2.1354,,,,93.8122,328.412,,,,,5.0,,,,,,,,2,8,,,95.58,,,0.0,,,,
5,bbb_permeability,classification,NB05_bbb_permeability,levodopa,N[C@@H](Cc1ccc(O)c(O)c1)C(O)=O,,1,,,,,0.052734,0.2222,,,,,4,4,14,,,,0.0522,,,,49.0868,197.19,,,,,5.0,,,,,,,,1,3,,,103.78,,,0.0,,,,
5,bbb_permeability,classification,NB05_bbb_permeability,mannitol,OCC(O)C(O)C(O)C(O)CO,,0,,,,,0.021484,1.0,,,,,6,6,12,,,,-3.5854,,,,38.1988,182.172,,,,,6.0,,,,,,,,0,5,,,121.38,,,0.0,,,,
5,bbb_permeability,classification,NB05_bbb_permeability,Meclocycline,CN(C)C1C2C(O)C3C(=C)c4c(Cl)ccc(O)c4C(=C3C(=O)C2(O)C(=O)\C(=C(N)/O)C1=O)O,,1,,,,,0.107422,0.3182,,,,,10,6,33,,,,0.0589,,,,115.9744,476.869,,,,,11.0,,,,,,,,4,1,,,181.62,,,0.0,,,,
5,bbb_permeability,classification,NB05_bbb_permeability,Meclofenamate,Cc1ccc(Cl)c(Nc2ccccc2C(O)=O)c1Cl,,2,,,,,0.064453,0.0714,,,,,2,2,19,,,,4.7436,,,,77.883,296.153,,,,,5.0,,,,,,,,2,3,,,49.33,,,0.0,,,,
5,bbb_permeability,classification,NB05_bbb_permeability,Mefenamic_acid,Cc1cccc(Nc2ccccc2C(O)=O)c1C,,2,,,,,0.056641,0.1333,,,,,2,2,18,,,,3.7452,,,,72.6,241.29,,,,,3.0,,,,,,,,2,3,,,49.33,,,0.0,,,,
5,bbb_permeability,classification,NB05_bbb_permeability,Cimetidine,CN=C(NCCSCc1nc[nH]c1C)NC#N,,1,,,,,0.082031,0.5,,,,,4,3,17,,,,0.5974,,,,69.5971,252.347,,,,,7.0,,,,,,,,1,5,,,88.89,,,0.0,,,,
5,bbb_permeability,classification,NB05_bbb_permeability,Clonidine,Clc1cccc(Cl)c1NC2=NCCN2,,1,,,,,0.054688,0.2222,,,,,3,2,14,,,,2.3645,,,,60.3894,230.098,,,,,5.0,,,,,,,,2,1,,,36.42,,,1.0,,,,
5,bbb_permeability,classification,NB05_bbb_permeability,Didanosine,OC[C@@H]1CC[C@@H](O1)n2cnc3C(=O)N=CNc23,,2,,,,,0.080078,0.5,,,,,6,2,17,,,,-0.2105,,,,58.3785,236.231,,,,,7.0,,,,,,,,3,2,,,93.03,,,0.0,,,,
5,bbb_permeability,classification,NB05_bbb_permeability,Metoprolol,COCCc1ccc(OCC(O)CNC(C)C)cc1,,1,,,,,0.070312,0.6,,,,,4,2,19,,,,1.6132,,,,76.6625,267.369,,,,,4.0,,,,,,,,1,9,,,50.72,,,1.0,,,,
5,bbb_permeability,classification,NB05_bbb_permeability,Metronidazole,Cc1ncc(n1CCO)[N+]([O-])=O,,1,,,,,0.058594,0.5,,,,,5,1,12,,,,0.092,,,,40.7042,171.156,,,,,6.0,,,,,,,,1,3,,,81.19,,,1.0,,,,
5,bbb_permeability,classification,NB05_bbb_permeability,Mifepristone,CC#C[C@]1(O)CC[C@H]2[C@@H]3CCC4=CC(=O)CCC4=C3[C@H](C[C@]12C)c5ccc(cc5)N(C)C,,1,,,,,0.111328,0.5517,,,,,3,1,32,,,,5.4065,,,,129.4318,429.604,,,,,3.0,,,,,,,,5,2,,,40.54,,,0.0,,,,
5,bbb_permeability,classification,NB05_bbb_permeability,Minocycline,C1[C@@H]2[C@](C(=C3C(c4c(ccc(c4C[C@@H]13)N(C)C)O)=O)O)(C(C(C(N)=O)=C([C@H]2N(C)C)O)=O)O,,1,,,,,0.107422,0.4348,,,,,9,5,33,,,,0.1866,,,,118.0011,457.483,,,,,10.0,,,,,,,,4,3,,,164.63,,,1.0,,,,
5,bbb_permeability,classification,NB05_bbb_permeability,Moclobemide,Clc1ccc(cc1)C(=O)NCCN2CCOCC2,,1,,,,,0.066406,0.4615,,,,,3,1,18,,,,1.402,,,,71.0442,268.744,,,,,5.0,,,,,,,,2,4,,,41.57,,,1.0,,,,
5,bbb_permeability,classification,NB05_bbb_permeability,Propanthelinebromide,[Br-].CC(C)[N+](C)(CCOC(=O)C1c2ccccc2Oc3ccccc13)C(C)C,,2,,,,,0.078125,0.4348,,,,,3,0,28,,,,1.7348,,,,107.0834,448.401,,,,,5.0,,,,,,,,3,6,,,35.53,,,0.0,,,,
5,bbb_permeability,classification,NB05_bbb_permeability,Pyrazinamide,NC(=O)c1cnccn1,,1,,,,,0.041016,0.0,,,,,3,1,9,,,,-0.4245,,,,30.5499,123.115,,,,,4.0,,,,,,,,1,1,,,68.87,,,1.0,,,,
5,bbb_permeability,classification,NB05_bbb_permeability,Pyridostigminebromide,[Br-].CN(C)C(=O)Oc1ccc[n+](C)c1,,1,,,,,0.058594,0.3333,,,,,2,0,14,,,,-2.4245,,,,47.329,261.119,,,,,5.0,,,,,,,,1,1,,,33.42,,,1.0,,,,
5,bbb_permeability,classification,NB05_bbb_permeability,Pyrimethamine,CCc1nc(N)nc(N)c1c2ccc(Cl)cc2,,2,,,,,0.054688,0.1667,,,,,4,2,17,,,,2.5238,,,,70.6808,248.717,,,,,5.0,,,,,,,,2,2,,,77.82,,,1.0,,,,
5,bbb_permeability,classification,NB05_bbb_permeability,Quinine,COc1ccc2nccc([C@@H](O)[C@@H]3C[C@H]4CCN3C[C@@H]4C=C)c2c1,,2,,,,,0.097656,0.45,,,,,4,1,24,,,,3.1732,,,,95.0268,324.424,,,,,4.0,,,,,,,,5,4,,,45.59,,,0.0,,,,
5,bbb_permeability,classification,NB05_bbb_permeability,melphalan,NC(Cc1ccc(cc1)N(CCCl)CCCl)C(O)=O,,1,,,,,0.060547,0.4615,,,,,3,2,19,,,,1.925,,,,79.4102,305.205,,,,,6.0,,,,,,,,1,8,,,66.56,,,0.0,,,,
5,bbb_permeability,classification,NB05_bbb_permeability,mepenzolatebromide,[Br-].C[N+]1(C)CCCC(C1)OC(=O)C(O)(c2ccccc2)c3ccccc3,,2,,,,,0.074219,0.381,,,,,3,1,26,,,,-0.2915,,,,96.8392,420.347,,,,,5.0,,,,,,,,3,4,,,46.53,,,0.0,,,,
5,bbb_permeability,classification,NB05_bbb_permeability,mepiramine,COc1ccc(CN(CCN(C)C)c2ccccn2)cc1,,2,,,,,0.070312,0.3529,,,,,4,0,21,,,,2.6584,,,,86.835,285.391,,,,,4.0,,,,,,,,2,7,,,28.6,,,0.0,,,,
5,bbb_permeability,classification,NB05_bbb_permeability,mequitazine,C1CN2CCC1C(C2)CN3c4ccccc4Sc5ccccc35,,2,,,,,0.066406,0.4,,,,,3,0,23,,,,4.6311,,,,96.667,322.477,,,,,3.0,,,,,,,,6,2,,,6.48,,,0.0,,,,
5,bbb_permeability,classification,NB05_bbb_permeability,mestranol,COc1ccc2[C@H]3CC[C@@]4(C)[C@@H](CC[C@@]4(O)C#C)[C@@H]3CCc2c1,,1,,,,,0.089844,0.619,,,,,2,1,23,,,,3.9156,,,,91.3938,310.437,,,,,2.0,,,,,,,,4,1,,,29.46,,,0.0,,,,
5,bbb_permeability,classification,NB05_bbb_permeability,methantheline,CC[N+](C)(CC)CCOC(=O)C1c2ccccc2Oc3ccccc13,,2,,,,,0.072266,0.381,,,,,3,0,25,,,,3.9538,,,,97.8934,340.443,,,,,4.0,,,,,,,,3,6,,,35.53,,,0.0,,,,
5,bbb_permeability,classification,NB05_bbb_permeability,methotrexate,CN(Cc1cnc2nc(N)nc(N)c2n1)c3ccc(cc3)C(=O)N[C@@H](CCC(O)=O)C(O)=O,,3,,,,,0.111328,0.25,,,,,10,5,33,,,,0.2684,,,,118.2616,454.447,,,,,13.0,,,,,,,,3,9,,,210.54,,,0.0,,,,
5,bbb_permeability,classification,NB05_bbb_permeability,Methyclothiazide,CN1C(CCl)Nc2cc(Cl)c(cc2[S]1(=O)=O)[S](N)(=O)=O,,1,,,,,0.078125,0.3333,,,,,5,2,20,,,,0.5983,,,,75.9047,360.244,,,,,11.0,,,,,,,,2,2,,,109.57,,,0.0,,,,
5,bbb_permeability,classification,NB05_bbb_permeability,methyldopa,C[C@](N)(Cc1ccc(O)c(O)c1)C(O)=O,,1,,,,,0.056641,0.3,,,,,4,4,15,,,,0.4423,,,,53.7038,211.217,,,,,5.0,,,,,,,,1,3,,,103.78,,,0.0,,,,
5,bbb_permeability,classification,NB05_bbb_permeability,Icotidine,[Cl-].[Cl-].[Cl-].COc1cccnc1CCCCNC2=NC=C(Cc3ccc(C)nc3)C(=O)N2.[H+].[H+].[H+],,3,,,,,0.107422,0.3333,,,,,6,2,31,,,,-5.748,,,,112.1904,488.847,,,,,10.0,,,,,,,,3,9,,,92.79,,,0.0,,,,
5,bbb_permeability,classification,NB05_bbb_permeability,L-663581,CC(C)c1onc(n1)c2ncn3c2CN(C)C(=O)c4c(Cl)cccc34,,3,,,,,0.099609,0.2941,,,,,6,0,25,,,,3.2847,,,,91.7525,357.801,,,,,8.0,,,,,,,,4,2,,,77.05,,,1.0,,,,
5,bbb_permeability,classification,NB05_bbb_permeability,Lupitidine,Cc1ccc(CC2=CN=C(NCCSCc3oc(cc3)C(C)(C)N)NC2=O)cn1,,3,,,,,0.111328,0.381,,,,,7,3,29,,,,3.1962,,,,117.2108,413.547,,,,,8.0,,,,,,,,3,9,,,109.83,,,0.0,,,,
5,bbb_permeability,classification,NB05_bbb_permeability,Mianserin,CN1CCN2C(C1)c3ccccc3Cc4ccccc24,,2,,,,,0.0625,0.3333,,,,,2,0,20,,,,3.0839,,,,83.274,264.372,,,,,2.0,,,,,,,,4,0,,,6.48,,,1.0,,,,
5,bbb_permeability,classification,NB05_bbb_permeability,Midazolam,Cc1ncc2CN=C(c3ccccc3F)c4cc(Cl)ccc4n12,,3,,,,,0.083984,0.1111,,,,,3,0,23,,,,4.3242,,,,89.054,325.774,,,,,5.0,,,,,,,,4,1,,,30.18,,,1.0,,,,
5,bbb_permeability,classification,NB05_bbb_permeability,Ritonavir,CC(C)[C@H](NC(=O)N(C)Cc1csc(n1)C(C)C)C(=O)N[C@H](C[C@H](O)[C@H](Cc2ccccc2)NC(=O)OCc3scnc3)Cc4ccccc4,,4,,,,,0.142578,0.4324,,,,,9,4,50,,,,5.9052,,,,196.8969,720.962,,,,,13.0,,,,,,,,4,17,,,145.78,,,0.0,,,,
5,bbb_permeability,classification,NB05_bbb_permeability,Saquinavir,CC(C)(C)NC(=O)[C@@H]1C[C@@H]2CCCC[C@@H]2CN1C[C@@H](O)[C@H](Cc3ccccc3)NC(=O)[C@H](CC(N)=O)NC(=O)c4ccc5ccccc5n4,,3,,,,,0.140625,0.5,,,,,7,5,49,,,,3.0924,,,,188.2138,670.855,,,,,11.0,,,,,,,,5,12,,,166.75,,,0.0,,,,
5,bbb_permeability,classification,NB05_bbb_permeability,Sevoflurane,FCOC(C(F)(F)F)C(F)(F)F,,0,,,,,0.029297,1.0,,,,,1,0,12,,,,2.4232,,,,22.958,200.053,,,,,8.0,,,,,,,,0,2,,,9.23,,,1.0,,,,
5,bbb_permeability,classification,NB05_bbb_permeability,Sodiumamidotrizoate,[Na+].CC(=O)Nc1c(I)c(NC(C)=O)c(I)c(C([O-])=O)c1I,,1,,,,,0.044922,0.1818,,,,,4,2,21,,,,-1.2153,,,,97.5309,635.897,,,,,10.0,,,,,,,,1,3,,,98.33,,,0.0,,,,
5,bbb_permeability,classification,NB05_bbb_permeability,Sotalol,CC(C)NCC(O)c1ccc(N[S](C)(=O)=O)cc1,,1,,,,,0.0625,0.5,,,,,4,3,18,,,,1.0895,,,,73.007,272.37,,,,,6.0,,,,,,,,1,6,,,78.43,,,1.0,,,,
5,bbb_permeability,classification,NB05_bbb_permeability,Stavudine,CC1=CN([C@@H]2O[C@H](CO)C=C2)C(=O)NC1=O,,1,,,,,0.068359,0.4,,,,,5,2,16,,,,-0.7091,,,,56.1955,224.216,,,,,6.0,,,,,,,,2,2,,,84.32,,,1.0,,,,
5,bbb_permeability,classification,NB05_bbb_permeability,Streptomycin,CN[C@H]1[C@H](O)[C@@H](O)[C@H](CO)O[C@H]1O[C@H]2[C@@H](O[C@@H](C)[C@]2(O)C=O)O[C@H]3[C@H](O)[C@@H](O)[C@H](N=C(N)N)[C@@H](O)[C@@H]3N=C(N)N,,0,,,,,0.107422,0.8571,,,,,15,12,40,,,,-8.1611,,,,132.9189,581.58,,,,,19.0,,,,,,,,3,9,,,336.43,,,0.0,,,,
5,bbb_permeability,classification,NB05_bbb_permeability,Sulfadiazine,Nc1ccc(cc1)[S](=O)(=O)Nc2ncccn2,,2,,,,,0.052734,0.0,,,,,5,2,17,,,,0.8596,,,,63.6949,250.283,,,,,7.0,,,,,,,,2,3,,,97.97,,,1.0,,,,
5,bbb_permeability,classification,NB05_bbb_permeability,Sulfafurazole,Cc1noc(N[S](=O)(=O)c2ccc(N)cc2)c1C,,2,,,,,0.0625,0.1818,,,,,5,2,18,,,,1.6744,,,,67.6399,267.31,,,,,7.0,,,,,,,,2,3,,,98.22,,,1.0,,,,
5,bbb_permeability,classification,NB05_bbb_permeability,Methylprednisolone,C[C@H]1C[C@H]2[C@@H]3CC[C@](O)(C(=O)CO)[C@@]3(C)C[C@H](O)[C@@H]2[C@@]4(C)C=CC(=O)C=C14,,0,,,,,0.095703,0.7273,,,,,5,3,27,,,,1.8036,,,,99.5954,374.477,,,,,5.0,,,,,,,,4,2,,,94.83,,,0.0,,,,
5,bbb_permeability,classification,NB05_bbb_permeability,Miconazole,Clc1ccc(COC(Cn2ccnc2)c3ccc(Cl)cc3Cl)c(Cl)c1,,3,,,,,0.082031,0.1667,,,,,3,0,25,,,,6.4548,,,,102.681,416.135,,,,,7.0,,,,,,,,3,6,,,27.05,,,0.0,,,,
5,bbb_permeability,classification,NB05_bbb_permeability,nandrolone,C[C@]12CC[C@H]3[C@@H](CCC4=CC(=O)CC[C@H]34)[C@@H]1CC[C@@H]2O,,0,,,,,0.074219,0.8333,,,,,2,1,20,,,,3.4891,,,,78.0998,274.404,,,,,2.0,,,,,,,,4,0,,,37.3,,,0.0,,,,
5,bbb_permeability,classification,NB05_bbb_permeability,neodicoumarol,CCOC(=O)C(C1=C(O)Oc2ccccc2C1=O)C3=C(O)Oc4ccccc4C3=O,,4,,,,,0.068359,0.1364,,,,,8,2,30,,,,3.0056,,,,106.7736,408.362,,,,,8.0,,,,,,,,4,4,,,127.18,,,0.0,,,,
5,bbb_permeability,classification,NB05_bbb_permeability,Nicotinyl alcohol,OCc1cccnc1,,1,,,,,0.039062,0.1667,,,,,2,1,8,,,,0.5739,,,,30.1598,109.128,,,,,2.0,,,,,,,,1,1,,,33.12,,,0.0,,,,
5,bbb_permeability,classification,NB05_bbb_permeability,norethindrone,C[C@]12CC[C@H]3[C@@H](CCC4=CC(=O)CC[C@H]34)[C@@H]1CC[C@@]2(O)C#C,,0,,,,,0.082031,0.75,,,,,2,1,22,,,,3.4925,,,,85.8758,298.426,,,,,2.0,,,,,,,,4,0,,,37.3,,,0.0,,,,
5,bbb_permeability,classification,NB05_bbb_permeability,norfenefrine,NCC(O)c1cccc(O)c1,,1,,,,,0.046875,0.25,,,,,3,3,11,,,,0.3843,,,,42.121,153.181,,,,,3.0,,,,,,,,1,2,,,66.48,,,0.0,,,,
5,bbb_permeability,classification,NB05_bbb_permeability,nylidrin,CC(CCc1ccccc1)NC(C)C(O)c2ccc(O)cc2,,2,,,,,0.066406,0.3684,,,,,3,3,22,,,,3.425,,,,89.8893,299.414,,,,,3.0,,,,,,,,2,7,,,52.49,,,0.0,,,,
5,bbb_permeability,classification,NB05_bbb_permeability,Oxandrolone,C[C@]1(O)CC[C@H]2[C@@H]3CC[C@H]4CC(=O)OC[C@]4(C)[C@H]3CC[C@]12C,,0,,,,,0.072266,0.9474,,,,,3,1,22,,,,3.5431,,,,84.0758,306.446,,,,,3.0,,,,,,,,4,0,,,46.53,,,0.0,,,,
5,bbb_permeability,classification,NB05_bbb_permeability,Oxaprozin,OC(=O)CCc1oc(c2ccccc2)c(n1)c3ccccc3,,3,,,,,0.0625,0.1111,,,,,3,1,22,,,,4.0258,,,,83.3318,293.322,,,,,4.0,,,,,,,,3,5,,,63.33,,,0.0,,,,
5,bbb_permeability,classification,NB05_bbb_permeability,Mirtazapine,CN1CCN2C(C1)c3ccccc3Cc4cccnc24,,2,,,,,0.072266,0.3529,,,,,3,0,20,,,,2.4789,,,,81.069,265.36,,,,,3.0,,,,,,,,4,0,,,19.37,,,1.0,,,,
5,bbb_permeability,classification,NB05_bbb_permeability,Nevirapine,Cc1ccnc2N(C3CC3)c4ncccc4C(=O)Nc12,,2,,,,,0.078125,0.2667,,,,,4,1,20,,,,2.6512,,,,76.3252,266.304,,,,,5.0,,,,,,,,4,1,,,58.12,,,1.0,,,,
5,bbb_permeability,classification,NB05_bbb_permeability,Org12962,C1NCCN(C1)c1ccc(c(n1)Cl)C(F)(F)F,,1,,,,,0.0625,0.5,,,,,3,1,17,,,,2.1634,,,,59.3317,265.666,,,,,7.0,,,,,,,,2,1,,,28.16,,,1.0,,,,
5,bbb_permeability,classification,NB05_bbb_permeability,Org30526,c1c2c(cc(c1)Cl)[C@@H]1[C@H](c3ccccc3O2)CNC1,,2,,,,,0.060547,0.25,,,,,2,1,19,,,,3.9163,,,,76.3197,271.747,,,,,3.0,,,,,,,,4,0,,,21.26,,,1.0,,,,
5,bbb_permeability,classification,NB05_bbb_permeability,Org32104,c1c2c(ccc1)[C@@]1([C@@H](c3cccc(c3O2)C)CNCC1)O,,2,,,,,0.082031,0.3333,,,,,3,2,21,,,,3.0654,,,,81.8195,281.355,,,,,3.0,,,,,,,,4,0,,,41.49,,,1.0,,,,
5,bbb_permeability,classification,NB05_bbb_permeability,Org34167,c1ccc(c(c1)[C@H](CC=C)N)c1c2c(on1)cccc2,,3,,,,,0.072266,0.1176,,,,,3,1,20,,,,4.0707,,,,81.1874,264.328,,,,,3.0,,,,,,,,3,4,,,52.05,,,1.0,,,,
5,bbb_permeability,classification,NB05_bbb_permeability,Org4428,c1c2c(ccc1)[C@@]1([C@@H](c3cccc(c3O2)C)C[N@](CC1)C)O,,2,,,,,0.082031,0.3684,,,,,3,1,22,,,,3.4076,,,,86.4468,295.382,,,,,3.0,,,,,,,,4,0,,,32.7,,,1.0,,,,
5,bbb_permeability,classification,NB05_bbb_permeability,Org5222,c1c2c(cc(c1)Cl)[C@@H]1[C@H](c3ccccc3O2)CN(C1)C,,2,,,,,0.064453,0.2941,,,,,2,0,20,,,,4.2585,,,,80.947,285.774,,,,,3.0,,,,,,,,4,0,,,12.47,,,1.0,,,,
5,bbb_permeability,classification,NB05_bbb_permeability,Ranitidine,CNC(/NCCSCc1oc(CN(C)C)cc1)=C\[N+]([O-])=O,,1,,,,,0.085938,0.5385,,,,,7,2,21,,,,1.459,,,,84.4008,314.411,,,,,8.0,,,,,,,,1,10,,,83.58,,,0.0,,,,
5,bbb_permeability,classification,NB05_bbb_permeability,Sulfamethoxazole,Cc1onc(N[S](=O)(=O)c2ccc(N)cc2)c1,,2,,,,,0.060547,0.1,,,,,5,2,17,,,,1.366,,,,62.9029,253.283,,,,,7.0,,,,,,,,2,3,,,98.22,,,1.0,,,,
5,bbb_permeability,classification,NB05_bbb_permeability,Tamoxifen,CC/C(c1ccccc1)=C(c2ccccc2)/c3ccc(OCCN(C)C)cc3,,3,,,,,0.068359,0.2308,,,,,2,0,28,,,,5.9961,,,,119.582,371.524,,,,,2.0,,,,,,,,3,8,,,12.47,,,1.0,,,,
5,bbb_permeability,classification,NB05_bbb_permeability,Ticarcillin,[Na+].[Na+].CC1(C)S[C@@H]2[C@H](NC(=O)[C@H](C([O-])=O)c3cscc3)C(=O)N2[C@H]1C([O-])=O,,1,,,,,0.09375,0.4667,,,,,8,1,27,,,,-8.1134,,,,85.0967,428.399,,,,,12.0,,,,,,,,3,5,,,129.67,,,1.0,,,,
5,bbb_permeability,classification,NB05_bbb_permeability,Topotecan,CC[C@@]1(O)C(=O)OCC2=C1C=C3N(Cc4cc5c(CN(C)C)c(O)ccc5nc34)C2=O,,3,,,,,0.119141,0.3478,,,,,8,2,31,,,,1.8468,,,,113.5806,421.453,,,,,8.0,,,,,,,,5,3,,,104.89,,,1.0,,,,
5,bbb_permeability,classification,NB05_bbb_permeability,Zalcitabine,NC1=NC(=O)N(C=C1)[C@H]2CC[C@@H](CO)O2,,1,,,,,0.072266,0.5556,,,,,6,2,15,,,,-0.5046,,,,53.1392,211.221,,,,,6.0,,,,,,,,2,2,,,90.37,,,1.0,,,,
5,bbb_permeability,classification,NB05_bbb_permeability,Zonisamide,N[S](=O)(=O)Cc1noc2ccccc12,,2,,,,,0.054688,0.125,,,,,4,1,14,,,,0.6163,,,,50.8202,212.23,,,,,6.0,,,,,,,,2,2,,,86.19,,,1.0,,,,
5,bbb_permeability,classification,NB05_bbb_permeability,AmphotericinB,C[C@H]1O[C@@H](O[C@@H]\2C[C@@H]3O[C@](O)(C[C@@H](O)C[C@@H](O)[C@H](O)CC[C@@H](O)C[C@@H](O)CC(=O)O[C@@H](C)[C@H](C)[C@H](O)[C@@H](C)\C=C/C=C\C=C/C=C\C=C/C=C\C=C2)C[C@H](O)[C@H]3C(O)=O)[C@@H](O)[C@@H](N)[C@@H]1O,,0,,,,,0.142578,0.6596,,,,,17,12,65,,,,0.7117,,,,236.9912,924.091,,,,,18.0,,,,,,,,3,3,,,319.61,,,0.0,,,,
5,bbb_permeability,classification,NB05_bbb_permeability,Calcium-folinate,[Ca++].NC1=NC(=O)C2=C(NCC(CNc3ccc(cc3)C(=O)N[C@@H](CCC([O-])=O)C([O-])=O)N2C=O)N1,,2,,,,,0.125,0.3,,,,,11,5,35,,,,-3.7813,,,,121.2787,511.508,,,,,15.0,,,,,,,,3,10,,,225.5,,,1.0,,,,
5,bbb_permeability,classification,NB05_bbb_permeability,oxytetracycline,O.O.CN(C)[C@H]1[C@@H]2[C@@H](O)[C@H]3C(=C(O)c4c(O)cccc4[C@@]3(C)O)C(=O)[C@]2(O)C(=O)\C(=C(N)/O)C1=O,,1,,,,,0.101562,0.4091,,,,,11,7,35,,,,-3.0496,,,,118.7288,496.469,,,,,13.0,,,,,,,,4,1,,,264.85,,,0.0,,,,
5,bbb_permeability,classification,NB05_bbb_permeability,papaverine,COc1ccc(Cc2nccc3cc(OC)c(OC)cc23)cc1OC,,3,,,,,0.066406,0.25,,,,,5,0,25,,,,3.86,,,,97.199,339.391,,,,,5.0,,,,,,,,3,6,,,49.81,,,0.0,,,,
5,bbb_permeability,classification,NB05_bbb_permeability,penicillin G,CC1(C)S[C@@H]2[C@H](NC(=O)Cc3ccccc3)C(=O)N2[C@H]1C(O)=O,,1,,,,,0.078125,0.4375,,,,,4,2,23,,,,0.8608,,,,85.8045,334.397,,,,,7.0,,,,,,,,3,4,,,86.71,,,0.0,,,,
5,bbb_permeability,classification,NB05_bbb_permeability,phenacetin,CCOc1ccc(NC(C)=O)cc1,,1,,,,,0.046875,0.3,,,,,2,1,13,,,,2.0437,,,,51.9147,179.219,,,,,3.0,,,,,,,,1,3,,,38.33,,,0.0,,,,
5,bbb_permeability,classification,NB05_bbb_permeability,phenazopyridine,Nc1ccc(N=Nc2ccccc2)c(N)n1,,2,,,,,0.048828,0.0,,,,,5,2,16,,,,2.6614,,,,63.6798,213.244,,,,,5.0,,,,,,,,2,2,,,89.65,,,0.0,,,,
5,bbb_permeability,classification,NB05_bbb_permeability,pheniramine,CN(C)CCC(c1ccccc1)c2ccccn2,,2,,,,,0.058594,0.3125,,,,,2,0,18,,,,3.1652,,,,75.693,240.35,,,,,2.0,,,,,,,,2,5,,,16.13,,,0.0,,,,
5,bbb_permeability,classification,NB05_bbb_permeability,Phenolphthalein,Oc1ccc(cc1)C2(OC(=O)c3ccccc23)c4ccc(O)cc4,,3,,,,,0.054688,0.05,,,,,4,2,24,,,,3.5601,,,,87.9531,318.328,,,,,4.0,,,,,,,,4,2,,,66.76,,,0.0,,,,
5,bbb_permeability,classification,NB05_bbb_permeability,phenoxybenzamine,CC(COc1ccccc1)N(CCCl)Cc2ccccc2,,2,,,,,0.066406,0.3333,,,,,2,0,21,,,,4.1949,,,,88.971,303.833,,,,,3.0,,,,,,,,2,8,,,12.47,,,0.0,,,,
5,bbb_permeability,classification,NB05_bbb_permeability,Phenylbutazone,CCCCC1C(=O)N(N(C1=O)c2ccccc2)c3ccccc3,,2,,,,,0.050781,0.2632,,,,,2,0,23,,,,3.7878,,,,90.871,308.381,,,,,4.0,,,,,,,,3,5,,,40.62,,,0.0,,,,
5,bbb_permeability,classification,NB05_bbb_permeability,pirbuterol,CC(C)(C)NCC(O)c1ccc(O)c(CO)n1,,1,,,,,0.066406,0.5833,,,,,5,4,17,,,,0.701,,,,64.5401,240.303,,,,,5.0,,,,,,,,1,4,,,85.61,,,0.0,,,,
5,bbb_permeability,classification,NB05_bbb_permeability,Risperidone,CC1=C(CCN2CCC(CC2)c3noc4cc(F)ccc34)C(=O)N5CCCCC5=N1,,3,,,,,0.119141,0.5217,,,,,6,0,30,,,,3.5904,,,,112.258,410.493,,,,,7.0,,,,,,,,5,4,,,64.16,,,1.0,,,,
5,bbb_permeability,classification,NB05_bbb_permeability,Phenserine,CN1CC[C@]2(C)[C@H]1N(C)c3ccc(OC(=O)Nc4ccccc4)cc23,,2,,,,,0.087891,0.35,,,,,4,1,25,,,,3.6666,,,,99.3207,337.423,,,,,5.0,,,,,,,,4,2,,,44.81,,,1.0,,,,
5,bbb_permeability,classification,NB05_bbb_permeability,Temelastine,Cc1ccc(CC2=CN=C(NCCCCc3ncc(Br)cc3C)NC2=O)cn1,,3,,,,,0.103516,0.3333,,,,,5,2,28,,,,3.9648,,,,114.7394,442.361,,,,,7.0,,,,,,,,3,8,,,83.56,,,0.0,,,,
5,bbb_permeability,classification,NB05_bbb_permeability,Tibolone,C[C@@H]1CC2=C(CCC(=O)C2)[C@H]3CC[C@@]4(C)[C@@H](CC[C@@]4(O)C#C)[C@H]13,,0,,,,,0.083984,0.7619,,,,,2,1,23,,,,3.8826,,,,90.4928,312.453,,,,,2.0,,,,,,,,4,0,,,37.3,,,1.0,,,,
5,bbb_permeability,classification,NB05_bbb_permeability,Ceftazidime,CC(C)(O/N=C(C(=O)N[C@H]1[C@H]2SCC(=C(N2C1=O)C([O-])=O)C[n+]3ccccc3)/c4csc(N)n4)C(O)=O,,2,,,,,0.136719,0.3182,,,,,11,3,37,,,,-1.2992,,,,129.5559,546.587,,,,,15.0,,,,,,,,4,9,,,191.22,,,1.0,,,,
5,bbb_permeability,classification,NB05_bbb_permeability,Flucytosine,NC1=C(F)C=NC(=O)N1,,1,,,,,0.042969,0.0,,,,,3,2,9,,,,-0.5088,,,,29.2281,129.094,,,,,5.0,,,,,,,,1,0,,,71.77,,,1.0,,,,
5,bbb_permeability,classification,NB05_bbb_permeability,Guanadrel,NC(N)=NCC1COC2(CCCCC2)O1,,0,,,,,0.058594,0.9,,,,,3,2,15,,,,0.3356,,,,57.3178,213.281,,,,,5.0,,,,,,,,2,2,,,82.86,,,0.0,,,,
5,bbb_permeability,classification,NB05_bbb_permeability,Lomustine,ClCCN(N=O)C(=O)NC1CCCCC1,,0,,,,,0.058594,0.8889,,,,,3,1,15,,,,2.2509,,,,58.6257,233.699,,,,,6.0,,,,,,,,1,4,,,61.77,,,1.0,,,,
5,bbb_permeability,classification,NB05_bbb_permeability,Mesna,[Na+].[O-][S](=O)(=O)CCS,,0,,,,,0.027344,1.0,,,,,4,1,8,,,,-3.5346,,,,28.4172,164.183,,,,,6.0,,,,,,,,0,2,,,57.2,,,0.0,,,,
5,bbb_permeability,classification,NB05_bbb_permeability,Streptozotocin,CN(N=O)C(=O)N[C@H]1[C@@H](O)O[C@H](CO)[C@@H](O)[C@@H]1O,,0,,,,,0.064453,0.875,,,,,8,5,18,,,,-2.8909,,,,55.8569,265.222,,,,,10.0,,,,,,,,1,3,,,151.92,,,0.0,,,,
5,bbb_permeability,classification,NB05_bbb_permeability,Teniposide,COc1cc(cc(OC)c1O)[C@H]2[C@@H]3[C@H](COC3=O)[C@H](OC4OC5COC(OC5C(O)C4O)c6sccc6)c7cc8OCOc8cc27,,3,,,,,0.140625,0.4688,,,,,14,3,46,,,,2.7529,,,,155.9434,656.662,,,,,14.0,,,,,,,,8,6,,,160.83,,,1.0,,,,
5,bbb_permeability,classification,NB05_bbb_permeability,Thiotepa,S=[P](N1CC1)(N2CC2)N3CC3,,0,,,,,0.021484,1.0,,,,,1,0,11,,,,0.1577,,,,49.004,189.224,,,,,5.0,,,,,,,,3,3,,,9.03,,,1.0,,,,
5,bbb_permeability,classification,NB05_bbb_permeability,Vancomycin,CN[C@H](CC(C)C)C(=O)NC1[C@H](O)c2ccc(Oc3cc4cc(Oc5ccc(cc5Cl)[C@@H](O)[C@@H]6NC(=O)[C@H](NC(=O)[C@@H]4NC(=O)[C@H](CC(N)=O)NC1=O)c7ccc(O)c(c7)c8c(O)cc(O)cc8[C@@H](NC6=O)C(O)=O)c3O[C@@H]9O[C@H](CO)[C@@H](O)[C@H](O)[C@H]9O[C@H]%10C[C@](C)(N)[C@H](O)[C@H](C)O%10)c(Cl)c2,,5,,,,,0.216797,0.4242,,,,,25,19,101,,,,0.1062,,,,349.2917,1449.271,,,,,35.0,,,,,,,,12,13,,,530.49,,,0.0,,,,
5,bbb_permeability,classification,NB05_bbb_permeability,Polythiazide,CN1C(CSCC(F)(F)F)Nc2cc(Cl)c(cc2[S]1(=O)=O)[S](N)(=O)=O,,1,,,,,0.09375,0.4545,,,,,6,2,25,,,,1.655,,,,88.5647,439.89,,,,,14.0,,,,,,,,2,4,,,109.57,,,0.0,,,,
5,bbb_permeability,classification,NB05_bbb_permeability,prednisolone,C[C@]12C[C@H](O)[C@H]3[C@@H](CCC4=CC(=O)C=C[C@]34C)[C@@H]1CC[C@]2(O)C(=O)CO,,0,,,,,0.091797,0.7143,,,,,5,3,26,,,,1.5576,,,,95.0484,360.45,,,,,5.0,,,,,,,,4,2,,,94.83,,,0.0,,,,
5,bbb_permeability,classification,NB05_bbb_permeability,prednisone,C[C@]12CC(=O)[C@H]3[C@@H](CCC4=CC(=O)C=C[C@]34C)[C@@H]1CC[C@]2(O)C(=O)CO,,0,,,,,0.091797,0.6667,,,,,5,2,26,,,,1.7658,,,,94.0486,358.434,,,,,5.0,,,,,,,,4,2,,,91.67,,,0.0,,,,
5,bbb_permeability,classification,NB05_bbb_permeability,probenecid,CCCN(CCC)[S](=O)(=O)c1ccc(cc1)C(O)=O,,1,,,,,0.054688,0.4615,,,,,3,1,19,,,,2.1955,,,,72.7421,285.365,,,,,6.0,,,,,,,,1,7,,,74.68,,,0.0,,,,
5,bbb_permeability,classification,NB05_bbb_permeability,progesterone,CC(=O)[C@H]1CC[C@H]2[C@@H]3CCC4=CC(=O)CC[C@]4(C)[C@H]3CC[C@]12C,,0,,,,,0.078125,0.8095,,,,,2,0,23,,,,4.7235,,,,90.881,314.469,,,,,2.0,,,,,,,,4,1,,,34.14,,,0.0,,,,
5,bbb_permeability,classification,NB05_bbb_permeability,propranolol,CC(C)NCC(O)COc1cccc2ccccc12,,2,,,,,0.066406,0.375,,,,,3,2,19,,,,2.5775,,,,78.5885,259.349,,,,,3.0,,,,,,,,2,6,,,41.49,,,0.0,,,,
5,bbb_permeability,classification,NB05_bbb_permeability,proscillaridin,CC1OC(O[C@H]2CC[C@]3(C)[C@H]4CC[C@]5(C)[C@H](CC[C@]5(O)[C@@H]4CCC3=C2)C6=COC(=O)C=C6)C(O)C(O)C1O,,1,,,,,0.119141,0.7667,,,,,8,4,38,,,,3.0138,,,,138.1102,530.658,,,,,8.0,,,,,,,,6,3,,,129.59,,,0.0,,,,
5,bbb_permeability,classification,NB05_bbb_permeability,puromycin,COc1ccc(C[C@H](N)C(=O)NC2[C@@H](O)[C@@H](O[C@@H]2CO)n3cnc4c(ncnc34)N(C)C)cc1,,3,,,,,0.125,0.4545,,,,,11,4,34,,,,-0.7937,,,,123.2567,471.518,,,,,12.0,,,,,,,,4,8,,,160.88,,,0.0,,,,
5,bbb_permeability,classification,NB05_bbb_permeability,ribavirin,NC(=O)c1ncn(n1)[C@@H]2O[C@H](CO)[C@@H](O)[C@H]2O,,1,,,,,0.066406,0.625,,,,,8,4,17,,,,-3.0115,,,,51.5493,244.207,,,,,9.0,,,,,,,,2,3,,,143.72,,,0.0,,,,
5,bbb_permeability,classification,NB05_bbb_permeability,Tiotidine,CN=C(NCCSCc1csc(N=C(N)N)n1)NC#N,,1,,,,,0.091797,0.4,,,,,6,4,20,,,,-0.0727,,,,83.8562,312.428,,,,,10.0,,,,,,,,1,6,,,137.5,,,1.0,,,,
5,bbb_permeability,classification,NB05_bbb_permeability,Zolantidine,OC(=O)\C=C/C(O)=O.OC(=O)\C=C/C(O)=O.C1CCN(CC1)Cc2cccc(OCCCNc3sc4ccccc4n3)c2,,3,,,,,0.117188,0.3,,,,,9,5,43,,,,4.5868,,,,162.6149,613.689,,,,,13.0,,,,,,,,4,12,,,186.59,,,1.0,,,,
5,bbb_permeability,classification,NB05_bbb_permeability,1-hydroxymidazolam,OCc1ncc2CN=C(c3ccccc3F)c4cc(Cl)ccc4n12,,3,,,,,0.091797,0.1111,,,,,4,1,24,,,,3.5081,,,,90.2398,341.773,,,,,6.0,,,,,,,,4,2,,,50.41,,,1.0,,,,
5,bbb_permeability,classification,NB05_bbb_permeability,111-trichloroethane,CC(Cl)(Cl)Cl,,0,,,,,0.011719,1.0,,,,,0,0,5,,,,2.3765,,,,25.964,133.405,,,,,3.0,,,,,,,,0,0,,,0.0,,,1.0,,,,
5,bbb_permeability,classification,NB05_bbb_permeability,111-trifluoro-2-chloroethane,C(CCl)(F)(F)F,,0,,,,,0.017578,1.0,,,,,0,0,6,,,,1.7875,,,,16.775,118.485,,,,,4.0,,,,,,,,0,0,,,0.0,,,1.0,,,,
5,bbb_permeability,classification,NB05_bbb_permeability,2-methylpropanol,CC(C)CO,,0,,,,,0.017578,1.0,,,,,1,1,5,,,,0.6347,,,,21.9238,74.123,,,,,1.0,,,,,,,,0,1,,,20.23,,,1.0,,,,
5,bbb_permeability,classification,NB05_bbb_permeability,"""2,2-dimethylbutane""",CCC(C)(C)C,,0,,,,,0.015625,1.0,,,,,0,0,6,,,,2.4425,,,,29.746,86.178,,,,,0.0,,,,,,,,0,0,,,0.0,,,1.0,,,,
5,bbb_permeability,classification,NB05_bbb_permeability,Vidarabine,Nc1ncnc2n(cnc12)C3OC(CO)C(O)C3O,,2,,,,,0.074219,0.5,,,,,9,4,19,,,,-1.98,,,,62.7448,267.245,,,,,9.0,,,,,,,,3,2,,,139.54,,,1.0,,,,
5,bbb_permeability,classification,NB05_bbb_permeability,Bis-hydroxylated-L-663581,c12c(C(N(Cc3n1cnc3c1noc(n1)C(CO)(CO)C)C)=O)c(ccc2)Cl,,3,,,,,0.107422,0.3333,,,,,8,2,28,,,,1.4036,,,,99.1871,403.826,,,,,10.0,,,,,,,,4,4,,,117.51,,,0.0,,,,
5,bbb_permeability,classification,NB05_bbb_permeability,Mono-hydroxylated-L-663581,c12c(C(N(Cc3n1cnc3c1noc(n1)C(O)(C)C)C)=O)c(ccc2)Cl,,3,,,,,0.103516,0.2941,,,,,7,1,26,,,,2.3887,,,,92.9083,373.8,,,,,9.0,,,,,,,,4,2,,,97.28,,,0.0,,,,
5,bbb_permeability,classification,NB05_bbb_permeability,Thioperamide,S=C(NC1CCCCC1)N2CCC(CC2)c3[nH]cnc3,,1,,,,,0.074219,0.7333,,,,,2,2,20,,,,2.7963,,,,84.7424,292.452,,,,,5.0,,,,,,,,3,2,,,43.95,,,1.0,,,,
5,bbb_permeability,classification,NB05_bbb_permeability,rifampin,CC1C=CC=C(C(=O)NC2=C(C3=C(C(=C4C(=C3C(=O)C2=CNN5CCN(CC5)C)C(=O)C(O4)(OC=CC(C(C(C(C(C(C1O)C)O)C)OC(=O)C)C)OC)C)C)O)O)C,,1,,,,,0.171875,0.5349,,,,,15,6,59,,,,3.4262,,,,216.6606,822.953,,,,,16.0,,,,,,,,6,4,,,216.66,,,0.0,,,,
5,bbb_permeability,classification,NB05_bbb_permeability,salicylic acid,OC(=O)c1ccccc1O,,1,,,,,0.033203,0.0,,,,,2,2,10,,,,1.0904,,,,35.0661,138.122,,,,,3.0,,,,,,,,1,1,,,57.53,,,0.0,,,,
5,bbb_permeability,classification,NB05_bbb_permeability,scopolamine,CN1[C@@H]2CC(C[C@H]1[C@@H]3O[C@H]23)OC(=O)[C@H](CO)c4ccccc4,,1,,,,,0.076172,0.5882,,,,,5,1,22,,,,0.9181,,,,79.3828,303.358,,,,,5.0,,,,,,,,4,4,,,62.3,,,0.0,,,,
5,bbb_permeability,classification,NB05_bbb_permeability,Spironolactone,CC(=O)S[C@@H]1CC2=CC(=O)CC[C@]2(C)[C@H]3CC[C@@]4(C)[C@@H](CC[C@@]45CCC(=O)O5)[C@H]13,,0,,,,,0.099609,0.7917,,,,,5,0,29,,,,4.8523,,,,112.21,416.583,,,,,5.0,,,,,,,,5,1,,,60.44,,,0.0,,,,
5,bbb_permeability,classification,NB05_bbb_permeability,Stanozolol,C[C@]1(O)CC[C@H]2[C@@H]3CC[C@H]4Cc5[nH]ncc5C[C@]4(C)[C@H]3CC[C@]12C,,1,,,,,0.085938,0.8571,,,,,2,2,24,,,,4.1181,,,,94.4955,328.5,,,,,3.0,,,,,,,,5,0,,,48.91,,,0.0,,,,
5,bbb_permeability,classification,NB05_bbb_permeability,sulfasalazine,OC(=O)C1=C\C(C=CC1=O)=N/Nc2ccc(cc2)[S](=O)(=O)Nc3ccccn3,,2,,,,,0.095703,0.0,,,,,7,3,28,,,,1.8002,,,,102.411,398.4,,,,,10.0,,,,,,,,3,6,,,137.82,,,0.0,,,,
5,bbb_permeability,classification,NB05_bbb_permeability,Terconazole,CC(C)N1CCN(CC1)c2ccc(OC[C@H]3CO[C@@](Cn4cncn4)(O3)c5ccc(Cl)cc5Cl)cc2,,3,,,,,0.125,0.4615,,,,,8,0,36,,,,4.4627,,,,139.846,532.472,,,,,10.0,,,,,,,,5,8,,,64.88,,,0.0,,,,
5,bbb_permeability,classification,NB05_bbb_permeability,testolactone,C[C@]12CC[C@H]3[C@@H](CCC4=CC(=O)C=C[C@]34C)[C@@H]1CCC(=O)O2,,0,,,,,0.076172,0.6842,,,,,3,0,22,,,,3.5899,,,,83.006,300.398,,,,,3.0,,,,,,,,4,0,,,43.37,,,0.0,,,,
5,bbb_permeability,classification,NB05_bbb_permeability,testosterone,C[C@]12CC[C@H]3[C@@H](CCC4=CC(=O)CC[C@]34C)[C@@H]1CC[C@@H]2O,,0,,,,,0.072266,0.8421,,,,,2,1,21,,,,3.8792,,,,82.7168,288.431,,,,,2.0,,,,,,,,4,0,,,37.3,,,0.0,,,,
5,bbb_permeability,classification,NB05_bbb_permeability,TetraCycline,CN(C)[C@H]1[C@@H]2C[C@H]3C(=C(O)c4c(O)cccc4[C@@]3(C)O)C(=O)[C@]2(O)C(=O)\C(=C(N)/O)C1=O,,1,,,,,0.103516,0.4091,,,,,10,6,32,,,,-0.371,,,,110.1114,444.44,,,,,10.0,,,,,,,,4,1,,,181.62,,,0.0,,,,
5,bbb_permeability,classification,NB05_bbb_permeability,3-methylhexane,CCCC(C)CC,,0,,,,,0.025391,1.0,,,,,0,0,7,,,,2.8326,,,,34.363,100.205,,,,,0.0,,,,,,,,0,3,,,0.0,,,1.0,,,,
5,bbb_permeability,classification,NB05_bbb_permeability,3-methylpentane,CCC(C)CC,,0,,,,,0.017578,1.0,,,,,0,0,6,,,,2.4425,,,,29.746,86.178,,,,,0.0,,,,,,,,0,2,,,0.0,,,1.0,,,,
5,bbb_permeability,classification,NB05_bbb_permeability,4-hydroxymidazolam,Cc1ncc2C(O)N=C(c3ccccc3F)c4cc(Cl)ccc4n12,,3,,,,,0.087891,0.1111,,,,,4,1,24,,,,3.8151,,,,90.3098,341.773,,,,,6.0,,,,,,,,4,1,,,50.41,,,1.0,,,,
5,bbb_permeability,classification,NB05_bbb_permeability,Aminopyrine,CN(C)C1=C(C)N(C)N(c2ccccc2)C1=O,,2,,,,,0.056641,0.3077,,,,,4,0,17,,,,1.5504,,,,70.074,231.299,,,,,4.0,,,,,,,,2,2,,,30.17,,,1.0,,,,
5,bbb_permeability,classification,NB05_bbb_permeability,Atenolol,CC(C)NCC(O)COc1ccc(CC(N)=O)cc1,,1,,,,,0.072266,0.5,,,,,4,3,19,,,,0.4521,,,,73.9809,266.341,,,,,5.0,,,,,,,,1,8,,,84.58,,,0.0,,,,
5,bbb_permeability,classification,NB05_bbb_permeability,Benzene,c1ccccc1,,1,,,,,0.005859,0.0,,,,,0,0,6,,,,1.6866,,,,26.442,78.114,,,,,0.0,,,,,,,,1,0,,,0.0,,,1.0,,,,
5,bbb_permeability,classification,NB05_bbb_permeability,Bretazenil,CC(C)(C)OC(=O)c1ncn2c3cccc(Br)c3C(=O)N4CCC[C@H]4c12,,2,,,,,0.101562,0.4211,,,,,5,0,26,,,,3.8808,,,,99.444,418.291,,,,,7.0,,,,,,,,4,1,,,64.43,,,1.0,,,,
5,bbb_permeability,classification,NB05_bbb_permeability,Bromperidol,OC1(CCN(CCCC(=O)c2ccc(F)cc2)CC1)c3ccc(Br)cc3,,2,,,,,0.082031,0.381,,,,,3,1,26,,,,4.5347,,,,103.6773,420.322,,,,,5.0,,,,,,,,3,6,,,40.54,,,1.0,,,,
5,bbb_permeability,classification,NB05_bbb_permeability,Mefloquine,OC(C1CCCCN1)c2cc(nc3c2cccc3C(F)(F)F)C(F)(F)F,,2,,,,,0.083984,0.4706,,,,,3,2,26,,,,4.4479,,,,82.3485,378.316,,,,,9.0,,,,,,,,3,2,,,45.15,,,1.0,,,,
5,bbb_permeability,classification,NB05_bbb_permeability,Ofloxacin,CC1COc2c(N3CCN(C)CC3)c(F)cc4C(=O)C(=CN1c24)C(O)=O,,2,,,,,0.095703,0.4444,,,,,6,1,26,,,,1.544,,,,95.0413,361.373,,,,,8.0,,,,,,,,4,2,,,75.01,,,1.0,,,,
5,bbb_permeability,classification,NB05_bbb_permeability,Tifluadom,CN1C(CNC(=O)c2cscc2)CN=C(c3ccccc3F)c4ccccc14,,3,,,,,0.101562,0.1818,,,,,4,1,28,,,,3.973,,,,112.1912,393.487,,,,,6.0,,,,,,,,4,4,,,44.7,,,1.0,,,,
5,bbb_permeability,classification,NB05_bbb_permeability,aldosterone,C[C@]12CCC(=O)C=C1CC[C@H]3[C@@H]4CC[C@H](C(=O)CO)[C@]4(C[C@H](O)[C@H]23)C=O,,0,,,,,0.095703,0.7619,,,,,5,2,26,,,,1.8457,,,,94.0726,360.45,,,,,5.0,,,,,,,,4,3,,,91.67,,,0.0,,,,
5,bbb_permeability,classification,NB05_bbb_permeability,BRL52537,c1(cc(c(cc1)Cl)Cl)CC(N1CCCC[C@H]1CN1CCCC1)=O,,1,,,,,0.076172,0.6111,,,,,2,0,23,,,,4.0128,,,,95.192,355.309,,,,,5.0,,,,,,,,3,4,,,23.55,,,1.0,,,,
5,bbb_permeability,classification,NB05_bbb_permeability,BRL52580,c1(cc(c(cc1)Cl)Cl)CC(N1[C@@H](c2c(CC1)cccc2)CN1CCCC1)=O,,2,,,,,0.09375,0.4091,,,,,2,0,27,,,,4.7577,,,,110.44,403.353,,,,,5.0,,,,,,,,4,4,,,23.55,,,1.0,,,,
5,bbb_permeability,classification,NB05_bbb_permeability,BRL52656,c1(ccc(cc1)C(F)(F)F)CC(N1[C@@H](CCCC1)CN1CCCC1)=O,,1,,,,,0.080078,0.6316,,,,,2,0,25,,,,3.7248,,,,90.174,354.416,,,,,6.0,,,,,,,,3,4,,,23.55,,,1.0,,,,
5,bbb_permeability,classification,NB05_bbb_permeability,BRL52871,c1(ccc(c(c1)Cl)Cl)CC(N1[C@@H](c2c(CC1)scc2)CN1CCCC1)=O,,2,,,,,0.09375,0.45,,,,,3,0,26,,,,4.8192,,,,108.317,409.382,,,,,6.0,,,,,,,,4,4,,,23.55,,,1.0,,,,
5,bbb_permeability,classification,NB05_bbb_permeability,theophylline,CN1C(=O)N(C)c2nc[nH]c2C1=O,,2,,,,,0.050781,0.2857,,,,,5,1,13,,,,-1.0397,,,,46.5757,180.167,,,,,6.0,,,,,,,,2,0,,,72.68,,,0.0,,,,
5,bbb_permeability,classification,NB05_bbb_permeability,thioguanine,NC1=NC(=S)c2[nH]cnc2N1,,2,,,,,0.050781,0.0,,,,,4,3,11,,,,0.5977,,,,43.4858,167.197,,,,,6.0,,,,,,,,2,0,,,83.38,,,0.0,,,,
5,bbb_permeability,classification,NB05_bbb_permeability,tolazamide,Cc1ccc(cc1)[S](=O)(=O)NC(=O)NN2CCCCCC2,,1,,,,,0.0625,0.5,,,,,4,2,21,,,,1.7739,,,,80.0732,311.407,,,,,7.0,,,,,,,,2,3,,,78.51,,,0.0,,,,
5,bbb_permeability,classification,NB05_bbb_permeability,tolbutamide,CCCCNC(=O)N[S](=O)(=O)c1ccc(C)cc1,,1,,,,,0.064453,0.4167,,,,,3,2,18,,,,1.783,,,,69.8072,270.354,,,,,6.0,,,,,,,,1,5,,,75.27,,,0.0,,,,
5,bbb_permeability,classification,NB05_bbb_permeability,Triamcinolone,C[C@]12C[C@H](O)[C@@]3(F)[C@@H](CCC4=CC(=O)C=C[C@]34C)[C@@H]1C[C@@H](O)[C@]2(O)C(=O)CO,,0,,,,,0.101562,0.7143,,,,,6,4,28,,,,0.6205,,,,96.7872,394.439,,,,,7.0,,,,,,,,4,2,,,115.06,,,0.0,,,,
5,bbb_permeability,classification,NB05_bbb_permeability,Triamterene,Nc1nc(N)c2nc(c3ccccc3)c(N)nc2n1,,3,,,,,0.052734,0.0,,,,,7,3,19,,,,0.8334,,,,73.8012,253.269,,,,,7.0,,,,,,,,3,1,,,129.62,,,0.0,,,,
5,bbb_permeability,classification,NB05_bbb_permeability,Trichlormethiazide,N[S](=O)(=O)c1cc2c(NC(N[S]2(=O)=O)C(Cl)Cl)cc1Cl,,1,,,,,0.070312,0.25,,,,,5,3,20,,,,0.821,,,,76.0514,380.662,,,,,12.0,,,,,,,,2,2,,,118.36,,,0.0,,,,
5,bbb_permeability,classification,NB05_bbb_permeability,valinomycin,CC(C)[C@@H]1NC(=O)[C@H](C)OC(=O)C(NC(=O)[C@H](OC(=O)[C@@H](NC(=O)[C@H](C)OC(=O)[C@H](NC(=O)[C@H](OC(=O)[C@@H](NC(=O)[C@H](C)OC(=O)[C@H](NC(=O)[C@H](OC1=O)C(C)C)C(C)C)C(C)C)C(C)C)C(C)C)C(C)C)C(C)C)C(C)C,,0,,,,,0.056641,0.7778,,,,,18,6,78,,,,2.3433,,,,281.4282,1111.338,,,,,24.0,,,,,,,,1,9,,,332.4,,,0.0,,,,
5,bbb_permeability,classification,NB05_bbb_permeability,verapamil,COc1ccc(CCN(C)CCCC(C#N)(C(C)C)c2ccc(OC)c(OC)c2)cc1OC,,2,,,,,0.089844,0.5185,,,,,6,0,33,,,,5.0931,,,,131.656,454.611,,,,,6.0,,,,,,,,2,13,,,63.95,,,0.0,,,,
5,bbb_permeability,classification,NB05_bbb_permeability,warfarin,CC(=O)CC(c1ccccc1)C2=C(O)Oc3ccccc3C2=O,,3,,,,,0.074219,0.1579,,,,,4,1,23,,,,3.6096,,,,87.7318,308.333,,,,,4.0,,,,,,,,3,4,,,67.51,,,0.0,,,,
5,bbb_permeability,classification,NB05_bbb_permeability,Butanone,CCC(C)=O,,0,,,,,0.019531,0.75,,,,,1,0,5,,,,0.9854,,,,20.972,72.107,,,,,1.0,,,,,,,,0,1,,,17.07,,,1.0,,,,
5,bbb_permeability,classification,NB05_bbb_permeability,Cyclopropane,C1CC1,,0,,,,,0.005859,1.0,,,,,0,0,3,,,,1.1703,,,,13.851,42.081,,,,,0.0,,,,,,,,1,0,,,0.0,,,1.0,,,,
5,bbb_permeability,classification,NB05_bbb_permeability,Desmethyldesipramine,N1(c2c(CCc3c1cccc3)cccc2)CCCN,,2,,,,,0.050781,0.2941,,,,,2,1,19,,,,3.2721,,,,80.9694,252.361,,,,,2.0,,,,,,,,3,3,,,29.26,,,1.0,,,,
5,bbb_permeability,classification,NB05_bbb_permeability,Dichloromethane,ClCCl,,0,,,,,0.007812,1.0,,,,,0,0,3,,,,1.4215,,,,16.573,84.933,,,,,2.0,,,,,,,,0,0,,,0.0,,,1.0,,,,
5,bbb_permeability,classification,NB05_bbb_permeability,Diethylether,CCOCC,,0,,,,,0.015625,1.0,,,,,1,0,5,,,,1.0428,,,,22.167,74.123,,,,,1.0,,,,,,,,0,2,,,9.23,,,1.0,,,,
5,bbb_permeability,classification,NB05_bbb_permeability,Divinylether,C=COC=C,,0,,,,,0.015625,0.0,,,,,1,0,5,,,,1.29,,,,21.479,70.091,,,,,1.0,,,,,,,,0,2,,,9.23,,,1.0,,,,
5,bbb_permeability,classification,NB05_bbb_permeability,Enflurane,FC(F)OC(F)(F)C(F)Cl,,0,,,,,0.03125,1.0,,,,,1,0,10,,,,2.3528,,,,22.785,184.491,,,,,7.0,,,,,,,,0,3,,,9.23,,,1.0,,,,
5,bbb_permeability,classification,NB05_bbb_permeability,BRL52974,c1(ccc(c(c1)Cl)Cl)CC(N1[C@@H](c2c(CC1)[nH]cn2)CN1CCCC1)=O,,2,,,,,0.099609,0.4737,,,,,3,1,26,,,,3.4808,,,,102.5857,393.318,,,,,7.0,,,,,,,,4,4,,,52.23,,,0.0,,,,
5,bbb_permeability,classification,NB05_bbb_permeability,BRL53087,c1(ccc(c(c1)Cl)Cl)CC(N1[C@@H](CN2CCCC2)CC(CC1)(C)C)=O,,1,,,,,0.089844,0.65,,,,,2,0,25,,,,4.6489,,,,104.356,383.363,,,,,5.0,,,,,,,,3,4,,,23.55,,,1.0,,,,
5,bbb_permeability,classification,NB05_bbb_permeability,carebastine,CC(C)(C(O)=O)c1ccc(cc1)C(=O)CCCN2CCC(CC2)OC(c3ccccc3)c4ccccc4,,3,,,,,0.097656,0.375,,,,,4,1,37,,,,6.2823,,,,145.9423,499.651,,,,,5.0,,,,,,,,4,11,,,66.84,,,0.0,,,,
5,bbb_permeability,classification,NB05_bbb_permeability,cetirizine,OC(=O)COCCN1CCN(CC1)C(c2ccccc2)c3ccc(Cl)cc3,,2,,,,,0.080078,0.381,,,,,4,1,27,,,,3.1482,,,,106.2048,388.895,,,,,6.0,,,,,,,,3,8,,,53.01,,,0.0,,,,
5,bbb_permeability,classification,NB05_bbb_permeability,ciprofloxacin,OC(=O)C1=CN(C2CC2)c3cc(N4CCNCC4)c(F)cc3C1=O,,2,,,,,0.087891,0.4118,,,,,5,2,24,,,,1.5833,,,,88.479,331.347,,,,,7.0,,,,,,,,4,3,,,74.57,,,0.0,,,,
5,bbb_permeability,classification,NB05_bbb_permeability,cp102,c1cn(CCO)c(CC)c(O)c1=O,,1,,,,,0.056641,0.4444,,,,,4,2,13,,,,0.1086,,,,48.8306,183.207,,,,,4.0,,,,,,,,1,3,,,62.46,,,0.0,,,,
5,bbb_permeability,classification,NB05_bbb_permeability,cp107,c1cn(CCCCO)c(CC)c(O)c1=O,,1,,,,,0.0625,0.5455,,,,,4,2,15,,,,0.8888,,,,58.0646,211.261,,,,,4.0,,,,,,,,1,5,,,62.46,,,0.0,,,,
5,bbb_permeability,classification,NB05_bbb_permeability,yohimbine,COC(=O)[C@H]1[C@@H](O)CC[C@H]2CN3CCc4c([nH]c5ccccc45)[C@@H]3C[C@H]12,,2,,,,,0.101562,0.5714,,,,,4,2,26,,,,2.6471,,,,98.6605,354.45,,,,,5.0,,,,,,,,5,1,,,65.56,,,0.0,,,,
5,bbb_permeability,classification,NB05_bbb_permeability,zidovudine,CC1=CN([C@H]2C[C@H](N=[N+]=[N-])[C@@H](CO)O2)C(=O)NC1=O,,1,,,,,0.085938,0.6,,,,,6,2,19,,,,-0.1963,,,,64.6065,267.245,,,,,9.0,,,,,,,,2,3,,,133.08,,,0.0,,,,
5,bbb_permeability,classification,NB05_bbb_permeability,acepromazine,CN(C)CCCN1c2ccccc2Sc3ccc(cc13)C(C)=O,,2,,,,,0.080078,0.3158,,,,,4,0,23,,,,4.4436,,,,97.1885,326.465,,,,,4.0,,,,,,,,3,5,,,23.55,,,1.0,,,,
5,bbb_permeability,classification,NB05_bbb_permeability,acetophenazine,CC(=O)c1ccc2Sc3ccccc3N(CCCN4CCN(CCO)CC4)c2c1,,2,,,,,0.087891,0.4348,,,,,6,1,29,,,,3.4919,,,,118.6003,411.571,,,,,6.0,,,,,,,,4,7,,,47.02,,,1.0,,,,
5,bbb_permeability,classification,NB05_bbb_permeability,acetozalamide,CC(=O)Nc1sc(nn1)[S](N)(=O)=O,,1,,,,,0.054688,0.25,,,,,6,2,13,,,,-0.8561,,,,45.5859,222.251,,,,,9.0,,,,,,,,1,2,,,115.04,,,1.0,,,,
5,bbb_permeability,classification,NB05_bbb_permeability,allobarbital,C=CCC1(CC=C)C(=O)NC(=O)NC1=O,,0,,,,,0.039062,0.3,,,,,3,2,15,,,,0.491,,,,53.7424,208.217,,,,,5.0,,,,,,,,1,4,,,75.27,,,1.0,,,,
5,bbb_permeability,classification,NB05_bbb_permeability,amantadine,[Cl-].NC12CC3CC(CC(C3)C1)C2.[H+],,0,,,,,0.029297,1.0,,,,,1,1,12,,,,-0.9696,,,,46.2024,187.714,,,,,2.0,,,,,,,,4,0,,,26.02,,,1.0,,,,
5,bbb_permeability,classification,NB05_bbb_permeability,amitriptyline,CN(C)CCC=C1c2ccccc2CCc3ccccc13,,2,,,,,0.056641,0.3,,,,,1,0,21,,,,4.1686,,,,90.542,277.411,,,,,1.0,,,,,,,,3,3,,,3.24,,,1.0,,,,
5,bbb_permeability,classification,NB05_bbb_permeability,amobarbital,CCC1(CCC(C)C)C(=O)NC(=O)NC1=O,,0,,,,,0.046875,0.7273,,,,,3,2,16,,,,1.185,,,,58.4774,226.276,,,,,5.0,,,,,,,,1,4,,,75.27,,,1.0,,,,
5,bbb_permeability,classification,NB05_bbb_permeability,amphetamine,CC(N)Cc1ccccc1,,1,,,,,0.037109,0.3333,,,,,1,1,10,,,,1.5763,,,,43.7954,135.21,,,,,1.0,,,,,,,,1,2,,,26.02,,,1.0,,,,
5,bbb_permeability,classification,NB05_bbb_permeability,Ethanol,CCO,,0,,,,,0.011719,1.0,,,,,1,1,3,,,,-0.0014,,,,12.7598,46.069,,,,,1.0,,,,,,,,0,0,,,20.23,,,1.0,,,,
5,bbb_permeability,classification,NB05_bbb_permeability,Ethylbenzene,CCc1ccccc1,,1,,,,,0.027344,0.25,,,,,0,0,8,,,,2.249,,,,35.82,106.168,,,,,0.0,,,,,,,,1,1,,,0.0,,,1.0,,,,
5,bbb_permeability,classification,NB05_bbb_permeability,Flumazenil,CCOC(=O)c1ncn2c1CN(C)C(=O)c3cc(F)ccc23,,2,,,,,0.091797,0.2667,,,,,5,0,22,,,,1.7737,,,,75.276,303.293,,,,,7.0,,,,,,,,3,2,,,64.43,,,1.0,,,,
5,bbb_permeability,classification,NB05_bbb_permeability,Flunitrazepam,CN1C(=O)CN=C(c2ccccc2F)c3cc(ccc13)[N+]([O-])=O,,2,,,,,0.085938,0.125,,,,,4,0,23,,,,2.5477,,,,83.4124,313.288,,,,,7.0,,,,,,,,3,2,,,75.81,,,1.0,,,,
5,bbb_permeability,classification,NB05_bbb_permeability,Fluroxene,FC(F)(F)COC=C,,0,,,,,0.03125,0.5,,,,,1,0,8,,,,1.7088,,,,22.204,126.077,,,,,4.0,,,,,,,,0,2,,,9.23,,,1.0,,,,
5,bbb_permeability,classification,NB05_bbb_permeability,Halothane,FC(F)(F)C(Cl)Br,,0,,,,,0.021484,1.0,,,,,0,0,7,,,,2.5085,,,,24.623,197.381,,,,,5.0,,,,,,,,0,0,,,0.0,,,1.0,,,,
5,bbb_permeability,classification,NB05_bbb_permeability,Heptane,CCCCCCC,,0,,,,,0.015625,1.0,,,,,0,0,7,,,,2.9767,,,,34.433,100.205,,,,,0.0,,,,,,,,0,4,,,0.0,,,1.0,,,,
5,bbb_permeability,classification,NB05_bbb_permeability,Hexane,CCCCCC,,0,,,,,0.013672,1.0,,,,,0,0,6,,,,2.5866,,,,29.816,86.178,,,,,0.0,,,,,,,,0,3,,,0.0,,,1.0,,,,
5,bbb_permeability,classification,NB05_bbb_permeability,cp20,CN1C=CC(=O)C(=C1C)O,,1,,,,,0.042969,0.2857,,,,,3,1,10,,,,0.3993,,,,38.0848,139.154,,,,,3.0,,,,,,,,1,0,,,42.23,,,1.0,,,,
5,bbb_permeability,classification,NB05_bbb_permeability,cp21,CCN1C=CC(=O)C(=C1C)O,,1,,,,,0.046875,0.375,,,,,3,1,11,,,,0.8822,,,,42.7778,153.181,,,,,3.0,,,,,,,,1,1,,,42.23,,,1.0,,,,
5,bbb_permeability,classification,NB05_bbb_permeability,cp24,CCCCN1C=CC(=O)C(=C1C)O,,1,,,,,0.052734,0.5,,,,,3,1,13,,,,1.6624,,,,52.0118,181.235,,,,,3.0,,,,,,,,1,3,,,42.23,,,1.0,,,,
5,bbb_permeability,classification,NB05_bbb_permeability,cp25,CCCCCN1C=CC(=O)C(=C1C)O,,1,,,,,0.054688,0.5455,,,,,3,1,14,,,,2.0525,,,,56.6288,195.262,,,,,3.0,,,,,,,,1,4,,,42.23,,,1.0,,,,
5,bbb_permeability,classification,NB05_bbb_permeability,cp29,c1cn(CCCCC)c(C)c(O)c1=O,,1,,,,,0.054688,0.5455,,,,,3,1,14,,,,2.0525,,,,56.6288,195.262,,,,,3.0,,,,,,,,1,4,,,42.23,,,1.0,,,,
5,bbb_permeability,classification,NB05_bbb_permeability,cp41,c1cn(CCCO)c(C)c(O)c1=O,,1,,,,,0.054688,0.4444,,,,,4,2,13,,,,0.2447,,,,48.8066,183.207,,,,,4.0,,,,,,,,1,3,,,62.46,,,0.0,,,,
5,bbb_permeability,classification,NB05_bbb_permeability,cp94,CCN1C=CC(=O)C(=C1CC)O,,1,,,,,0.050781,0.4444,,,,,3,1,12,,,,1.1362,,,,47.4188,167.208,,,,,3.0,,,,,,,,1,2,,,42.23,,,1.0,,,,
5,bbb_permeability,classification,NB05_bbb_permeability,difloxacin,CN1CCN(CC1)c2cc3N(C=C(C(O)=O)C(=O)c3cc2F)c4ccc(F)cc4,,3,,,,,0.091797,0.2381,,,,,5,1,29,,,,2.7189,,,,106.1303,399.397,,,,,8.0,,,,,,,,4,3,,,65.78,,,0.0,,,,
5,bbb_permeability,classification,NB05_bbb_permeability,antipyrine,CN1N(C(=O)C=C1C)c2ccccc2,,2,,,,,0.048828,0.1818,,,,,3,0,14,,,,1.4844,,,,55.747,188.23,,,,,3.0,,,,,,,,2,1,,,26.93,,,1.0,,,,
5,bbb_permeability,classification,NB05_bbb_permeability,apomorphine,CN1CCc2cccc3c2[C@H]1Cc4ccc(O)c(O)c34,,2,,,,,0.072266,0.2941,,,,,3,2,20,,,,2.8499,,,,77.9866,267.328,,,,,3.0,,,,,,,,4,0,,,43.7,,,1.0,,,,
5,bbb_permeability,classification,NB05_bbb_permeability,arecoline,COC(=O)C1=CCCN(C)C1,,0,,,,,0.052734,0.625,,,,,3,0,11,,,,0.4213,,,,42.213,155.197,,,,,3.0,,,,,,,,1,1,,,29.54,,,1.0,,,,
5,bbb_permeability,classification,NB05_bbb_permeability,azaperone,Fc1ccc(cc1)C(=O)CCCN2CCN(CC2)c3ccccn3,,2,,,,,0.083984,0.3684,,,,,4,0,24,,,,3.0058,,,,92.8545,327.403,,,,,5.0,,,,,,,,3,6,,,36.44,,,1.0,,,,
5,bbb_permeability,classification,NB05_bbb_permeability,benactyzine,[H+].[Cl-].CCN(CC)CCOC(=O)C(O)(c1ccccc1)c2ccccc2,,2,,,,,0.068359,0.35,,,,,4,1,25,,,,-0.076,,,,95.7418,363.885,,,,,5.0,,,,,,,,2,8,,,49.77,,,1.0,,,,
5,bbb_permeability,classification,NB05_bbb_permeability,benperidol,Fc1ccc(cc1)C(=O)CCCN2CCC(CC2)N3C(=O)Nc4ccccc34,,3,,,,,0.095703,0.3636,,,,,4,1,28,,,,3.7687,,,,107.2342,381.451,,,,,6.0,,,,,,,,4,6,,,58.1,,,1.0,,,,
5,bbb_permeability,classification,NB05_bbb_permeability,benzocaine,CCOC(=O)c1ccc(N)cc1,,1,,,,,0.042969,0.2222,,,,,3,1,12,,,,1.4455,,,,46.8109,165.192,,,,,3.0,,,,,,,,1,2,,,52.32,,,1.0,,,,
5,bbb_permeability,classification,NB05_bbb_permeability,benzquinamide,CCN(CC)C(=O)C1CN2CCc3cc(OC)c(OC)cc3C2CC1OC(C)=O,,1,,,,,0.097656,0.6364,,,,,6,0,29,,,,2.423,,,,109.153,404.507,,,,,7.0,,,,,,,,3,6,,,68.31,,,1.0,,,,
5,bbb_permeability,classification,NB05_bbb_permeability,benztropine,CN1C2CCC1CC(C2)OC(c3ccccc3)c4ccccc4.O[S](O)(=O)=O,,2,,,,,0.068359,0.4286,,,,,4,2,28,,,,3.765,,,,107.5844,405.516,,,,,7.0,,,,,,,,4,4,,,87.07,,,1.0,,,,
5,bbb_permeability,classification,NB05_bbb_permeability,biperiden,OC(CCN1CCCCC1)(C2CC3CC2C=C3)c4ccccc4,,1,,,,,0.078125,0.619,,,,,2,1,23,,,,3.9624,,,,94.0908,311.469,,,,,2.0,,,,,,,,4,5,,,23.47,,,1.0,,,,
5,bbb_permeability,classification,NB05_bbb_permeability,Hexobarbital,CN1C(=O)NC(=O)C(C)(C1=O)C2=CCCCC2,,0,,,,,0.0625,0.5833,,,,,3,1,17,,,,1.2013,,,,60.9667,236.271,,,,,5.0,,,,,,,,2,1,,,66.48,,,1.0,,,,
5,bbb_permeability,classification,NB05_bbb_permeability,Indinavir,CC(C)(C)NC(=O)[C@@H]1CN(CCN1C[C@@H](O)C[C@@H](Cc2ccccc2)C(=O)N[C@@H]3[C@H](O)Cc4ccccc34)Cc5cccnc5,,3,,,,,0.142578,0.4722,,,,,7,4,45,,,,2.8669,,,,174.067,613.803,,,,,9.0,,,,,,,,5,11,,,118.03,,,1.0,,,,
5,bbb_permeability,classification,NB05_bbb_permeability,Isoflurane,FC(F)OC(Cl)C(F)(F)F,,0,,,,,0.03125,1.0,,,,,1,0,10,,,,2.3528,,,,22.785,184.491,,,,,7.0,,,,,,,,0,2,,,9.23,,,1.0,,,,
5,bbb_permeability,classification,NB05_bbb_permeability,Methohexital,CCC#CC(C)C1(CC=C)C(=O)NC(=O)N(C)C1=O,,0,,,,,0.070312,0.5,,,,,3,1,19,,,,1.3066,,,,70.7867,262.309,,,,,5.0,,,,,,,,1,3,,,66.48,,,1.0,,,,
5,bbb_permeability,classification,NB05_bbb_permeability,Methoxyflurane,COC(F)(F)C(Cl)Cl,,0,,,,,0.029297,1.0,,,,,1,0,8,,,,2.0293,,,,27.45,164.966,,,,,5.0,,,,,,,,0,2,,,9.23,,,1.0,,,,
5,bbb_permeability,classification,NB05_bbb_permeability,Methylcyclopentane,CC1CCCC1,,0,,,,,0.019531,1.0,,,,,0,0,6,,,,2.1965,,,,27.632,84.162,,,,,0.0,,,,,,,,1,0,,,0.0,,,1.0,,,,
5,bbb_permeability,classification,NB05_bbb_permeability,Nor-1-chlorpromazine,N1(c2c(Sc3c1cccc3)ccc(c2)Cl)CCCNC,,2,,,,,0.072266,0.25,,,,,3,1,20,,,,4.5522,,,,87.5667,304.846,,,,,4.0,,,,,,,,3,4,,,15.27,,,1.0,,,,
5,bbb_permeability,classification,NB05_bbb_permeability,Nor-2-chlorpromazine,N1(c2c(Sc3c1cccc3)ccc(c2)Cl)CCCN,,2,,,,,0.0625,0.2,,,,,3,1,19,,,,4.2915,,,,82.6944,290.819,,,,,4.0,,,,,,,,3,3,,,29.26,,,1.0,,,,
5,bbb_permeability,classification,NB05_bbb_permeability,doxylamine,CN(C)CCOC(C)(c1ccccc1)c2ccccn2,,2,,,,,0.064453,0.3529,,,,,3,0,20,,,,2.9233,,,,81.639,270.376,,,,,3.0,,,,,,,,2,6,,,25.36,,,1.0,,,,
5,bbb_permeability,classification,NB05_bbb_permeability,EMD60400,c1ccc([C@H](C[N@]2CC[C@H](C2)O)N(C(Cc2ccccc2N)=O)C)cc1,,2,,,,,0.089844,0.381,,,,,4,2,26,,,,2.0776,,,,103.5752,353.466,,,,,5.0,,,,,,,,3,6,,,69.8,,,0.0,,,,
5,bbb_permeability,classification,NB05_bbb_permeability,enoxacin,CCN1C=C(C(O)=O)C(=O)c2cc(F)c(nc12)N3CCNCC3,,2,,,,,0.091797,0.4,,,,,6,2,23,,,,0.6633,,,,83.677,320.324,,,,,8.0,,,,,,,,3,3,,,87.46,,,0.0,,,,
5,bbb_permeability,classification,NB05_bbb_permeability,fleroxacin,CN1CCN(CC1)c2c(F)cc3C(=O)C(=CN(CCF)c3c2F)C(O)=O,,2,,,,,0.085938,0.4118,,,,,5,1,26,,,,1.6992,,,,90.7683,369.343,,,,,9.0,,,,,,,,3,4,,,65.78,,,0.0,,,,
5,bbb_permeability,classification,NB05_bbb_permeability,GR85571,c1(cc(c(cc1)Cl)Cl)CC(N1[C@@H](CN2CCCC2)CN(CC1)C(=O)C)=O,,1,,,,,0.091797,0.5789,,,,,3,0,26,,,,2.691,,,,103.595,398.334,,,,,7.0,,,,,,,,3,4,,,43.86,,,1.0,,,,
5,bbb_permeability,classification,NB05_bbb_permeability,GR88377,c1(ccc(c(c1)Cl)Cl)CC(N1[C@@H](c2c(CC1)occ2)CN1CCCC1)=O,,2,,,,,0.095703,0.45,,,,,3,0,26,,,,4.3507,,,,102.706,393.314,,,,,6.0,,,,,,,,4,4,,,36.69,,,1.0,,,,
5,bbb_permeability,classification,NB05_bbb_permeability,GR89696,c1(ccc(c(c1)Cl)Cl)CC(N1[C@H](CN(CC1)C(=O)OC)CN1CCCC1)=O,,1,,,,,0.097656,0.5789,,,,,4,0,27,,,,2.9109,,,,105.319,414.333,,,,,8.0,,,,,,,,3,4,,,53.09,,,1.0,,,,
5,bbb_permeability,classification,NB05_bbb_permeability,bromazepam,Brc1ccc2NC(=O)CN=C(c3ccccn3)c2c1,,2,,,,,0.078125,0.0714,,,,,3,1,19,,,,2.6336,,,,77.5147,316.158,,,,,5.0,,,,,,,,3,1,,,54.35,,,1.0,,,,
5,bbb_permeability,classification,NB05_bbb_permeability,buclizine,CC(C)(C)c1ccc(CN2CCN(CC2)C(c3ccccc3)c4ccc(Cl)cc4)cc1,,3,,,,,0.076172,0.3571,,,,,2,0,31,,,,6.5447,,,,131.729,433.039,,,,,3.0,,,,,,,,4,5,,,6.48,,,1.0,,,,
5,bbb_permeability,classification,NB05_bbb_permeability,bufotenine,CN(C)CCc1c[nH]c2ccc(O)cc12,,2,,,,,0.060547,0.3333,,,,,2,2,15,,,,1.9776,,,,62.2215,204.273,,,,,3.0,,,,,,,,2,3,,,39.26,,,1.0,,,,
5,bbb_permeability,classification,NB05_bbb_permeability,bupropion,CC(NC(C)(C)C)C(=O)c1cccc(Cl)c1,,1,,,,,0.0625,0.4615,,,,,2,1,16,,,,3.2993,,,,68.1332,239.746,,,,,3.0,,,,,,,,1,3,,,29.1,,,1.0,,,,
5,bbb_permeability,classification,NB05_bbb_permeability,buramate,OCCOC(=O)NCc1ccccc1,,1,,,,,0.050781,0.3,,,,,3,2,14,,,,0.9051,,,,51.7155,195.218,,,,,4.0,,,,,,,,1,4,,,58.56,,,1.0,,,,
5,bbb_permeability,classification,NB05_bbb_permeability,butabarbital,CCC(C)C1(CC)C(=O)NC(=O)NC1=O,,0,,,,,0.042969,0.7,,,,,3,2,15,,,,0.7949,,,,53.8604,212.249,,,,,5.0,,,,,,,,1,3,,,75.27,,,1.0,,,,
5,bbb_permeability,classification,NB05_bbb_permeability,caffeine,Cn1cnc2N(C)C(=O)N(C)C(=O)c12,,2,,,,,0.046875,0.375,,,,,6,0,14,,,,-1.0293,,,,51.196,194.194,,,,,6.0,,,,,,,,2,0,,,61.82,,,1.0,,,,
5,bbb_permeability,classification,NB05_bbb_permeability,cannabidiol,CCCCCc1cc(O)c(C2C=C(C)CC[C@H]2C(C)=C)c(O)c1,,1,,,,,0.080078,0.5238,,,,,2,2,23,,,,5.8465,,,,97.0366,314.469,,,,,2.0,,,,,,,,2,6,,,40.46,,,1.0,,,,
5,bbb_permeability,classification,NB05_bbb_permeability,capuride,CCC(C)C(CC)C(=O)NC(N)=O,,0,,,,,0.046875,0.7778,,,,,2,2,13,,,,1.2536,,,,50.9621,186.255,,,,,4.0,,,,,,,,0,4,,,72.19,,,1.0,,,,
5,bbb_permeability,classification,NB05_bbb_permeability,carbamazepine,NC(=O)N1c2ccccc2C=Cc3ccccc13,,2,,,,,0.044922,0.0,,,,,1,1,18,,,,3.3872,,,,73.5344,236.274,,,,,3.0,,,,,,,,3,0,,,46.33,,,1.0,,,,
5,bbb_permeability,classification,NB05_bbb_permeability,Northioridazine,CSc1ccc2Sc3ccccc3N(CCC4CCCNC4)c2c1,,2,,,,,0.09375,0.4,,,,,4,1,24,,,,5.4009,,,,106.0047,356.56,,,,,4.0,,,,,,,,4,4,,,15.27,,,1.0,,,,
5,bbb_permeability,classification,NB05_bbb_permeability,Org13011,C1N(CCN(C1)c1cc(ccn1)C(F)(F)F)CCCCN1C(CCC1)=O,,1,,,,,0.087891,0.6667,,,,,4,0,26,,,,2.625,,,,92.94,370.419,,,,,8.0,,,,,,,,3,6,,,39.68,,,1.0,,,,
5,bbb_permeability,classification,NB05_bbb_permeability,Paraxanthine,Cn1cnc2NC(=O)N(C)C(=O)c12,,2,,,,,0.052734,0.2857,,,,,5,1,13,,,,-1.0397,,,,46.5757,180.167,,,,,6.0,,,,,,,,2,0,,,72.68,,,1.0,,,,
5,bbb_permeability,classification,NB05_bbb_permeability,Pentane,CCCCC,,0,,,,,0.013672,1.0,,,,,0,0,5,,,,2.1965,,,,25.199,72.151,,,,,0.0,,,,,,,,0,2,,,0.0,,,1.0,,,,
5,bbb_permeability,classification,NB05_bbb_permeability,Propanol,CCCO,,0,,,,,0.015625,1.0,,,,,1,1,4,,,,0.3887,,,,17.3768,60.096,,,,,1.0,,,,,,,,0,1,,,20.23,,,1.0,,,,
5,bbb_permeability,classification,NB05_bbb_permeability,Propanone,CC(C)=O,,0,,,,,0.011719,0.6667,,,,,1,0,4,,,,0.5953,,,,16.355,58.08,,,,,1.0,,,,,,,,0,0,,,17.07,,,1.0,,,,
5,bbb_permeability,classification,NB05_bbb_permeability,GR89696_et,c1(ccc(c(c1)Cl)Cl)CC(N1[C@H](CN(CC1)C(=O)OCC)CN1CCCC1)=O,,1,,,,,0.095703,0.6,,,,,4,0,28,,,,3.301,,,,109.936,428.36,,,,,8.0,,,,,,,,3,5,,,53.09,,,1.0,,,,
5,bbb_permeability,classification,NB05_bbb_permeability,GR89696_pr,c1(CC(N2[C@H](CN(CC2)C(=O)OCCC)CN2CCCC2)=O)cc(c(cc1)Cl)Cl,,1,,,,,0.103516,0.619,,,,,4,0,29,,,,3.6911,,,,114.553,442.387,,,,,8.0,,,,,,,,3,6,,,53.09,,,1.0,,,,
5,bbb_permeability,classification,NB05_bbb_permeability,GR91272,c1(ccc(c(c1)Cl)Cl)CC(N1[C@@H](c2c(CC1)occ2)C[N@@]1C[C@@H](CC1)O)=O,,2,,,,,0.105469,0.45,,,,,4,1,27,,,,3.3215,,,,104.0958,409.313,,,,,7.0,,,,,,,,4,4,,,56.92,,,1.0,,,,
5,bbb_permeability,classification,NB05_bbb_permeability,GR94839,c1(ccc(c(c1)Cl)Cl)CC(=O)N1[C@H](CN(C(=O)C)CC1)C[N@@]1C[C@H](O)CC1,,1,,,,,0.099609,0.5789,,,,,4,1,27,,,,1.6618,,,,104.9848,414.333,,,,,8.0,,,,,,,,3,4,,,64.09,,,0.0,,,,
5,bbb_permeability,classification,NB05_bbb_permeability,GR94839_A,c1(CC(N2[C@H](CN(CC2)C(=O)C)C[N@]2CC[C@H](C2)O)=O)ccc(C(F)(F)F)cc1,,1,,,,,0.099609,0.6,,,,,4,1,29,,,,1.3738,,,,99.9668,413.44,,,,,9.0,,,,,,,,3,4,,,64.09,,,0.0,,,,
5,bbb_permeability,classification,NB05_bbb_permeability,GR94839_B,c1(ccc(cc1)SC)CC(N1[C@H](CN(CC1)C(=O)C)C[N@]1CC[C@H](C1)O)=O,,1,,,,,0.097656,0.6,,,,,5,1,27,,,,1.0769,,,,106.7458,391.537,,,,,7.0,,,,,,,,3,5,,,64.09,,,0.0,,,,
5,bbb_permeability,classification,NB05_bbb_permeability,GR94839_C,c1(CC(N2[C@H](CN(CC2)C(=O)C)C[N@]2CC[C@H](C2)O)=O)cc(cc(c1)F)F,,1,,,,,0.091797,0.5789,,,,,4,1,27,,,,0.6332,,,,94.8808,381.423,,,,,8.0,,,,,,,,3,4,,,64.09,,,0.0,,,,
5,bbb_permeability,classification,NB05_bbb_permeability,GR94839_D,c1(CC(N2[C@H](CN(CC2)C(=O)C)C[N@]2CC[C@H](C2)O)=O)cc(ccc1)OC,,1,,,,,0.105469,0.6,,,,,5,1,27,,,,0.3636,,,,101.5168,375.469,,,,,7.0,,,,,,,,3,5,,,73.32,,,0.0,,,,
5,bbb_permeability,classification,NB05_bbb_permeability,GR94839_E,c1(CC(N2[C@H](CN(CC2)C(=O)C)C[N@]2CC[C@H](O)C2)=O)ccc(N(=O)=O)cc1,,1,,,,,0.101562,0.5789,,,,,6,1,28,,,,0.2632,,,,101.6192,390.44,,,,,9.0,,,,,,,,3,5,,,107.23,,,0.0,,,,
5,bbb_permeability,classification,NB05_bbb_permeability,GR94839_F,c1(CC(N2[C@H](CN(CC2)C(=O)C)C[N@]2CC[C@H](C2)O)=O)ccc(OC)cc1,,1,,,,,0.097656,0.6,,,,,5,1,27,,,,0.3636,,,,101.5168,375.469,,,,,7.0,,,,,,,,3,5,,,73.32,,,0.0,,,,
5,bbb_permeability,classification,NB05_bbb_permeability,carphenazine,CCC(=O)c1ccc2Sc3ccccc3N(CCCN4CCN(CCO)CC4)c2c1,,2,,,,,0.091797,0.4583,,,,,6,1,30,,,,3.882,,,,123.2173,425.598,,,,,6.0,,,,,,,,4,8,,,47.02,,,1.0,,,,
5,bbb_permeability,classification,NB05_bbb_permeability,cartazolate,CCCCNc1c(cnc2n(CC)ncc12)C(=O)OCC,,2,,,,,0.083984,0.5333,,,,,6,1,21,,,,2.8399,,,,82.5562,290.367,,,,,6.0,,,,,,,,2,7,,,69.04,,,1.0,,,,
5,bbb_permeability,classification,NB05_bbb_permeability,centazolone,NN1C=Nc2cc3ccccc3cc2C1=O,,3,,,,,0.054688,0.0,,,,,4,1,16,,,,1.2635,,,,63.6594,211.224,,,,,4.0,,,,,,,,3,0,,,60.91,,,1.0,,,,
5,bbb_permeability,classification,NB05_bbb_permeability,chloralhydrate,OC(O)C(Cl)(Cl)Cl,,0,,,,,0.017578,1.0,,,,,2,2,7,,,,0.6673,,,,28.5156,165.403,,,,,5.0,,,,,,,,0,0,,,40.46,,,1.0,,,,
5,bbb_permeability,classification,NB05_bbb_permeability,chlordiazepoxide,CN=C1CN(O)C(=C2C=C(Cl)C=CC2=N1)c3ccccc3,,2,,,,,0.078125,0.125,,,,,3,1,21,,,,1.8492,,,,83.0365,299.761,,,,,5.0,,,,,,,,3,1,,,48.19,,,1.0,,,,
5,bbb_permeability,classification,NB05_bbb_permeability,chlorpromazine,CN(C)CCCN1c2ccccc2Sc3ccc(Cl)cc13,,2,,,,,0.072266,0.2941,,,,,3,0,21,,,,4.8944,,,,92.194,318.873,,,,,4.0,,,,,,,,3,4,,,6.48,,,1.0,,,,
5,bbb_permeability,classification,NB05_bbb_permeability,chlorprothixene,CN(C)CC\C=C/1c2ccccc2Sc3ccc(Cl)cc13,,2,,,,,0.070312,0.2222,,,,,2,0,21,,,,5.188,,,,92.267,315.869,,,,,3.0,,,,,,,,3,3,,,3.24,,,1.0,,,,
5,bbb_permeability,classification,NB05_bbb_permeability,chlorzoxazone,Clc1ccc2OC(=O)Nc2c1,,2,,,,,0.044922,0.0,,,,,2,1,11,,,,1.7745,,,,41.8447,169.567,,,,,4.0,,,,,,,,2,0,,,46.0,,,1.0,,,,
5,bbb_permeability,classification,NB05_bbb_permeability,choline,C[N+](C)(C)CCO,,0,,,,,0.023438,1.0,,,,,1,1,7,,,,-0.3151,,,,29.9852,104.173,,,,,2.0,,,,,,,,0,2,,,20.23,,,1.0,,,,
5,bbb_permeability,classification,NB05_bbb_permeability,clobazam,CN1C(=O)CC(=O)N(c2ccccc2)c3cc(Cl)ccc13,,2,,,,,0.068359,0.125,,,,,2,0,21,,,,3.3712,,,,83.067,300.745,,,,,5.0,,,,,,,,3,1,,,40.62,,,1.0,,,,
5,bbb_permeability,classification,NB05_bbb_permeability,RO19-4603,CN1Cc2n(cnc2C(=O)OC(C)(C)C)c3ccsc3C1=O,,2,,,,,0.089844,0.4,,,,,6,0,22,,,,2.4747,,,,82.407,319.386,,,,,7.0,,,,,,,,3,1,,,64.43,,,1.0,,,,
5,bbb_permeability,classification,NB05_bbb_permeability,SKF101468,C1C(Nc2c1c(ccc2)CCN(CCC)CCC)=O,,1,,,,,0.068359,0.5625,,,,,2,1,19,,,,2.8457,,,,79.5017,260.381,,,,,3.0,,,,,,,,2,7,,,32.34,,,1.0,,,,
5,bbb_permeability,classification,NB05_bbb_permeability,SKF89124,C1C(Nc2c1c(ccc2O)CCN(CCC)CCC)=O,,1,,,,,0.074219,0.5625,,,,,3,2,20,,,,2.5513,,,,81.1665,276.38,,,,,4.0,,,,,,,,2,7,,,52.57,,,1.0,,,,
5,bbb_permeability,classification,NB05_bbb_permeability,Salicyluricacid,OC(=O)CNC(=O)c1ccccc1O,,1,,,,,0.048828,0.1111,,,,,3,3,14,,,,0.2066,,,,48.0758,195.174,,,,,5.0,,,,,,,,1,3,,,86.63,,,1.0,,,,
5,bbb_permeability,classification,NB05_bbb_permeability,Sulforidazine,CN1CCCCC1CCN2c3ccccc3Sc4ccc(cc24)[S](C)(=O)=O,,2,,,,,0.09375,0.4286,,,,,5,0,27,,,,4.5672,,,,112.0088,402.585,,,,,6.0,,,,,,,,4,4,,,40.62,,,1.0,,,,
5,bbb_permeability,classification,NB05_bbb_permeability,Teflurane,FC(Br)C(F)(F)F,,0,,,,,0.019531,1.0,,,,,0,0,7,,,,2.2392,,,,19.878,180.926,,,,,5.0,,,,,,,,0,0,,,0.0,,,1.0,,,,
5,bbb_permeability,classification,NB05_bbb_permeability,Theobromine,Cn1cnc2N(C)C(=O)NC(=O)c12,,2,,,,,0.050781,0.2857,,,,,5,1,13,,,,-1.0397,,,,46.5757,180.167,,,,,6.0,,,,,,,,2,0,,,72.68,,,1.0,,,,
5,bbb_permeability,classification,NB05_bbb_permeability,Thiopental,CCCC(C)C1(CC)C(=O)NC(=S)NC1=O,,0,,,,,0.050781,0.7273,,,,,3,2,16,,,,1.3499,,,,65.6794,242.344,,,,,5.0,,,,,,,,1,4,,,58.2,,,0.0,,,,
5,bbb_permeability,classification,NB05_bbb_permeability,Toluene,Cc1ccccc1,,1,,,,,0.021484,0.1429,,,,,0,0,7,,,,1.995,,,,31.179,92.141,,,,,0.0,,,,,,,,1,0,,,0.0,,,1.0,,,,
5,bbb_permeability,classification,NB05_bbb_permeability,Triazolam,Cc1nnc2CN=C(c3ccccc3Cl)c4cc(Cl)ccc4n12,,3,,,,,0.080078,0.1176,,,,,4,0,23,,,,4.2335,,,,91.901,343.217,,,,,6.0,,,,,,,,4,1,,,43.07,,,1.0,,,,
5,bbb_permeability,classification,NB05_bbb_permeability,GR94839_G,c1(CC(N2[C@H](CN(CC2)C(=O)C)C[N@]2CC[C@H](O)C2)=O)cc(ccc1)N(=O)=O,,1,,,,,0.109375,0.5789,,,,,6,1,28,,,,0.2632,,,,101.6192,390.44,,,,,9.0,,,,,,,,3,5,,,107.23,,,0.0,,,,
5,bbb_permeability,classification,NB05_bbb_permeability,GR94839_H,c1(ccccc1)CC(N1[C@H](CN(CC1)C(=O)C)C[N@]1CC[C@H](C1)O)=O,,1,,,,,0.089844,0.5789,,,,,4,1,25,,,,0.355,,,,94.9648,345.443,,,,,6.0,,,,,,,,3,4,,,64.09,,,0.0,,,,
5,bbb_permeability,classification,NB05_bbb_permeability,GR94839_I,c1(CC(N2[C@H](CN(CC2)C(=O)C)C[N@]2CC[C@H](O)C2)=O)ccc([S@](=O)C)cc1,,1,,,,,0.097656,0.6,,,,,5,1,28,,,,0.0924,,,,107.2972,407.536,,,,,8.0,,,,,,,,3,5,,,81.16,,,0.0,,,,
5,bbb_permeability,classification,NB05_bbb_permeability,GR94839_L,c1(CC(N2[C@H](CN(CC2)C(=O)C)C[N@]2CC[C@H](O)C2)=O)ccc(S(=O)(=O)C)cc1,,1,,,,,0.099609,0.6,,,,,6,1,29,,,,-0.2415,,,,108.0746,423.535,,,,,9.0,,,,,,,,3,5,,,98.23,,,0.0,,,,
5,bbb_permeability,classification,NB05_bbb_permeability,ICI197067,CC(C)[C@@H](CN1CCCC1)N(C)C(=O)Cc2ccc(Cl)c(Cl)c2,,1,,,,,0.082031,0.6111,,,,,2,0,23,,,,4.1147,,,,97.236,357.325,,,,,5.0,,,,,,,,2,6,,,23.55,,,1.0,,,,
5,bbb_permeability,classification,NB05_bbb_permeability,ICI199441,c1(ccccc1)[C@H](CN1CCCC1)N(C(=O)Cc1ccc(c(c1)Cl)Cl)C,,2,,,,,0.085938,0.381,,,,,2,0,26,,,,4.8314,,,,107.793,391.342,,,,,5.0,,,,,,,,3,6,,,23.55,,,1.0,,,,
5,bbb_permeability,classification,NB05_bbb_permeability,isoxicam,CN1C(=C(\O)Nc2cc(C)on2)/C(=O)c3ccccc3[S]1(=O)=O,,2,,,,,0.080078,0.1429,,,,,7,2,23,,,,1.639,,,,80.2388,335.341,,,,,9.0,,,,,,,,3,2,,,112.74,,,0.0,,,,
5,bbb_permeability,classification,NB05_bbb_permeability,Levallorphan,Oc1ccc2C[C@@H]3[C@@H]4CCCC[C@]4(CCN3CC=C)c2c1,,1,,,,,0.085938,0.5789,,,,,2,1,21,,,,3.6366,,,,85.6218,283.415,,,,,2.0,,,,,,,,4,2,,,23.47,,,1.0,,,,
5,bbb_permeability,classification,NB05_bbb_permeability,lomefloxacin,CCN1C=C(C(O)=O)C(=O)c2cc(F)c(N3CCNC(C)C3)c(F)c12,,2,,,,,0.095703,0.4118,,,,,5,2,25,,,,1.7959,,,,90.435,351.353,,,,,8.0,,,,,,,,3,3,,,74.57,,,0.0,,,,
5,bbb_permeability,classification,NB05_bbb_permeability,loperamide,CN(C)C(=O)C(CCN1CCC(O)(CC1)c2ccc(Cl)cc2)(c3ccccc3)c4ccccc4,,3,,,,,0.087891,0.3448,,,,,3,1,34,,,,5.088,,,,137.9978,477.048,,,,,5.0,,,,,,,,4,7,,,43.78,,,0.0,,,,
5,bbb_permeability,classification,NB05_bbb_permeability,clomipramine,CN(C)CCCN1c2ccccc2CCc3ccc(Cl)cc13,,2,,,,,0.074219,0.3684,,,,,2,0,22,,,,4.5284,,,,95.479,314.86,,,,,3.0,,,,,,,,3,4,,,6.48,,,1.0,,,,
5,bbb_permeability,classification,NB05_bbb_permeability,clonazepam,[O-][N+](=O)c1ccc2NC(=O)CN=C(c3ccccc3Cl)c2c1,,2,,,,,0.083984,0.0667,,,,,4,1,22,,,,3.0377,,,,83.6841,315.716,,,,,7.0,,,,,,,,3,2,,,84.6,,,1.0,,,,
5,bbb_permeability,classification,NB05_bbb_permeability,clopenthixol,OCCN1CCN(CC\C=C/2c3ccccc3Sc4ccc(Cl)cc24)CC1,,2,,,,,0.082031,0.3636,,,,,4,1,27,,,,4.2363,,,,113.6788,400.975,,,,,5.0,,,,,,,,4,5,,,26.71,,,1.0,,,,
5,bbb_permeability,classification,NB05_bbb_permeability,clopimozide,Fc1ccc(cc1)C(CCCN2CCC(CC2)N3C(=O)Nc4cc(Cl)ccc34)c5ccc(F)cc5,,4,,,,,0.099609,0.3214,,,,,3,1,35,,,,6.5104,,,,136.1567,496.001,,,,,7.0,,,,,,,,5,7,,,41.03,,,1.0,,,,
5,bbb_permeability,classification,NB05_bbb_permeability,cocaine,COC(=O)[C@H]1[C@H](CC2CCC1N2C)OC(=O)c3ccccc3,,1,,,,,0.082031,0.5294,,,,,5,0,22,,,,1.8677,,,,80.3415,303.358,,,,,5.0,,,,,,,,3,3,,,55.84,,,1.0,,,,
5,bbb_permeability,classification,NB05_bbb_permeability,codeine,COc1ccc2C[C@@H]3[C@@H]4C=C[C@H](O)[C@@H]5Oc1c2[C@]45CCN3C,,1,,,,,0.091797,0.5556,,,,,4,1,22,,,,1.5011,,,,82.4638,299.37,,,,,4.0,,,,,,,,5,1,,,41.93,,,1.0,,,,
5,bbb_permeability,classification,NB05_bbb_permeability,cyclazocine,CC1C2Cc3ccc(O)cc3C1(C)CCN2CC4CC4,,1,,,,,0.080078,0.6667,,,,,2,1,20,,,,3.3264,,,,81.0288,271.404,,,,,2.0,,,,,,,,4,2,,,23.47,,,1.0,,,,
5,bbb_permeability,classification,NB05_bbb_permeability,cyclophenazine,FC(F)(F)c1ccc2Sc3ccccc3N(CCCN4CCN(CC4)C5CC5)c2c1,,2,,,,,0.09375,0.4783,,,,,4,0,30,,,,5.4782,,,,114.667,433.543,,,,,7.0,,,,,,,,5,5,,,9.72,,,1.0,,,,
5,bbb_permeability,classification,NB05_bbb_permeability,deanol,CN(C)CCO,,0,,,,,0.023438,1.0,,,,,2,1,6,,,,-0.4597,,,,25.6398,89.138,,,,,2.0,,,,,,,,0,2,,,23.47,,,1.0,,,,
5,bbb_permeability,classification,NB05_bbb_permeability,demerol,[H+].[Cl-].CCOC(=O)C1(CCN(C)CC1)c2ccccc2,,1,,,,,0.066406,0.5333,,,,,3,0,19,,,,-0.6704,,,,72.596,283.799,,,,,4.0,,,,,,,,2,3,,,29.54,,,1.0,,,,
5,bbb_permeability,classification,NB05_bbb_permeability,Trichloroethylene,ClC=C(Cl)Cl,,0,,,,,0.015625,0.0,,,,,0,0,5,,,,2.5017,,,,25.642,131.389,,,,,3.0,,,,,,,,0,0,,,0.0,,,1.0,,,,
5,bbb_permeability,classification,NB05_bbb_permeability,Trichloromethane,ClC(Cl)Cl,,0,,,,,0.007812,1.0,,,,,0,0,4,,,,1.9864,,,,21.347,119.378,,,,,3.0,,,,,,,,0,0,,,0.0,,,1.0,,,,
5,bbb_permeability,classification,NB05_bbb_permeability,Y-G14,c1c(nccc1)CCNC,,1,,,,,0.046875,0.375,,,,,2,1,10,,,,0.8435,,,,41.8677,136.198,,,,,2.0,,,,,,,,1,3,,,24.92,,,1.0,,,,
5,bbb_permeability,classification,NB05_bbb_permeability,Y-G15,c1c(nccc1)CCN(C)C,,1,,,,,0.044922,0.4444,,,,,2,0,11,,,,1.1857,,,,46.495,150.225,,,,,2.0,,,,,,,,1,3,,,16.13,,,1.0,,,,
5,bbb_permeability,classification,NB05_bbb_permeability,Y-G16,n1c(scc1)CCN,,1,,,,,0.039062,0.4,,,,,3,1,8,,,,0.6443,,,,34.8724,128.2,,,,,3.0,,,,,,,,1,2,,,38.91,,,1.0,,,,
5,bbb_permeability,classification,NB05_bbb_permeability,Y-G19,n1c(scc1c1ccccc1)CCN,,2,,,,,0.054688,0.1818,,,,,3,1,14,,,,2.3113,,,,60.3084,204.298,,,,,3.0,,,,,,,,2,3,,,38.91,,,0.0,,,,
5,bbb_permeability,classification,NB05_bbb_permeability,Y-G20,c1c(nc2n1cccc2)CCN,,2,,,,,0.054688,0.2222,,,,,3,1,12,,,,0.8355,,,,47.9504,161.208,,,,,3.0,,,,,,,,2,2,,,43.32,,,0.0,,,,
5,bbb_permeability,classification,NB05_bbb_permeability,m-Xylene,Cc1cccc(C)c1,,1,,,,,0.023438,0.25,,,,,0,0,8,,,,2.3034,,,,35.916,106.168,,,,,0.0,,,,,,,,1,0,,,0.0,,,1.0,,,,
5,bbb_permeability,classification,NB05_bbb_permeability,loratadine,CCOC(=O)N1CCC(CC1)=C2c3ccc(Cl)cc3CCc4cccnc24,,2,,,,,0.09375,0.3636,,,,,3,0,27,,,,4.8878,,,,106.948,382.891,,,,,5.0,,,,,,,,4,1,,,42.43,,,0.0,,,,
5,bbb_permeability,classification,NB05_bbb_permeability,meloxicam,CN1C(=C(/O)Nc2sc(C)cn2)/C(=O)c3ccccc3[S]1(=O)=O,,2,,,,,0.082031,0.1429,,,,,7,2,23,,,,2.1075,,,,85.8498,351.409,,,,,9.0,,,,,,,,3,2,,,99.6,,,0.0,,,,
5,bbb_permeability,classification,NB05_bbb_permeability,Nalorphine,O[C@H]1C=C[C@H]2[C@H]3Cc4ccc(O)c5O[C@@H]1[C@]2(CCN3CC=C)c45,,1,,,,,0.097656,0.4737,,,,,4,2,23,,,,1.7543,,,,86.7166,311.381,,,,,4.0,,,,,,,,5,2,,,52.93,,,1.0,,,,
5,bbb_permeability,classification,NB05_bbb_permeability,naltrexone,Oc1ccc2C[C@H]3N(CC[C@@]45[C@@H](Oc1c24)C(=O)CC[C@@]35O)CC6CC6,,1,,,,,0.095703,0.65,,,,,5,2,25,,,,1.5254,,,,89.7976,341.407,,,,,5.0,,,,,,,,6,2,,,70.0,,,1.0,,,,
5,bbb_permeability,classification,NB05_bbb_permeability,norfloxacin,CCN1C=C(C(O)=O)C(=O)c2cc(F)c(cc12)N3CCNCC3,,2,,,,,0.087891,0.375,,,,,5,2,23,,,,1.2683,,,,85.882,319.336,,,,,7.0,,,,,,,,3,3,,,74.57,,,0.0,,,,
5,bbb_permeability,classification,NB05_bbb_permeability,pefloxacin,CCN1C=C(C(O)=O)C(=O)c2cc(F)c(cc12)N3CCN(C)CC3,,2,,,,,0.085938,0.4118,,,,,5,1,24,,,,1.6105,,,,90.5093,333.363,,,,,7.0,,,,,,,,3,3,,,65.78,,,0.0,,,,
5,bbb_permeability,classification,NB05_bbb_permeability,piroxicam,CN1C(=C(/O)Nc2ccccn2)/C(=O)c3ccccc3[S]1(=O)=O,,2,,,,,0.076172,0.0667,,,,,6,2,23,,,,1.7376,,,,83.2358,331.353,,,,,8.0,,,,,,,,3,2,,,99.6,,,0.0,,,,
5,bbb_permeability,classification,NB05_bbb_permeability,roxindole,C[S](O)(=O)=O.Oc1ccc2[nH]cc(CCCCN3CCC(=CC3)c4ccccc4)c2c1,,3,,,,,0.105469,0.3333,,,,,4,3,31,,,,4.4895,,,,125.8501,442.581,,,,,7.0,,,,,,,,4,6,,,93.63,,,1.0,,,,
5,bbb_permeability,classification,NB05_bbb_permeability,deserpidine,CO[C@H]1[C@@H](C[C@@H]2CN3CCc4c([nH]c5ccccc45)[C@H]3C[C@@H]2[C@@H]1C(=O)OC)OC(=O)c6cc(OC)c(OC)c(OC)c6,,3,,,,,0.126953,0.5,,,,,9,1,42,,,,4.1625,,,,154.1352,578.662,,,,,10.0,,,,,,,,6,7,,,108.55,,,1.0,,,,
5,bbb_permeability,classification,NB05_bbb_permeability,desipramine,CNCCCN1c2ccccc2CCc3ccccc13,,2,,,,,0.056641,0.3333,,,,,2,1,20,,,,3.5328,,,,85.8417,266.388,,,,,2.0,,,,,,,,3,4,,,15.27,,,1.0,,,,
5,bbb_permeability,classification,NB05_bbb_permeability,diazepam,CN1C(=O)CN=C(c2ccccc2)c3cc(Cl)ccc13,,2,,,,,0.074219,0.125,,,,,2,0,20,,,,3.1538,,,,81.81,284.746,,,,,4.0,,,,,,,,3,1,,,32.67,,,1.0,,,,
5,bbb_permeability,classification,NB05_bbb_permeability,dihydrocodeine,COc1ccc2C[C@@H]3[C@@H]4CC[C@H](O)[C@@H]5Oc1c2[C@]45CCN3C,,1,,,,,0.089844,0.6667,,,,,4,1,22,,,,1.7251,,,,82.5578,301.386,,,,,4.0,,,,,,,,5,1,,,41.93,,,1.0,,,,
5,bbb_permeability,classification,NB05_bbb_permeability,dihydromorphine,CN1CCC23C4CCC(O)C2Oc5c(O)ccc(CC14)c35,,1,,,,,0.085938,0.6471,,,,,4,2,21,,,,1.4221,,,,77.6706,287.359,,,,,4.0,,,,,,,,5,0,,,52.93,,,1.0,,,,
5,bbb_permeability,classification,NB05_bbb_permeability,diphenhydramine,CN(C)CCOC(c1ccccc1)c2ccccc2,,2,,,,,0.048828,0.2941,,,,,2,0,19,,,,3.3542,,,,79.233,255.361,,,,,2.0,,,,,,,,2,6,,,12.47,,,1.0,,,,
5,bbb_permeability,classification,NB05_bbb_permeability,diphenhylhydantoin,O=C1NC(=O)C(N1)(c2ccccc2)c3ccccc3,,2,,,,,0.042969,0.0667,,,,,2,2,19,,,,1.7696,,,,70.3384,252.273,,,,,4.0,,,,,,,,3,2,,,58.2,,,1.0,,,,
5,bbb_permeability,classification,NB05_bbb_permeability,dixyrazine,CC(CN1CCN(CCOCCO)CC1)CN2c3ccccc3Sc4ccccc24,,2,,,,,0.083984,0.5,,,,,6,1,30,,,,3.5519,,,,123.9618,427.614,,,,,6.0,,,,,,,,4,9,,,39.18,,,1.0,,,,
5,bbb_permeability,classification,NB05_bbb_permeability,DMT,COC(=O)c1ccc(cc1)C(=O)OC,,1,,,,,0.03125,0.2,,,,,4,0,14,,,,1.2598,,,,49.121,194.186,,,,,4.0,,,,,,,,1,2,,,52.6,,,1.0,,,,
5,bbb_permeability,classification,NB05_bbb_permeability,o-Xylene,Cc1ccccc1C,,1,,,,,0.019531,0.25,,,,,0,0,8,,,,2.3034,,,,35.916,106.168,,,,,0.0,,,,,,,,1,0,,,0.0,,,1.0,,,,
5,bbb_permeability,classification,NB05_bbb_permeability,p-Xylene,Cc1ccc(C)cc1,,1,,,,,0.015625,0.25,,,,,0,0,8,,,,2.3034,,,,35.916,106.168,,,,,0.0,,,,,,,,1,0,,,0.0,,,1.0,,,,
5,bbb_permeability,classification,NB05_bbb_permeability,2-propanol,CC(C)O,,0,,,,,0.011719,1.0,,,,,1,1,4,,,,0.3871,,,,17.3548,60.096,,,,,1.0,,,,,,,,0,0,,,20.23,,,1.0,,,,
5,bbb_permeability,classification,NB05_bbb_permeability,Carbamazepineepoxide,NC(=O)N1c2ccccc2C3OC3c4ccccc14,,2,,,,,0.046875,0.1333,,,,,2,1,19,,,,3.0294,,,,71.1734,252.273,,,,,4.0,,,,,,,,4,0,,,58.86,,,1.0,,,,
5,bbb_permeability,classification,NB05_bbb_permeability,SB-222200,c12c(nc(c(c1C(N[C@@H](CC)c1ccccc1)=O)C)c1ccccc1)cccc2,,4,,,,,0.083984,0.1538,,,,,2,1,29,,,,6.0913,,,,118.8562,380.491,,,,,3.0,,,,,,,,4,5,,,41.99,,,1.0,,,,
5,bbb_permeability,classification,NB05_bbb_permeability,Tertbutylchlorambucil,c1cc(ccc1CCCC(OC(C)(C)C)=O)N(CCCl)CCCl,,1,,,,,0.072266,0.6111,,,,,3,0,23,,,,4.635,,,,98.878,360.325,,,,,5.0,,,,,,,,1,9,,,29.54,,,1.0,,,,
5,bbb_permeability,classification,NB05_bbb_permeability,Delavirdine,CC(C)Nc1cccnc1N2CCN(CC2)C(=O)c3[nH]c4ccc(N[S](C)(=O)=O)cc4c3,,3,,,,,0.115234,0.3636,,,,,6,3,32,,,,2.7171,,,,127.8774,456.572,,,,,10.0,,,,,,,,4,6,,,110.43,,,0.0,,,,
5,bbb_permeability,classification,NB05_bbb_permeability,Ebastine,CC(C)(C)c1ccc(cc1)C(=O)CCCN2CCC(CC2)OC(c3ccccc3)c4ccccc4,,3,,,,,0.091797,0.4062,,,,,3,0,35,,,,7.2176,,,,143.9805,469.669,,,,,3.0,,,,,,,,4,9,,,29.54,,,0.0,,,,
5,bbb_permeability,classification,NB05_bbb_permeability,Pirenzepine,CN1CCN(CC1)CC(=O)N2c3ccccc3C(=O)Nc4cccnc24,,2,,,,,0.091797,0.3158,,,,,5,1,26,,,,1.5594,,,,99.7152,351.41,,,,,7.0,,,,,,,,4,2,,,68.78,,,1.0,,,,
5,bbb_permeability,classification,NB05_bbb_permeability,RP60180,c1ccc2N([C@H](CN3CCCC3)C)c3c(ccc(C(=O)NCCC)c3)Sc2c1,,2,,,,,0.099609,0.4348,,,,,4,1,28,,,,4.9134,,,,116.9062,395.572,,,,,5.0,,,,,,,,4,6,,,35.58,,,1.0,,,,
5,bbb_permeability,classification,NB05_bbb_permeability,rufloxacin,CN1CCN(CC1)c2c(F)cc3C(=O)C(=CN4CCSc2c34)C(O)=O,,2,,,,,0.087891,0.4118,,,,,6,1,25,,,,1.6963,,,,95.5593,363.414,,,,,8.0,,,,,,,,4,2,,,65.78,,,0.0,,,,
5,bbb_permeability,classification,NB05_bbb_permeability,salbutamol,CC(C)(C)NCC(O)c1ccc(O)c(CO)c1,,1,,,,,0.060547,0.5385,,,,,4,4,17,,,,1.306,,,,66.7451,239.315,,,,,4.0,,,,,,,,1,4,,,72.72,,,0.0,,,,
5,bbb_permeability,classification,NB05_bbb_permeability,Sankyo,c1(ccc(c(c1)Cl)Cl)CC(=O)N1[C@H](C[N@@](C)CC1)CN1CCCC1,,1,,,,,0.087891,0.6111,,,,,3,0,24,,,,2.7743,,,,98.838,370.324,,,,,6.0,,,,,,,,3,4,,,26.79,,,1.0,,,,
5,bbb_permeability,classification,NB05_bbb_permeability,SB201708,c1(ccc(c(c1)Cl)Cl)CC(N1[C@H](CN2CCCC2)c2n(CC1)ccn2)=O,,2,,,,,0.091797,0.4737,,,,,4,0,26,,,,3.4117,,,,102.521,393.318,,,,,7.0,,,,,,,,4,4,,,41.37,,,1.0,,,,
5,bbb_permeability,classification,NB05_bbb_permeability,SB204454,c1(ccc(c(c1)Cl)Cl)CC(N1[C@H](C[C@]2(CC1)NC(NC2=O)=O)CN1CCCC1)=O,,1,,,,,0.101562,0.55,,,,,4,2,29,,,,2.2009,,,,109.9804,439.343,,,,,9.0,,,,,,,,4,4,,,81.75,,,0.0,,,,
5,bbb_permeability,classification,NB05_bbb_permeability,SB204459,c1(ccc(c(c1)Cl)Cl)CC(N1[C@H](C[N@@]2C[C@@H](CC2)O)c2n(CC1)ccn2)=O,,2,,,,,0.099609,0.4737,,,,,5,1,27,,,,2.3825,,,,103.9108,409.317,,,,,8.0,,,,,,,,4,4,,,61.6,,,0.0,,,,
5,bbb_permeability,classification,NB05_bbb_permeability,SB204484,c1(ccc(c(c1)Cl)Cl)CC(N1[C@H](CN2CCCC2)c2n(CC1)ncn2)=O,,2,,,,,0.095703,0.5,,,,,5,0,26,,,,2.8067,,,,100.316,394.306,,,,,8.0,,,,,,,,4,4,,,54.26,,,1.0,,,,
5,bbb_permeability,classification,NB05_bbb_permeability,SB205563,c1(ccc(c(c1)Cl)Cl)CC(N1[C@@H](C[N@@]2C[C@@H](CC2)O)C[N@](CC1)CCO)=O,,1,,,,,0.099609,0.6316,,,,,5,2,27,,,,1.1076,,,,106.2566,416.349,,,,,8.0,,,,,,,,3,6,,,67.25,,,0.0,,,,
5,bbb_permeability,classification,NB05_bbb_permeability,doxepin,[H+].[Cl-].CN(C)CC\C=C/1c2ccccc2COc3ccccc13,,2,,,,,0.068359,0.2632,,,,,2,0,22,,,,1.0789,,,,88.578,315.844,,,,,3.0,,,,,,,,3,3,,,12.47,,,1.0,,,,
5,bbb_permeability,classification,NB05_bbb_permeability,doxylamine succinate,CN(C)CCOC(C)(c1ccccc1)c2ccccn2.OC(=O)CCC(O)=O,,2,,,,,0.078125,0.381,,,,,5,2,28,,,,2.8591,,,,106.1446,388.464,,,,,7.0,,,,,,,,2,9,,,99.96,,,1.0,,,,
5,bbb_permeability,classification,NB05_bbb_permeability,droperidol,Fc1ccc(cc1)C(=O)CCCN2CCC(=CC2)N3C(=O)Nc4ccccc34,,3,,,,,0.099609,0.2727,,,,,4,1,28,,,,3.6784,,,,107.8532,379.435,,,,,6.0,,,,,,,,4,6,,,58.1,,,1.0,,,,
5,bbb_permeability,classification,NB05_bbb_permeability,ectylurea,CC\C(=C/C)C(=O)NC(N)=O,,0,,,,,0.041016,0.4286,,,,,2,2,11,,,,0.5376,,,,41.7741,156.185,,,,,4.0,,,,,,,,0,2,,,72.19,,,1.0,,,,
5,bbb_permeability,classification,NB05_bbb_permeability,emylcamate,CCC(C)(CC)OC(N)=O,,0,,,,,0.035156,0.8571,,,,,2,1,10,,,,1.6604,,,,39.6554,145.202,,,,,3.0,,,,,,,,0,3,,,52.32,,,1.0,,,,
5,bbb_permeability,classification,NB05_bbb_permeability,estazolam,Clc1ccc2n3cnnc3CN=C(c4ccccc4)c2c1,,3,,,,,0.078125,0.0625,,,,,4,0,21,,,,3.2717,,,,82.154,294.745,,,,,5.0,,,,,,,,4,1,,,43.07,,,1.0,,,,
5,bbb_permeability,classification,NB05_bbb_permeability,etaqualone,CCc1ccccc1N2C(=Nc3ccccc3C2=O)C,,3,,,,,0.064453,0.1765,,,,,3,0,20,,,,3.2565,,,,81.455,264.328,,,,,3.0,,,,,,,,3,2,,,34.89,,,1.0,,,,
5,bbb_permeability,classification,NB05_bbb_permeability,etazolate,CCOC(=O)c1cnc2n(CC)ncc2c1NN=C(C)C,,2,,,,,0.083984,0.4286,,,,,7,1,21,,,,2.4356,,,,81.5642,289.339,,,,,7.0,,,,,,,,2,5,,,81.4,,,1.0,,,,
5,bbb_permeability,classification,NB05_bbb_permeability,ethchlorvynol,CCC(O)(\C=C\Cl)C#C,,0,,,,,0.041016,0.4286,,,,,1,1,9,,,,1.5132,,,,39.0668,144.601,,,,,2.0,,,,,,,,0,2,,,20.23,,,1.0,,,,
5,bbb_permeability,classification,NB05_bbb_permeability,ethinamate,NC(=O)OC1(CCCCC1)C#C,,0,,,,,0.044922,0.6667,,,,,2,1,12,,,,1.4178,,,,45.3174,167.208,,,,,3.0,,,,,,,,1,1,,,52.32,,,1.0,,,,
5,bbb_permeability,classification,NB05_bbb_permeability,5-66,c1cc(CCNC)ncc1,,1,,,,,0.046875,0.375,,,,,2,1,10,,,,0.8435,,,,41.8677,136.198,,,,,2.0,,,,,,,,1,3,,,24.92,,,1.0,,,,
5,bbb_permeability,classification,NB05_bbb_permeability,5-67,c1cc(CCN(C)C)ncc1,,1,,,,,0.044922,0.4444,,,,,2,0,11,,,,1.1857,,,,46.495,150.225,,,,,2.0,,,,,,,,1,3,,,16.13,,,1.0,,,,
5,bbb_permeability,classification,NB05_bbb_permeability,5-68,s1c(ncc1)CCN,,1,,,,,0.039062,0.4,,,,,3,1,8,,,,0.6443,,,,34.8724,128.2,,,,,3.0,,,,,,,,1,2,,,38.91,,,1.0,,,,
5,bbb_permeability,classification,NB05_bbb_permeability,5-69,c1nc(C2CCN(CC2)C(NC2CCCCC2)=S)c[nH]1,,1,,,,,0.072266,0.7333,,,,,2,2,20,,,,2.7963,,,,84.7424,292.452,,,,,5.0,,,,,,,,3,2,,,43.95,,,1.0,,,,
5,bbb_permeability,classification,NB05_bbb_permeability,7-K06,c1ccc2Oc3c(cc(cc3)Cl)[C@@H]3[C@@H](c2c1)C[N@](CC3)C,,2,,,,,0.072266,0.3333,,,,,2,0,21,,,,4.6486,,,,85.564,299.801,,,,,3.0,,,,,,,,4,0,,,12.47,,,1.0,,,,
5,bbb_permeability,classification,NB05_bbb_permeability,7-K08,c1c(Cl)nc(N2CCN(CCCCN3C(CCC3)=O)CC2)cc1C(F)(F)F,,1,,,,,0.087891,0.6667,,,,,4,0,27,,,,3.2784,,,,97.95,404.864,,,,,9.0,,,,,,,,3,6,,,39.68,,,1.0,,,,
5,bbb_permeability,classification,NB05_bbb_permeability,7-K10,c1ccc2Oc3c(cc(cc3)Cl)[C@@H]3[C@@H](c2c1)CNCC3,,2,,,,,0.070312,0.2941,,,,,2,1,20,,,,4.3064,,,,80.9367,285.774,,,,,3.0,,,,,,,,4,0,,,21.26,,,1.0,,,,
5,bbb_permeability,classification,NB05_bbb_permeability,SB205605,c1(ccc(c(c1)Cl)Cl)CC(N1[C@H](C[N@@]2C[C@@H](CC2)O)c2c(CC1)[nH]cn2)=O,,2,,,,,0.109375,0.4737,,,,,4,2,27,,,,2.4516,,,,103.9755,409.317,,,,,8.0,,,,,,,,4,4,,,72.46,,,0.0,,,,
5,bbb_permeability,classification,NB05_bbb_permeability,skb_a,c1ccc2nc(c(c(C(N[C@@H](CC)c3ccccc3)=O)c2c1)O)c1ccccc1,,4,,,,,0.083984,0.12,,,,,3,2,29,,,,5.4885,,,,115.784,382.463,,,,,4.0,,,,,,,,4,5,,,62.22,,,1.0,,,,
5,bbb_permeability,classification,NB05_bbb_permeability,skb_c,c1cc2c(C(N[C@@H](CC)c3ccccc3)=O)c(c(nc2cc1)c1ccccc1)OCCCN(C)C,,4,,,,,0.101562,0.2667,,,,,4,1,35,,,,6.1134,,,,142.7852,467.613,,,,,5.0,,,,,,,,4,10,,,54.46,,,1.0,,,,
5,bbb_permeability,classification,NB05_bbb_permeability,skb-d,c1cc2c(C(N[C@@H](CC)c3ccccc3)=O)c(c(nc2cc1)c1ccccc1)OCC(O)=O,,4,,,,,0.091797,0.1481,,,,,4,2,33,,,,5.2463,,,,127.25,440.499,,,,,6.0,,,,,,,,4,8,,,88.52,,,0.0,,,,
5,bbb_permeability,classification,NB05_bbb_permeability,skb-e,c1cc2c(C(N[C@@H](CC)c3ccccc3)=O)c(c(c3ccccc3)nc2cc1)OCCCC(O)=O,,4,,,,,0.097656,0.2069,,,,,4,2,35,,,,6.0265,,,,136.484,468.553,,,,,6.0,,,,,,,,4,10,,,88.52,,,0.0,,,,
5,bbb_permeability,classification,NB05_bbb_permeability,skb-f,c1ccc2c(c(C(N[C@@H](CC)c3ccccc3)=O)c(OCCNC(Cc3c(cccc3)C(=O)O)=O)c(c3ccccc3)n2)c1,,5,,,,,0.113281,0.1667,,,,,5,3,44,,,,6.2188,,,,169.7292,587.676,,,,,8.0,,,,,,,,5,12,,,117.62,,,0.0,,,,
5,bbb_permeability,classification,NB05_bbb_permeability,skb-g,c1cc2c(c(OCCNC(Cc3ncccc3)=O)c(c3ccccc3)nc2cc1)C(N[C@@H](CC)c1ccccc1)=O,,5,,,,,0.113281,0.1765,,,,,5,2,41,,,,5.9156,,,,160.5649,544.655,,,,,7.0,,,,,,,,5,11,,,93.21,,,0.0,,,,
5,bbb_permeability,classification,NB05_bbb_permeability,skb-h,c1cc2c(c(c(c3ccccc3)nc2cc1)OCCNC([C@@H]1CCCN1)=O)C(=O)N[C@@H](CC)c1ccccc1,,4,,,,,0.125,0.2812,,,,,5,3,39,,,,5.0299,,,,153.6486,522.649,,,,,7.0,,,,,,,,5,10,,,92.35,,,0.0,,,,
5,bbb_permeability,classification,NB05_bbb_permeability,skb-i,c1cc2c(C(N[C@@H](CC)c3ccccc3)=O)c(c(nc2cc1)c1ccccc1)Cn1cncc1,,5,,,,,0.105469,0.1379,,,,,4,1,34,,,,6.0277,,,,135.4482,446.554,,,,,5.0,,,,,,,,5,7,,,59.81,,,0.0,,,,
5,bbb_permeability,classification,NB05_bbb_permeability,sparfloxacin,C[C@H]1CN(C[C@@H](C)N1)c2c(F)c(N)c3C(=O)C(=CN(C4CC4)c3c2F)C(O)=O,,2,,,,,0.09375,0.4737,,,,,6,3,28,,,,2.0816,,,,102.0394,392.406,,,,,9.0,,,,,,,,4,3,,,100.59,,,0.0,,,,
5,bbb_permeability,classification,NB05_bbb_permeability,ethosuximide,CCC1(C)CC(=O)NC1=O,,0,,,,,0.041016,0.7143,,,,,2,1,10,,,,0.4492,,,,36.1647,141.17,,,,,3.0,,,,,,,,1,1,,,46.17,,,1.0,,,,
5,bbb_permeability,classification,NB05_bbb_permeability,etymemazine,CCc1ccc2Sc3ccccc3N(CC(C)CN(C)C)c2c1,,2,,,,,0.080078,0.4,,,,,3,0,23,,,,5.0494,,,,101.109,326.509,,,,,3.0,,,,,,,,3,5,,,6.48,,,1.0,,,,
5,bbb_permeability,classification,NB05_bbb_permeability,flupentixol,OCCN1CCN(CC\C=C/2c3ccccc3Sc4ccc(cc24)C(F)(F)F)CC1,,2,,,,,0.089844,0.3913,,,,,4,1,30,,,,4.6017,,,,113.6708,434.527,,,,,7.0,,,,,,,,4,5,,,26.71,,,1.0,,,,
5,bbb_permeability,classification,NB05_bbb_permeability,fluphenazine,OCCN1CCN(CCCN2c3ccccc3Sc4ccc(cc24)C(F)(F)F)CC1,,2,,,,,0.087891,0.4545,,,,,5,1,30,,,,4.3081,,,,113.5978,437.531,,,,,8.0,,,,,,,,4,6,,,29.95,,,1.0,,,,
5,bbb_permeability,classification,NB05_bbb_permeability,flurazepam,CCN(CC)CCN1C(=O)CN=C(c2ccccc2F)c3cc(Cl)ccc13,,2,,,,,0.095703,0.3333,,,,,3,0,27,,,,4.0049,,,,108.499,387.886,,,,,6.0,,,,,,,,3,6,,,35.91,,,1.0,,,,
5,bbb_permeability,classification,NB05_bbb_permeability,glaziovine,COc1cc2CCN(C)C3CC4(C=CC(=O)C=C4)c(c1O)c23,,1,,,,,0.085938,0.3889,,,,,4,1,22,,,,2.2664,,,,83.3158,297.354,,,,,4.0,,,,,,,,4,1,,,49.77,,,1.0,,,,
5,bbb_permeability,classification,NB05_bbb_permeability,glutethimide,CCC1(CCC(=O)NC1=O)c2ccccc2,,1,,,,,0.056641,0.3846,,,,,2,1,16,,,,1.771,,,,60.7947,217.268,,,,,3.0,,,,,,,,2,2,,,46.17,,,1.0,,,,
5,bbb_permeability,classification,NB05_bbb_permeability,haloperidol,OC1(CCN(CCCC(=O)c2ccc(F)cc2)CC1)c3ccc(Cl)cc3,,2,,,,,0.082031,0.381,,,,,3,1,26,,,,4.4256,,,,100.9873,375.871,,,,,5.0,,,,,,,,3,6,,,40.54,,,1.0,,,,
5,bbb_permeability,classification,NB05_bbb_permeability,harmalol,CC1=C2NC3=CC(=O)C=CC3=C2C=CN1,,3,,,,,0.056641,0.0833,,,,,1,2,15,,,,2.3178,,,,61.1624,198.225,,,,,3.0,,,,,,,,3,0,,,48.65,,,1.0,,,,
5,bbb_permeability,classification,NB05_bbb_permeability,harman,Cc1nccc2c1[nH]c3ccccc23,,3,,,,,0.048828,0.0833,,,,,1,1,14,,,,3.0245,,,,58.3367,182.226,,,,,2.0,,,,,,,,3,0,,,28.68,,,1.0,,,,
5,bbb_permeability,classification,NB05_bbb_permeability,14,c1cc(ncc1)CSCCNc1c(cc[nH]1)[N+](=O)[O-],,2,,,,,0.083984,0.25,,,,,5,2,19,,,,2.6632,,,,76.3358,278.337,,,,,7.0,,,,,,,,2,7,,,83.85,,,1.0,,,,
5,bbb_permeability,classification,NB05_bbb_permeability,15,c1(cc(nc(c1C)C)C(SC(CNc1c(cc[nH]1)[N+](=O)[O-])(C)C)(C)C)C,,2,,,,,0.091797,0.5263,,,,,5,2,26,,,,5.1022,,,,109.0808,376.526,,,,,7.0,,,,,,,,2,7,,,83.85,,,1.0,,,,
5,bbb_permeability,classification,NB05_bbb_permeability,22,c1(c(oc(c1C)C(N(C(C)(N)C)C(N)(C)C)(C)C)C)C.C[NH+]O.[OH-],,1,,,,,0.056641,0.7647,,,,,7,4,24,,,,1.3094,,,,94.9258,345.508,,,,,7.0,,,,,,,,1,4,,,134.25,,,1.0,,,,
5,bbb_permeability,classification,NB05_bbb_permeability,23,[NH]C(CC(C)C([N@@](C(C)(C)C)C(N)(C)N)(C)C)c1c(c(c[nH+][o+]1)C)[O-],,1,,,,,0.085938,0.7778,,,,,4,2,25,,,,1.5772,,,,95.9232,353.511,,,,,7.0,,,,,,,,1,6,,,127.58,,,1.0,,,,
5,bbb_permeability,classification,NB05_bbb_permeability,tamitinol,CCNCc1c(O)c(C)ncc1CSC,,1,,,,,0.0625,0.5455,,,,,4,2,15,,,,2.0681,,,,65.2385,226.345,,,,,4.0,,,,,,,,1,5,,,45.15,,,1.0,,,,
5,bbb_permeability,classification,NB05_bbb_permeability,tenoxicam,CN1C(=C(\O)Nc2ccccn2)/C(=O)c3sccc3[S]1(=O)=O,,2,,,,,0.085938,0.0769,,,,,7,2,22,,,,1.7991,,,,81.1128,337.382,,,,,9.0,,,,,,,,3,2,,,99.6,,,0.0,,,,
5,bbb_permeability,classification,NB05_bbb_permeability,terfenadine,CC(C)(C)c1ccc(cc1)C(O)CCCN2CCC(CC2)C(O)(c3ccccc3)c4ccccc4,,3,,,,,0.080078,0.4375,,,,,3,2,35,,,,6.4458,,,,144.3826,471.685,,,,,3.0,,,,,,,,4,8,,,43.7,,,0.0,,,,
5,bbb_permeability,classification,NB05_bbb_permeability,U50488,CN(C1CCCC[C@H]1N2CCCC2)C(=O)Cc3ccc(Cl)c(Cl)c3,,1,,,,,0.076172,0.6316,,,,,2,0,24,,,,4.4013,,,,99.787,369.336,,,,,5.0,,,,,,,,3,4,,,23.55,,,1.0,,,,
5,bbb_permeability,classification,NB05_bbb_permeability,heroin,CN1CC[C@]23[C@H]4Oc5c(OC(C)=O)ccc(C[C@@H]1[C@@H]2C=C[C@@H]4OC(C)=O)c35,,1,,,,,0.099609,0.5238,,,,,6,0,27,,,,1.9886,,,,96.768,369.417,,,,,6.0,,,,,,,,5,2,,,65.07,,,1.0,,,,
5,bbb_permeability,classification,NB05_bbb_permeability,hexapropymate,NC(=O)OC1(CCCCC1)CC#C,,0,,,,,0.050781,0.7,,,,,2,1,13,,,,1.8079,,,,49.9344,181.235,,,,,3.0,,,,,,,,1,2,,,52.32,,,1.0,,,,
5,bbb_permeability,classification,NB05_bbb_permeability,homophenazine,[H+].[H+].[Cl-].[Cl-].OCCN1CCCN(CCCN2c3ccccc3Sc4cc(ccc24)C(F)(F)F)CC1,,2,,,,,0.095703,0.4783,,,,,5,1,33,,,,-1.0688,,,,120.4388,524.48,,,,,10.0,,,,,,,,4,6,,,29.95,,,1.0,,,,
5,bbb_permeability,classification,NB05_bbb_permeability,hydrocodone,COc1ccc2C[C@@H]3[C@@H]4CCC(=O)[C@@H]5Oc1c2[C@]45CCN3C,,1,,,,,0.091797,0.6111,,,,,4,0,22,,,,1.9333,,,,81.558,299.37,,,,,4.0,,,,,,,,5,1,,,38.77,,,1.0,,,,
5,bbb_permeability,classification,NB05_bbb_permeability,hydroxyphenamate,CCC(O)(COC(N)=O)c1ccccc1,,1,,,,,0.052734,0.3636,,,,,3,2,15,,,,1.3795,,,,56.1652,209.245,,,,,4.0,,,,,,,,1,4,,,72.55,,,1.0,,,,
5,bbb_permeability,classification,NB05_bbb_permeability,hydroxyzine,OCCOCCN1CCN(CC1)C(c2ccccc2)c3ccc(Cl)cc3,,2,,,,,0.074219,0.4286,,,,,4,1,26,,,,3.0559,,,,105.6548,374.912,,,,,5.0,,,,,,,,3,8,,,35.94,,,1.0,,,,
5,bbb_permeability,classification,NB05_bbb_permeability,imipramine,CN(C)CCCN1c2ccccc2CCc3ccccc13,,2,,,,,0.056641,0.3684,,,,,2,0,21,,,,3.875,,,,90.469,280.415,,,,,2.0,,,,,,,,3,4,,,6.48,,,1.0,,,,
5,bbb_permeability,classification,NB05_bbb_permeability,ketamine,CNC1(CCCCC1=O)c2ccccc2Cl,,1,,,,,0.060547,0.4615,,,,,2,1,16,,,,2.8978,,,,65.6647,237.73,,,,,3.0,,,,,,,,2,2,,,29.1,,,1.0,,,,
5,bbb_permeability,classification,NB05_bbb_permeability,kynurenic acid,OC(=O)C1=CC(=O)c2ccccc2N1,,2,,,,,0.050781,0.0,,,,,2,2,14,,,,1.2263,,,,51.528,189.17,,,,,4.0,,,,,,,,2,1,,,70.16,,,1.0,,,,
5,bbb_permeability,classification,NB05_bbb_permeability,24,C1CN(CCC1)Cc1cccc(c1)OCCCNC(=O)C,,1,,,,,0.083984,0.5882,,,,,3,1,21,,,,2.5775,,,,84.3657,290.407,,,,,4.0,,,,,,,,2,7,,,41.57,,,1.0,,,,
5,bbb_permeability,classification,NB05_bbb_permeability,25,C1CN(CCC1)Cc1cccc(c1)OCCCNC(=O)c1ccccc1,,2,,,,,0.089844,0.4091,,,,,3,1,26,,,,3.8714,,,,104.4572,352.478,,,,,4.0,,,,,,,,3,8,,,41.57,,,1.0,,,,
5,bbb_permeability,classification,NB05_bbb_permeability,26,C1CN(CCC1)Cc1cccc(c1)OCCCO,,1,,,,,0.066406,0.6,,,,,3,1,18,,,,2.4337,,,,72.7678,249.354,,,,,3.0,,,,,,,,2,6,,,32.7,,,1.0,,,,
5,bbb_permeability,classification,NB05_bbb_permeability,27,C1CN(CCC1)Cc1cccc(c1)OCCCNc1ncccc1,,2,,,,,0.087891,0.45,,,,,4,1,24,,,,3.9485,,,,98.4087,325.456,,,,,4.0,,,,,,,,3,8,,,37.39,,,1.0,,,,
5,bbb_permeability,classification,NB05_bbb_permeability,28,C1CN(CCC1)Cc1cccc(c1)OCCCNc1nccs1,,2,,,,,0.089844,0.5,,,,,5,1,23,,,,4.01,,,,96.2857,331.485,,,,,5.0,,,,,,,,3,8,,,37.39,,,1.0,,,,
5,bbb_permeability,classification,NB05_bbb_permeability,30,C1CN(CCC1)Cc1cccc(c1)OCCCNc1nc2c(o1)cccc2,,3,,,,,0.095703,0.4091,,,,,5,1,27,,,,4.6947,,,,108.1807,365.477,,,,,5.0,,,,,,,,4,8,,,50.53,,,1.0,,,,
5,bbb_permeability,classification,NB05_bbb_permeability,4,c1c(oc(c1)CN(C)C)CSCCNc1nc(c(c[nH]1)Cc1cc2c(cc1)cccc2)=O,,4,,,,,0.111328,0.28,,,,,6,2,32,,,,4.5138,,,,132.3624,448.592,,,,,7.0,,,,,,,,4,10,,,74.16,,,0.0,,,,
5,bbb_permeability,classification,NB05_bbb_permeability,8-5,CN(C)Cc1oc(cc1)CSCCNC=1NC=C(CN1)Cc1cnc(cc1)C,,2,,,,,0.109375,0.4286,,,,,7,2,28,,,,2.9532,,,,116.4624,399.564,,,,,7.0,,,,,,,,3,9,,,65.69,,,0.0,,,,
5,bbb_permeability,classification,NB05_bbb_permeability,BBcpd10,c1(nccc(c1)c1nc([nH]n1)N)N(C)C,,2,,,,,0.064453,0.2222,,,,,5,2,15,,,,0.5149,,,,58.3531,204.237,,,,,6.0,,,,,,,,2,2,,,83.72,,,0.0,,,,
5,bbb_permeability,classification,NB05_bbb_permeability,9-C1,n1(c(c2nc[nH]c2n(c1=O)C)=O)C,,2,,,,,0.050781,0.2857,,,,,5,1,13,,,,-1.0397,,,,46.5757,180.167,,,,,6.0,,,,,,,,2,0,,,72.68,,,1.0,,,,
5,bbb_permeability,classification,NB05_bbb_permeability,lenperone,Fc1ccc(cc1)C(=O)CCCN2CCC(CC2)C(=O)c3ccc(F)cc3,,2,,,,,0.070312,0.3636,,,,,3,0,27,,,,4.5226,,,,99.859,371.427,,,,,5.0,,,,,,,,3,7,,,37.38,,,1.0,,,,
5,bbb_permeability,classification,NB05_bbb_permeability,levorphanol,CN1CC[C@]23CCCC[C@H]2[C@H]1Cc4ccc(O)cc34,,1,,,,,0.078125,0.6471,,,,,2,1,19,,,,3.0804,,,,76.4818,257.377,,,,,2.0,,,,,,,,4,0,,,23.47,,,1.0,,,,
5,bbb_permeability,classification,NB05_bbb_permeability,lidocaine,CCN(CC)CC(=O)Nc1c(C)cccc1C,,1,,,,,0.054688,0.5,,,,,2,1,17,,,,2.5837,,,,72.3337,234.343,,,,,3.0,,,,,,,,1,5,,,32.34,,,1.0,,,,
5,bbb_permeability,classification,NB05_bbb_permeability,lorazepam,OC1N=C(c2ccccc2Cl)c3cc(Cl)ccc3NC1=O,,2,,,,,0.076172,0.0667,,,,,3,2,21,,,,3.1013,,,,83.1795,321.163,,,,,6.0,,,,,,,,3,1,,,61.69,,,1.0,,,,
5,bbb_permeability,classification,NB05_bbb_permeability,lorcainide,CC(C)N1CCC(CC1)N(C(=O)Cc2ccccc2)c3ccc(Cl)cc3,,2,,,,,0.082031,0.4091,,,,,2,0,26,,,,4.7885,,,,108.815,370.924,,,,,4.0,,,,,,,,3,5,,,23.55,,,1.0,,,,
5,bbb_permeability,classification,NB05_bbb_permeability,meclofenoxate,CN(C)CCOC(=O)COc1ccc(Cl)cc1,,1,,,,,0.0625,0.4167,,,,,4,0,17,,,,1.8236,,,,66.46,257.717,,,,,5.0,,,,,,,,1,6,,,38.77,,,1.0,,,,
5,bbb_permeability,classification,NB05_bbb_permeability,mecloqualone,CC1=Nc2ccccc2C(=O)N1c3ccccc3Cl,,3,,,,,0.064453,0.0667,,,,,3,0,19,,,,3.3475,,,,77.087,270.719,,,,,4.0,,,,,,,,3,1,,,34.89,,,1.0,,,,
5,bbb_permeability,classification,NB05_bbb_permeability,medazepam,CN1CCN=C(c2ccccc2)c3cc(Cl)ccc13,,2,,,,,0.068359,0.1875,,,,,2,0,19,,,,3.6272,,,,81.67,270.763,,,,,3.0,,,,,,,,3,1,,,15.6,,,1.0,,,,
5,bbb_permeability,classification,NB05_bbb_permeability,meprobamate,CCCC(C)(COC(N)=O)COC(N)=O,,0,,,,,0.039062,0.7778,,,,,4,2,15,,,,0.9834,,,,54.0858,218.253,,,,,6.0,,,,,,,,0,6,,,104.64,,,1.0,,,,
5,bbb_permeability,classification,NB05_bbb_permeability,9-C15,c1c2CCOc2c(cc1OC)CN[C@@H]1CCCN[C@H]1c1ccccc1,,2,,,,,0.095703,0.4286,,,,,4,2,25,,,,3.213,,,,99.2404,338.451,,,,,4.0,,,,,,,,4,5,,,42.52,,,1.0,,,,
5,bbb_permeability,classification,NB05_bbb_permeability,9-C7,c1(c(cc2n(ncc2c1)CCN)Cl)Cl,,2,,,,,0.052734,0.2222,,,,,3,1,14,,,,2.3018,,,,58.8074,230.098,,,,,5.0,,,,,,,,2,2,,,43.84,,,1.0,,,,
5,bbb_permeability,classification,NB05_bbb_permeability,Abacavir,Nc1nc(NC2CC2)c3ncn([C@@H]4C[C@H](CO)C=C4)c3n1,,2,,,,,0.087891,0.5,,,,,7,3,21,,,,1.0923,,,,79.7499,286.339,,,,,7.0,,,,,,,,4,4,,,101.88,,,1.0,,,,
5,bbb_permeability,classification,NB05_bbb_permeability,Acebutolol,CCCC(=O)Nc1ccc(OCC(O)CNC(C)C)c(c1)C(C)=O,,1,,,,,0.089844,0.5556,,,,,5,3,24,,,,2.3655,,,,94.6247,336.432,,,,,6.0,,,,,,,,1,10,,,87.66,,,1.0,,,,
5,bbb_permeability,classification,NB05_bbb_permeability,Aciclovir,NC1=NC(=O)c2ncn(COCCO)c2N1,,2,,,,,0.074219,0.375,,,,,7,3,16,,,,-1.3318,,,,55.5989,225.208,,,,,8.0,,,,,,,,2,4,,,119.05,,,1.0,,,,
5,bbb_permeability,classification,NB05_bbb_permeability,Albendazole,CCCSc1ccc2nc(NC(=O)OC)[nH]c2c1,,2,,,,,0.082031,0.3333,,,,,4,2,18,,,,3.2433,,,,73.1364,265.338,,,,,6.0,,,,,,,,2,4,,,67.01,,,1.0,,,,
5,bbb_permeability,classification,NB05_bbb_permeability,Amifostine,NCCCNCCS[P](O)(O)=O,,0,,,,,0.048828,1.0,,,,,4,4,12,,,,-0.2493,,,,51.0432,214.227,,,,,7.0,,,,,,,,0,7,,,95.58,,,0.0,,,,
5,bbb_permeability,classification,NB05_bbb_permeability,mescaline,COc1cc(CCN)cc(OC)c1OC,,1,,,,,0.042969,0.4545,,,,,4,1,15,,,,1.2136,,,,58.8564,211.261,,,,,4.0,,,,,,,,1,5,,,53.71,,,1.0,,,,
5,bbb_permeability,classification,NB05_bbb_permeability,mesoridazine,CN1CCCCC1CCN2c3ccccc3Sc4ccc(cc24)[S](C)=O,,2,,,,,0.087891,0.4286,,,,,4,0,26,,,,4.9011,,,,111.2314,386.586,,,,,5.0,,,,,,,,4,4,,,23.55,,,1.0,,,,
5,bbb_permeability,classification,NB05_bbb_permeability,methamphetamine,CN[C@@H](C)Cc1ccccc1,,1,,,,,0.041016,0.4,,,,,1,1,11,,,,1.837,,,,48.6677,149.237,,,,,1.0,,,,,,,,1,3,,,12.03,,,1.0,,,,
5,bbb_permeability,classification,NB05_bbb_permeability,methaqualone,Cc1ccccc1N2C(=Nc3ccccc3C2=O)C,,3,,,,,0.060547,0.125,,,,,3,0,19,,,,3.0025,,,,76.814,250.301,,,,,3.0,,,,,,,,3,1,,,34.89,,,1.0,,,,
5,bbb_permeability,classification,NB05_bbb_permeability,methocarbamol,COc1ccccc1OCC(O)COC(N)=O,,1,,,,,0.058594,0.3636,,,,,5,2,17,,,,0.5302,,,,60.0312,241.243,,,,,6.0,,,,,,,,1,6,,,91.01,,,1.0,,,,
5,bbb_permeability,classification,NB05_bbb_permeability,methopromazine,COc1ccc2Sc3ccccc3N(CCCN(C)C)c2c1,,2,,,,,0.078125,0.3333,,,,,4,0,22,,,,4.2496,,,,93.736,314.454,,,,,4.0,,,,,,,,3,5,,,15.71,,,1.0,,,,
5,bbb_permeability,classification,NB05_bbb_permeability,methotrimeprazine,COc1ccc2Sc3ccccc3N(C[C@H](C)CN(C)C)c2c1,,2,,,,,0.082031,0.3684,,,,,4,0,23,,,,4.4956,,,,98.283,328.481,,,,,4.0,,,,,,,,3,5,,,15.71,,,1.0,,,,
5,bbb_permeability,classification,NB05_bbb_permeability,methylpentynol,CCC(C)(O)C#C,,0,,,,,0.029297,0.6667,,,,,1,1,7,,,,0.7806,,,,29.7478,98.145,,,,,1.0,,,,,,,,0,1,,,20.23,,,1.0,,,,
5,bbb_permeability,classification,NB05_bbb_permeability,methylphenidate,COC(=O)C(C1CCCCN1)c2ccccc2,,1,,,,,0.070312,0.5,,,,,3,1,17,,,,2.0853,,,,66.8407,233.311,,,,,3.0,,,,,,,,2,3,,,38.33,,,1.0,,,,
5,bbb_permeability,classification,NB05_bbb_permeability,methyprylon,CCC1(CC)C(=O)NCC(C)C1=O,,0,,,,,0.046875,0.8,,,,,2,1,13,,,,1.1278,,,,50.1957,183.251,,,,,3.0,,,,,,,,1,2,,,46.17,,,1.0,,,,
5,bbb_permeability,classification,NB05_bbb_permeability,Amikacin,NCC[C@H](O)C(=O)N[C@@H]1C[C@H](N)[C@@H](O[C@H]2O[C@H](CN)[C@@H](O)[C@H](O)[C@H]2O)[C@H](O)[C@H]1O[C@H]3O[C@H](CO)[C@@H](O)[C@H](N)[C@H]3O,,0,,,,,0.105469,0.9545,,,,,17,13,40,,,,-8.4242,,,,131.4257,585.608,,,,,18.0,,,,,,,,3,10,,,331.94,,,1.0,,,,
5,bbb_permeability,classification,NB05_bbb_permeability,Aminosalicylicacid,Nc1ccc(C(O)=O)c(O)c1,,1,,,,,0.042969,0.0,,,,,3,3,11,,,,0.6726,,,,39.4785,153.137,,,,,4.0,,,,,,,,1,1,,,83.55,,,0.0,,,,
5,bbb_permeability,classification,NB05_bbb_permeability,Cytarabine,NC1=NC(=O)N(C=C1)[C@@H]2O[C@H](CO)[C@@H](O)[C@@H]2O,,1,,,,,0.070312,0.5556,,,,,8,4,17,,,,-2.563,,,,55.9188,243.219,,,,,8.0,,,,,,,,2,2,,,130.83,,,1.0,,,,
5,bbb_permeability,classification,NB05_bbb_permeability,Dacarbazine,CN(C)N\N=C/1N=CN=C1C(N)=O,,0,,,,,0.056641,0.3333,,,,,5,2,13,,,,-1.6657,,,,49.3791,182.187,,,,,7.0,,,,,,,,1,3,,,95.44,,,1.0,,,,
5,bbb_permeability,classification,NB05_bbb_permeability,Daunorubicin,COc1cccc2C(=O)c3c(O)c4C[C@](O)(C[C@H](O[C@H]5C[C@H](N)[C@H](O)[C@H](C)O5)c4c(O)c3C(=O)c12)C(C)=O,,2,,,,,0.126953,0.4444,,,,,11,5,38,,,,1.0289,,,,130.3426,527.526,,,,,11.0,,,,,,,,5,4,,,185.84,,,0.0,,,,
5,bbb_permeability,classification,NB05_bbb_permeability,Demeclocycline,CN(C)[C@H]1[C@@H]2C[C@@H]3[C@H](O)c4c(Cl)ccc(O)c4C(=C3C(=O)[C@]2(O)C(=O)\C(=C(N)/O)C1=O)O,,1,,,,,0.109375,0.381,,,,,10,6,32,,,,0.1083,,,,110.5104,464.858,,,,,11.0,,,,,,,,4,1,,,181.62,,,0.0,,,,
5,bbb_permeability,classification,NB05_bbb_permeability,Desmethylclobazam,Clc1ccc2NC(=O)CC(=O)N(c3ccccc3)c2c1,,2,,,,,0.070312,0.0667,,,,,2,1,20,,,,3.3469,,,,78.2867,286.718,,,,,5.0,,,,,,,,3,1,,,49.41,,,1.0,,,,
5,bbb_permeability,classification,NB05_bbb_permeability,Desmonomethylpromazine,CNCCCN1c2ccccc2Sc3ccccc13,,2,,,,,0.056641,0.25,,,,,3,1,19,,,,3.8988,,,,82.5567,270.401,,,,,3.0,,,,,,,,3,4,,,15.27,,,1.0,,,,
5,bbb_permeability,classification,NB05_bbb_permeability,Dexrazoxane,C[C@@H](CN1CC(=O)NC(=O)C1)N2CC(=O)NC(=O)C2,,0,,,,,0.048828,0.6364,,,,,6,2,19,,,,-2.7083,,,,63.7744,268.273,,,,,8.0,,,,,,,,2,3,,,98.82,,,0.0,,,,
5,bbb_permeability,classification,NB05_bbb_permeability,midazolam maleate,Cc1ncc2CN=C(c3ccccc3F)c4cc(Cl)ccc4n12.OC(=O)\C=C/C(O)=O,,3,,,,,0.101562,0.0909,,,,,5,2,31,,,,4.036,,,,113.4656,441.846,,,,,9.0,,,,,,,,4,3,,,104.78,,,1.0,,,,
5,bbb_permeability,classification,NB05_bbb_permeability,moperone,Cc1ccc(cc1)C2(O)CCN(CCCC(=O)c3ccc(F)cc3)CC2,,2,,,,,0.082031,0.4091,,,,,3,1,26,,,,4.0806,,,,100.7143,355.453,,,,,4.0,,,,,,,,3,6,,,40.54,,,1.0,,,,
5,bbb_permeability,classification,NB05_bbb_permeability,morphine,CN1CC[C@]23[C@H]4Oc5c(O)ccc(C[C@@H]1[C@@H]2C=CC4O)c35,,1,,,,,0.087891,0.5294,,,,,4,2,21,,,,1.1981,,,,77.5766,285.343,,,,,4.0,,,,,,,,5,0,,,52.93,,,1.0,,,,
5,bbb_permeability,classification,NB05_bbb_permeability,MPTP,CN1CCC(=CC1)c2ccccc2,,1,,,,,0.044922,0.3333,,,,,1,0,13,,,,2.4055,,,,56.533,173.259,,,,,1.0,,,,,,,,2,1,,,3.24,,,1.0,,,,
5,bbb_permeability,classification,NB05_bbb_permeability,naloxone,Oc1ccc2C[C@H]3N(CC[C@@]45[C@@H](Oc1c24)C(=O)CC[C@@]35O)CC=C,,1,,,,,0.099609,0.5263,,,,,5,2,24,,,,1.3014,,,,87.2706,327.38,,,,,5.0,,,,,,,,5,2,,,70.0,,,1.0,,,,
5,bbb_permeability,classification,NB05_bbb_permeability,nicotine,CN1CCC[C@H]1c2cccnc2,,1,,,,,0.056641,0.5,,,,,2,0,12,,,,1.8483,,,,48.842,162.236,,,,,2.0,,,,,,,,2,1,,,16.13,,,1.0,,,,
5,bbb_permeability,classification,NB05_bbb_permeability,nitrazepam,[O-][N+](=O)c1ccc2NC(=O)CN=C(c3ccccc3)c2c1,,2,,,,,0.078125,0.0667,,,,,4,1,21,,,,2.3843,,,,78.6741,281.271,,,,,6.0,,,,,,,,3,2,,,84.6,,,1.0,,,,
5,bbb_permeability,classification,NB05_bbb_permeability,nordazepam,Clc1ccc2NC(=O)CN=C(c3ccccc3)c2c1,,2,,,,,0.070312,0.0667,,,,,2,1,19,,,,3.1295,,,,77.0297,270.719,,,,,4.0,,,,,,,,3,1,,,41.46,,,1.0,,,,
5,bbb_permeability,classification,NB05_bbb_permeability,nortriptyline,CNCCC=C1c2ccccc2CCc3ccccc13,,2,,,,,0.056641,0.2632,,,,,1,1,20,,,,3.8264,,,,85.9147,263.384,,,,,1.0,,,,,,,,3,3,,,12.03,,,1.0,,,,
5,bbb_permeability,classification,NB05_bbb_permeability,orphenadrine,CN(C)CCOC(c1ccccc1)c2ccccc2C,,2,,,,,0.0625,0.3333,,,,,2,0,20,,,,3.6626,,,,83.97,269.388,,,,,2.0,,,,,,,,2,6,,,12.47,,,1.0,,,,
5,bbb_permeability,classification,NB05_bbb_permeability,Dextromethorphan,COc1ccc2C[C@H]3[C@H]4CCCC[C@@]4(CCN3C)c2c1,,1,,,,,0.082031,0.6667,,,,,2,0,20,,,,3.3834,,,,81.369,271.404,,,,,2.0,,,,,,,,4,1,,,12.47,,,1.0,,,,
5,bbb_permeability,classification,NB05_bbb_permeability,Dihydroergotamine,CN1C[C@@H](C[C@H]2[C@H]1Cc3c[nH]c4cccc2c34)C(=O)N[C@]5(C)O[C@@]6(O)[C@@H]7CCCN7C(=O)[C@H](Cc8ccccc8)N6C5=O,,3,,,,,0.15625,0.4848,,,,,6,3,43,,,,2.0811,,,,157.3662,583.689,,,,,10.0,,,,,,,,8,4,,,118.21,,,0.0,,,,
5,bbb_permeability,classification,NB05_bbb_permeability,Disulfiram,CCN(CC)C(=S)SSC(=S)N(CC)CC,,0,,,,,0.029297,0.8,,,,,4,0,16,,,,3.6212,,,,86.22,296.552,,,,,6.0,,,,,,,,0,4,,,6.48,,,1.0,,,,
5,bbb_permeability,classification,NB05_bbb_permeability,Efavirenz,FC(F)(F)[C@]1(OC(=O)Nc2ccc(Cl)cc12)C#CC3CC3,,1,,,,,0.082031,0.3571,,,,,2,1,21,,,,4.0731,,,,69.7887,315.678,,,,,7.0,,,,,,,,3,0,,,38.33,,,0.0,,,,
5,bbb_permeability,classification,NB05_bbb_permeability,Enalapril,CCOC(=O)[C@H](CCc1ccccc1)N[C@@H](C)C(=O)N2CCC[C@H]2C(O)=O,,1,,,,,0.095703,0.55,,,,,5,2,27,,,,1.6046,,,,100.1525,376.453,,,,,7.0,,,,,,,,2,9,,,95.94,,,0.0,,,,
5,bbb_permeability,classification,NB05_bbb_permeability,Ethambutol,CC[C@@H](CO)NCCN[C@@H](CC)CO,,0,,,,,0.033203,1.0,,,,,4,4,14,,,,-0.2926,,,,58.335,204.314,,,,,4.0,,,,,,,,0,9,,,64.52,,,0.0,,,,
5,bbb_permeability,classification,NB05_bbb_permeability,aclarubicin,CC[C@@]1(O)C[C@H](OC2CC(C(OC3CC(O)C(OC4CCC(=O)C(C)O4)C(C)O3)C(C)O2)N(C)C)c5c(O)c6C(=O)c7c(O)cccc7C(=O)c6cc5[C@H]1C(=O)OC,,2,,,,,0.152344,0.619,,,,,16,4,58,,,,3.1577,,,,201.2272,811.878,,,,,16.0,,,,,,,,7,9,,,217.05,,,0.0,,,,
5,bbb_permeability,classification,NB05_bbb_permeability,adicillin,CC1(C)S[C@@H]2[C@H](NC(=O)CCC[C@@H](N)C(O)=O)C(=O)N2[C@H]1C(O)=O,,0,,,,,0.087891,0.7143,,,,,6,4,24,,,,-0.7997,,,,85.1207,359.404,,,,,10.0,,,,,,,,2,7,,,150.03,,,0.0,,,,
5,bbb_permeability,classification,NB05_bbb_permeability,adrenaline,CNCC(O)c1ccc(O)c(O)c1,,1,,,,,0.050781,0.3333,,,,,4,4,13,,,,0.3506,,,,48.6581,183.207,,,,,4.0,,,,,,,,1,3,,,72.72,,,0.0,,,,
5,bbb_permeability,classification,NB05_bbb_permeability,adriamycinol-aglycone,COc1cccc2C(=O)c3c(O)c4CC(O)(CC(O)c4c(O)c3C(=O)c12)C(=O)CO,,2,,,,,0.097656,0.2857,,,,,9,5,30,,,,0.1539,,,,99.954,414.366,,,,,9.0,,,,,,,,4,3,,,161.59,,,0.0,,,,
5,bbb_permeability,classification,NB05_bbb_permeability,almecillin,[Na+].CC1(C)SC2C(NC(=O)CSCC=C)C(=O)N2C1C([O-])=O,,0,,,,,0.091797,0.6154,,,,,6,1,22,,,,-3.7934,,,,80.5517,352.413,,,,,9.0,,,,,,,,2,6,,,89.54,,,0.0,,,,
5,bbb_permeability,classification,NB05_bbb_permeability,amantocillin,CC1(C)S[C@@H]2[C@H](NC(=O)C34C[C@H]5C[C@H](CC(N)(C5)C3)C4)C(=O)N2[C@H]1C(O)=O,,0,,,,,0.087891,0.8421,,,,,5,3,27,,,,0.9158,,,,99.6919,393.509,,,,,8.0,,,,,,,,6,3,,,112.73,,,0.0,,,,
5,bbb_permeability,classification,NB05_bbb_permeability,amdinocillinpivoxil,CC(C)(C)C(=O)OCOC(=O)C1N2[C@H](SC1(C)C)[C@H](N=CN3CCCCCC3)C2=O,,0,,,,,0.099609,0.8095,,,,,7,0,30,,,,2.4116,,,,114.919,439.578,,,,,9.0,,,,,,,,3,5,,,88.51,,,0.0,,,,
5,bbb_permeability,classification,NB05_bbb_permeability,amicycline,CN(C)[C@H]1[C@@H]2C[C@@H]3Cc4ccc(N)c(O)c4C(=C3C(=O)[C@]2(O)C(=O)\C(=C(N)/O)C1=O)O,,1,,,,,0.105469,0.381,,,,,10,6,31,,,,-0.4538,,,,108.657,429.429,,,,,10.0,,,,,,,,4,1,,,187.41,,,0.0,,,,
5,bbb_permeability,classification,NB05_bbb_permeability,amrubicin,[Cl-].CC(=O)[C@@]1(N)C[C@H](O[C@H]2C[C@H](O)[C@H](O)CO2)c3c(O)c4C(=O)c5ccccc5C(=O)c4c(O)c3C1.[H+],,2,,,,,0.105469,0.4,,,,,10,5,36,,,,-2.2517,,,,120.3076,519.934,,,,,11.0,,,,,,,,5,3,,,176.61,,,0.0,,,,
5,bbb_permeability,classification,NB05_bbb_permeability,apalcillin,CC1(C)S[C@@H]2C(NC(=O)[C@H](NC(=O)C3=CNc4cccnc4C3=O)c5ccccc5)C(=O)N2[C@H]1C(O)=O,,3,,,,,0.126953,0.28,,,,,7,4,37,,,,1.0259,,,,134.6714,521.555,,,,,12.0,,,,,,,,5,6,,,161.56,,,0.0,,,,
5,bbb_permeability,classification,NB05_bbb_permeability,apicycline,CN(C)[C@H]1[C@@H]2C[C@H]3C(=C(O)c4c(O)cccc4[C@@]3(C)O)C(=O)[C@]2(O)C(=O)\C(=C(/O)NC(N5CCN(CCO)CC5)C(O)=O)C1=O,,1,,,,,0.140625,0.5333,,,,,14,8,45,,,,-1.7195,,,,155.5823,630.651,,,,,15.0,,,,,,,,5,7,,,231.64,,,0.0,,,,
5,bbb_permeability,classification,NB05_bbb_permeability,apramycin,CN[C@H]1[C@@H](O)[C@H]2O[C@@H](O[C@@H]3[C@@H](N)C[C@@H](N)[C@H](O)[C@H]3O)[C@H](N)C[C@@H]2O[C@@H]1O[C@H]4O[C@H](CO)[C@@H](N)[C@H](O)[C@H]4O,,0,,,,,0.097656,1.0,,,,,16,11,37,,,,-6.9493,,,,123.0441,539.583,,,,,16.0,,,,,,,,4,6,,,283.64,,,0.0,,,,
5,bbb_permeability,classification,NB05_bbb_permeability,arbekacin,NCC[C@H](O)C(=O)N[C@@H]1C[C@H](N)[C@@H](O[C@H]2O[C@H](CN)CC[C@H]2N)[C@H](O)[C@H]1O[C@H]3O[C@H](CO)[C@@H](O)[C@H](N)[C@H]3O,,0,,,,,0.111328,0.9545,,,,,15,11,38,,,,-6.3994,,,,130.6147,552.626,,,,,16.0,,,,,,,,3,10,,,297.27,,,0.0,,,,
5,bbb_permeability,classification,NB05_bbb_permeability,aspoxicillin,CNC(=O)C[C@@H](N)C(=O)N[C@@H](C(=O)N[C@H]1[C@H]2SC(C)(C)[C@@H](N2C1=O)C(O)=O)c3ccc(O)cc3,,1,,,,,0.113281,0.4762,,,,,8,6,34,,,,-1.3554,,,,121.3081,493.542,,,,,13.0,,,,,,,,3,8,,,191.16,,,0.0,,,,
5,bbb_permeability,classification,NB05_bbb_permeability,astromicin,CO[C@H]1[C@@H](O)[C@H](N)[C@@H](O[C@H]2O[C@@H](CC[C@H]2N)C(C)N)[C@H](O)[C@@H]1N(C)C(=O)CN,,0,,,,,0.095703,0.9412,,,,,10,6,28,,,,-3.5854,,,,100.7912,405.496,,,,,11.0,,,,,,,,2,6,,,192.54,,,0.0,,,,
5,bbb_permeability,classification,NB05_bbb_permeability,aztreonam,C[C@H]1[C@H](NC(=O)C(=N/OC(C)(C)C(O)=O)\c2csc([NH3+])n2)C(=O)N1[S]([O-])(=O)=O,,1,,,,,0.103516,0.4615,,,,,10,3,28,,,,-2.2239,,,,91.9348,435.44,,,,,15.0,,,,,,,,2,7,,,206.03,,,0.0,,,,
5,bbb_permeability,classification,NB05_bbb_permeability,bacmecillinam,CCOC(=O)OC(C)OC(=O)[C@@H]1N2[C@H](SC1(C)C)[C@H](N=CN3CCCCCC3)C2=O,,0,,,,,0.101562,0.8,,,,,8,0,30,,,,2.3839,,,,112.074,441.55,,,,,10.0,,,,,,,,3,6,,,97.74,,,0.0,,,,
5,bbb_permeability,classification,NB05_bbb_permeability,bekanamycin,NCC1OC(OC2C(N)CC(N)C(OC3OC(CO)C(O)C(N)C3O)C2O)C(N)C(O)C1O,,0,,,,,0.074219,1.0,,,,,15,11,33,,,,-7.325,,,,109.7608,483.519,,,,,15.0,,,,,,,,3,6,,,288.4,,,0.0,,,,
5,bbb_permeability,classification,NB05_bbb_permeability,benserazide,NC(CO)C(=O)NNCc1ccc(O)c(O)c1O,,1,,,,,0.060547,0.3,,,,,7,7,18,,,,-1.7562,,,,61.48,257.246,,,,,8.0,,,,,,,,1,5,,,148.07,,,0.0,,,,
5,bbb_permeability,classification,NB05_bbb_permeability,bepridil,CC(C)COCC(CN(Cc1ccccc1)c2ccccc2)N3CCCC3,,2,,,,,0.078125,0.5,,,,,3,0,27,,,,4.8302,,,,114.186,366.549,,,,,3.0,,,,,,,,3,10,,,15.71,,,0.0,,,,
5,bbb_permeability,classification,NB05_bbb_permeability,berythromycin,CC[C@H]1OC(=O)[C@H](C)[C@@H](OC2CC(C)(OC)C(O)C(C)O2)C(C)[C@@H](OC3OC(C)CC(C3O)N(C)C)[C@](C)(O)C[C@@H](C)C(=O)[C@H](C)[C@@H](O)[C@H]1C,,0,,,,,0.134766,0.9459,,,,,13,4,50,,,,2.6707,,,,184.7982,717.938,,,,,13.0,,,,,,,,3,7,,,173.68,,,0.0,,,,
5,bbb_permeability,classification,NB05_bbb_permeability,butikacin,NCCC(O)CNC1CC(N)C(OC2OC(CN)C(O)C(O)C2O)C(O)C1OC3OC(CO)C(O)C(N)C3O,,0,,,,,0.099609,1.0,,,,,17,13,39,,,,-7.9508,,,,131.2857,571.625,,,,,17.0,,,,,,,,3,11,,,314.87,,,0.0,,,,
5,bbb_permeability,classification,NB05_bbb_permeability,carbuterol,CC(C)(C)NCC(O)c1ccc(O)c(NC(N)=O)c1,,1,,,,,0.074219,0.4615,,,,,4,5,19,,,,1.3043,,,,74.0284,267.329,,,,,6.0,,,,,,,,1,4,,,107.61,,,0.0,,,,
5,bbb_permeability,classification,NB05_bbb_permeability,carfecillin,CC1(C)S[C@@H]2[C@H](NC(=O)C(C(=O)Oc3ccccc3)c4ccccc4)C(=O)N2[C@H]1C(O)=O,,2,,,,,0.095703,0.3043,,,,,6,2,32,,,,2.0075,,,,116.9185,454.504,,,,,9.0,,,,,,,,4,6,,,113.01,,,0.0,,,,
5,bbb_permeability,classification,NB05_bbb_permeability,carindacillin,CC1(C)S[C@@H]2[C@H](NC(=O)C(C(=O)Oc3ccc4CCCc4c3)c5ccccc5)C(=O)N2[C@H]1C(O)=O,,2,,,,,0.117188,0.3846,,,,,6,2,35,,,,2.4962,,,,128.9435,494.569,,,,,9.0,,,,,,,,5,6,,,113.01,,,0.0,,,,
5,bbb_permeability,classification,NB05_bbb_permeability,carubicin,CC1OC(CC(N)C1O)OC2C[C@@](O)(Cc3c(O)c4C(=O)c5cccc(O)c5C(=O)c4c(O)c23)C(C)=O,,2,,,,,0.121094,0.4231,,,,,11,6,37,,,,0.7259,,,,125.4554,513.499,,,,,11.0,,,,,,,,5,3,,,196.84,,,0.0,,,,
5,bbb_permeability,classification,NB05_bbb_permeability,carumonam,NC(=O)OCC1[C@H](NC(=O)C(=N/OCC(O)=O)\c2csc(N)n2)C(=O)N1[S](O)(=O)=O,,1,,,,,0.111328,0.3333,,,,,12,5,30,,,,-2.8757,,,,96.2999,466.41,,,,,18.0,,,,,,,,2,9,,,253.9,,,0.0,,,,
5,bbb_permeability,classification,NB05_bbb_permeability,cefaclor,N[C@@H](C(=O)N[C@H]1[C@H]2SCC(=C(N2C1=O)C(O)=O)Cl)c3ccccc3,,1,,,,,0.087891,0.2667,,,,,5,3,24,,,,0.6213,,,,88.9079,367.814,,,,,9.0,,,,,,,,3,4,,,112.73,,,0.0,,,,
5,bbb_permeability,classification,NB05_bbb_permeability,cefadroxil,CC1=C(N2[C@H](SC1)[C@H](NC(=O)[C@H](N)c3ccc(O)cc3)C2=O)C(O)=O,,1,,,,,0.087891,0.3125,,,,,6,4,25,,,,0.1505,,,,90.3937,363.395,,,,,9.0,,,,,,,,3,4,,,132.96,,,0.0,,,,
5,bbb_permeability,classification,NB05_bbb_permeability,cefalexin,CC1=C(N2[C@H](SC1)[C@H](NC(=O)[C@H](N)c3ccccc3)C2=O)C(O)=O,,1,,,,,0.085938,0.3125,,,,,5,3,24,,,,0.4449,,,,88.7289,347.396,,,,,8.0,,,,,,,,3,4,,,112.73,,,0.0,,,,
5,bbb_permeability,classification,NB05_bbb_permeability,cefaloram,CC(=O)OCC1=C(N2[C@H](SC1)[C@H](NC(=O)Cc3ccccc3)C2=O)C(O)=O,,1,,,,,0.095703,0.3333,,,,,6,2,27,,,,0.5308,,,,96.4635,390.417,,,,,9.0,,,,,,,,3,6,,,113.01,,,0.0,,,,
5,bbb_permeability,classification,NB05_bbb_permeability,cefaparole,Cc1sc(SCC2=C(N3[C@H](SC2)[C@H](NC(=O)C(N)c4ccc(O)cc4)C3=O)C(O)=O)nn1,,2,,,,,0.117188,0.3158,,,,,10,4,32,,,,1.0828,,,,120.0897,493.592,,,,,13.0,,,,,,,,4,7,,,158.74,,,0.0,,,,
5,bbb_permeability,classification,NB05_bbb_permeability,cefatrizine,NC(C(=O)N[C@H]1[C@H]2SCC(=C(N2C1=O)C(O)=O)CSc3cn[nH]n3)c4ccc(O)cc4,,2,,,,,0.119141,0.2778,,,,,9,5,31,,,,0.041,,,,111.8264,462.513,,,,,13.0,,,,,,,,4,7,,,174.53,,,0.0,,,,
5,bbb_permeability,classification,NB05_bbb_permeability,cefazaflur,[Na+].Cn1nnnc1SCC2=C(N3[C@H](SC2)[C@H](NC(=O)CSC(F)(F)F)C3=O)C([O-])=O,,1,,,,,0.119141,0.5385,,,,,11,1,30,,,,-4.0369,,,,95.0907,492.462,,,,,17.0,,,,,,,,3,7,,,133.14,,,0.0,,,,
5,bbb_permeability,classification,NB05_bbb_permeability,cefazedone,Cc1sc(SCC2=C(N3[C@H](SC2)[C@H](NC(=O)CN4C=C(Cl)C(=O)C(=C4)Cl)C3=O)C(O)=O)nn1,,2,,,,,0.121094,0.3333,,,,,10,2,33,,,,1.8459,,,,125.7765,548.455,,,,,15.0,,,,,,,,4,7,,,134.49,,,0.0,,,,
5,bbb_permeability,classification,NB05_bbb_permeability,cefcanel,Cc1sc(SCC2=C(N3[C@H](SC2)[C@H](NC(=O)[C@H](O)c4ccccc4)C3=O)C(O)=O)nn1,,2,,,,,0.115234,0.3158,,,,,9,3,31,,,,1.4108,,,,116.4563,478.577,,,,,12.0,,,,,,,,4,7,,,132.72,,,0.0,,,,
5,bbb_permeability,classification,NB05_bbb_permeability,cefcanel-daloxate,CC(N)C(=O)OC(C(=O)NC1C2SCC(=C(N2C1=O)C(=O)OCC3=C(C)OC(=O)O3)CSc4sc(C)nn4)c5ccccc5,,3,,,,,0.152344,0.3704,,,,,15,2,44,,,,1.8223,,,,158.1201,661.74,,,,,17.0,,,,,,,,5,11,,,197.16,,,0.0,,,,
5,bbb_permeability,classification,NB05_bbb_permeability,cefcapene,CC/C=C(C(=O)N[C@H]1[C@H]2SCC(=C(N2C1=O)C(O)=O)COC(N)=O)/c3csc(N)n3,,1,,,,,0.119141,0.3529,,,,,9,4,30,,,,0.3526,,,,110.0143,453.502,,,,,13.0,,,,,,,,3,7,,,177.94,,,0.0,,,,
5,bbb_permeability,classification,NB05_bbb_permeability,cefdaloxime,COCC1=C(N2[C@H](SC1)[C@H](NC(=O)C(=N\O)/c3csc(N)n3)C2=O)C(O)=O,,1,,,,,0.113281,0.3571,,,,,10,4,27,,,,-0.7114,,,,96.4104,413.437,,,,,13.0,,,,,,,,3,6,,,167.44,,,0.0,,,,
5,bbb_permeability,classification,NB05_bbb_permeability,cefdinir,Nc1scc(n1)\C(=N\O)C(=O)N[C@H]2[C@H]3SCC(=C(N3C2=O)C(O)=O)C=C,,1,,,,,0.109375,0.2143,,,,,9,4,26,,,,-0.1718,,,,94.7314,395.422,,,,,12.0,,,,,,,,3,5,,,158.21,,,0.0,,,,
5,bbb_permeability,classification,NB05_bbb_permeability,cefditoren,CO\N=C(C(=O)NC1[C@H]2SCC(=C(N2C1=O)C(O)=O)\C=C/c3scnc3C)\c4csc(N)n4,,2,,,,,0.132812,0.2632,,,,,11,3,33,,,,1.2927,,,,125.6419,506.591,,,,,14.0,,,,,,,,4,7,,,160.1,,,0.0,,,,
5,bbb_permeability,classification,NB05_bbb_permeability,cefedrolor,CC1=C(N2[C@H](SC1)[C@H](NC(=O)[C@H](N)c3ccc(O)c(Cl)c3)C2=O)C(O)=O,,1,,,,,0.097656,0.3125,,,,,6,4,26,,,,0.8039,,,,95.4037,397.84,,,,,10.0,,,,,,,,3,4,,,132.96,,,0.0,,,,
5,bbb_permeability,classification,NB05_bbb_permeability,cefetamet,CO/N=C(C(=O)N[C@H]1[C@H]2SCC(=C(N2C1=O)C(O)=O)C)/c3csc(N)n3,,1,,,,,0.105469,0.3571,,,,,9,3,26,,,,-0.1657,,,,95.4309,397.438,,,,,12.0,,,,,,,,3,5,,,147.21,,,0.0,,,,
5,bbb_permeability,classification,NB05_bbb_permeability,cefetrizole,OC(=O)C1=C(CS[C@@H]2[C@H](NC(=O)Cc3sccc3)C(=O)N12)CSc4[nH]ncn4,,2,,,,,0.119141,0.3125,,,,,8,3,28,,,,0.9396,,,,104.8142,437.528,,,,,12.0,,,,,,,,4,7,,,128.28,,,0.0,,,,
5,bbb_permeability,classification,NB05_bbb_permeability,cefivitril,Cn1nnnc1SCC2=C(N3[C@H](SC2)[C@H](NC(=O)CS\C=C/C#N)C3=O)C(O)=O,,1,,,,,0.123047,0.4,,,,,11,2,29,,,,-0.1887,,,,106.4175,453.531,,,,,14.0,,,,,,,,3,8,,,154.1,,,0.0,,,,
5,bbb_permeability,classification,NB05_bbb_permeability,cefixime,Nc1scc(n1)\C(=N\OCC(O)=O)C(=O)N[C@H]2[C@H]3SCC(=C(N3C2=O)C(O)=O)C=C,,1,,,,,0.123047,0.25,,,,,10,4,30,,,,-0.5448,,,,106.5327,453.458,,,,,14.0,,,,,,,,3,8,,,184.51,,,0.0,,,,
5,bbb_permeability,classification,NB05_bbb_permeability,cefmenoxime,CO/N=C(C(=O)N[C@H]1[C@H]2SCC(=C(N2C1=O)C(O)=O)CSc3nnnn3C)/c4csc(N)n4,,2,,,,,0.136719,0.375,,,,,14,3,33,,,,-0.8698,,,,119.2789,511.571,,,,,17.0,,,,,,,,4,8,,,190.81,,,0.0,,,,
5,bbb_permeability,classification,NB05_bbb_permeability,cefmetazole,CO[C@]1(NC(=O)CSCC#N)[C@H]2SCC(=C(N2C1=O)C(O)=O)CSc3nnnn3C,,1,,,,,0.125,0.5333,,,,,12,2,30,,,,-0.7283,,,,108.0965,471.546,,,,,15.0,,,,,,,,3,9,,,163.33,,,0.0,,,,
5,bbb_permeability,classification,NB05_bbb_permeability,cefminox,CO[C@]1(NC(=O)CSC[C@@H](N)C(O)=O)[C@H]2SCC(=C(N2C1=O)C(O)=O)CSc3nnnn3C,,1,,,,,0.128906,0.5625,,,,,13,4,33,,,,-1.84,,,,118.0947,519.587,,,,,17.0,,,,,,,,3,11,,,202.86,,,0.0,,,,
5,bbb_permeability,classification,NB05_bbb_permeability,cefodizime,CO\N=C(C(=O)N[C@H]1[C@H]2SCC(=C(N2C1=O)C(O)=O)CSc3sc(CC(O)=O)c(C)n3)/c4csc(N)n4,,2,,,,,0.140625,0.35,,,,,13,4,37,,,,0.9987,,,,138.6717,584.683,,,,,17.0,,,,,,,,4,10,,,197.4,,,0.0,,,,
5,bbb_permeability,classification,NB05_bbb_permeability,cefonicid,OC(C(=O)N[C@H]1[C@H]2SCC(=C(N2C1=O)C(O)=O)CSc3nnnn3C[S](O)(=O)=O)c4ccccc4,,2,,,,,0.123047,0.3333,,,,,12,4,35,,,,-0.9173,,,,121.1759,542.577,,,,,17.0,,,,,,,,4,9,,,204.91,,,0.0,,,,
5,bbb_permeability,classification,NB05_bbb_permeability,ceforanide,NCc1ccccc1CC(=O)N[C@H]2[C@H]3SCC(=C(N3C2=O)C(O)=O)CSc4nnnn4CC(O)=O,,2,,,,,0.121094,0.35,,,,,11,4,35,,,,-0.7102,,,,123.8987,519.565,,,,,15.0,,,,,,,,4,10,,,193.63,,,0.0,,,,
5,bbb_permeability,classification,NB05_bbb_permeability,cefotetan,CO[C@]1(NC(=O)C2S\C(S2)=C(\C(N)=O)C(O)=O)[C@H]3SCC(=C(N3C1=O)C(O)=O)CSc4nnnn4C,,1,,,,,0.134766,0.4118,,,,,14,4,36,,,,-1.3975,,,,127.9847,575.632,,,,,19.0,,,,,,,,4,9,,,219.93,,,0.0,,,,
5,bbb_permeability,classification,NB05_bbb_permeability,cefotiam,CN(C)CCn1nnnc1SCC2=C(N3[C@H](SC2)[C@H](NC(=O)Cc4csc(N)n4)C3=O)C(O)=O,,2,,,,,0.136719,0.5,,,,,13,3,34,,,,-0.6532,,,,127.0099,525.642,,,,,16.0,,,,,,,,4,10,,,172.46,,,0.0,,,,
5,bbb_permeability,classification,NB05_bbb_permeability,cefoxazole,CC(=O)OCC1=C(N2[C@H](SC1)[C@H](NC(=O)c3c(C)onc3c4ccccc4Cl)C2=O)C(O)=O,,2,,,,,0.121094,0.2857,,,,,8,2,33,,,,2.2187,,,,117.327,491.909,,,,,12.0,,,,,,,,4,6,,,139.04,,,0.0,,,,
5,bbb_permeability,classification,NB05_bbb_permeability,cefpiramide,Cn1nnnc1SCC2=C(N3[C@H](SC2)C(NC(=O)[C@H](NC(=O)C4=CNC(=CC4=O)C)c5ccc(O)cc5)C3=O)C(O)=O,,3,,,,,0.144531,0.28,,,,,12,5,42,,,,-0.0856,,,,149.3202,612.65,,,,,17.0,,,,,,,,5,9,,,212.5,,,0.0,,,,
5,bbb_permeability,classification,NB05_bbb_permeability,cefpodoxime,[Na+].COCC1=C(N2[C@H](SC1)[C@H](NC(=O)C(=N/OC)\c3csc(N)n3)C2=O)C([O-])=O,,1,,,,,0.121094,0.4,,,,,11,2,29,,,,-4.8699,,,,99.0041,449.446,,,,,14.0,,,,,,,,3,7,,,159.27,,,0.0,,,,
5,bbb_permeability,classification,NB05_bbb_permeability,cefprozil,O.C/C=C/C1=C(N2[C@H](SC1)[C@H](NC(=O)[C@H](N)c3ccc(O)cc3)C2=O)C(O)=O,,1,,,,,0.101562,0.2778,,,,,6,4,28,,,,-0.118,,,,103.1475,407.448,,,,,10.0,,,,,,,,3,5,,,164.46,,,0.0,,,,
5,bbb_permeability,classification,NB05_bbb_permeability,cefrotil,CC1=C(N2[C@H](SC1)[C@H](NC(=O)Cc3ccc(cc3)C4=NCCCN4)C2=O)C(O)=O,,1,,,,,0.107422,0.4,,,,,6,3,29,,,,0.7275,,,,109.5282,414.487,,,,,9.0,,,,,,,,4,5,,,111.1,,,0.0,,,,
5,bbb_permeability,classification,NB05_bbb_permeability,cefroxadine,COC1=C(N3C(SC1)C(NC(=O)C(N)C2C=CCC=C2)C3=O)C(O)=O,,0,,,,,0.097656,0.4375,,,,,6,3,25,,,,-0.2115,,,,91.0559,365.411,,,,,9.0,,,,,,,,3,5,,,121.96,,,0.0,,,,
5,bbb_permeability,classification,NB05_bbb_permeability,cefsumide,CC1=C(N2[C@H](SC1)[C@H](NC(=O)[C@H](N)c3cccc(N[S](C)(=O)=O)c3)C2=O)C(O)=O,,1,,,,,0.105469,0.3529,,,,,7,4,29,,,,-0.1836,,,,107.1954,440.503,,,,,12.0,,,,,,,,3,6,,,158.9,,,0.0,,,,
5,bbb_permeability,classification,NB05_bbb_permeability,cefteram,CO/N=C(C(=O)N[C@H]1[C@H]2SCC(=C(N2C1=O)C(O)=O)Cn3nnc(C)n3)/c4csc(N)n4,,2,,,,,0.132812,0.375,,,,,13,3,32,,,,-1.1905,,,,112.3109,479.504,,,,,16.0,,,,,,,,4,7,,,190.81,,,0.0,,,,
5,bbb_permeability,classification,NB05_bbb_permeability,ceftezole,OC(=O)C1=C(CS[C@@H]2[C@H](NC(=O)Cn3cnnn3)C(=O)N12)CSc4scnn4,,2,,,,,0.115234,0.3846,,,,,12,2,28,,,,-0.9445,,,,98.1345,440.492,,,,,15.0,,,,,,,,4,7,,,156.09,,,0.0,,,,
5,bbb_permeability,classification,NB05_bbb_permeability,ceftibuten,O.O.Nc1scc(n1)\C(=C\CC(O)=O)C(=O)N[C@H]2[C@H]3SCC=C(N3C2=O)C(O)=O,,1,,,,,0.107422,0.2667,,,,,8,4,29,,,,-1.6976,,,,104.7253,446.463,,,,,14.0,,,,,,,,3,6,,,225.92,,,0.0,,,,
5,bbb_permeability,classification,NB05_bbb_permeability,ceftiofur,CO/N=C(C(=O)N[C@H]1[C@H]2SCC(=C(N2C1=O)C(O)=O)CSC(=O)c3occc3)/c4csc(N)n4,,2,,,,,0.142578,0.2632,,,,,12,3,34,,,,0.981,,,,125.2534,523.574,,,,,15.0,,,,,,,,4,8,,,177.42,,,0.0,,,,
5,bbb_permeability,classification,NB05_bbb_permeability,ceftiolene,CO/N=C(C(=O)N[C@H]1[C@H]2SCC(=C(N2C1=O)C(O)=O)\C=C\SC3=NNC(=O)C(=O)N3CC=O)/c4csc(N)n4,,2,,,,,0.160156,0.25,,,,,15,4,39,,,,-1.4357,,,,139.9356,594.613,,,,,19.0,,,,,,,,4,10,,,232.03,,,0.0,,,,
5,bbb_permeability,classification,NB05_bbb_permeability,ceftioxide,CO/N=C(C(=O)N[C@H]1[C@@H]2N(C1=O)C(=C(COC(C)=O)C[S]2=O)C(O)=O)/c3csc(N)n3,,1,,,,,0.123047,0.375,,,,,11,3,31,,,,-1.607,,,,106.9413,471.473,,,,,15.0,,,,,,,,3,7,,,190.58,,,0.0,,,,
5,bbb_permeability,classification,NB05_bbb_permeability,ceftizoxime,CO/N=C(C(=O)N[C@H]1[C@H]2SCC=C(N2C1=O)C(O)=O)/c3csc(N)n3,,1,,,,,0.109375,0.3077,,,,,9,3,25,,,,-0.5558,,,,90.8139,383.411,,,,,12.0,,,,,,,,3,5,,,147.21,,,0.0,,,,
5,bbb_permeability,classification,NB05_bbb_permeability,cefuracetime,CO/N=C(C(=O)N[C@H]1[C@H]2SCC(=C(N2C1=O)C(O)=O)COC(C)=O)/c3occc3,,1,,,,,0.119141,0.3529,,,,,9,2,29,,,,-0.0682,,,,98.5715,423.403,,,,,12.0,,,,,,,,3,7,,,147.74,,,0.0,,,,
5,bbb_permeability,classification,NB05_bbb_permeability,cefuroxime-axetil,CO/N=C(C(=O)N[C@H]1[C@H]2SCC(=C(N2C1=O)C(=O)OC(C)OC(C)=O)COC(N)=O)/c3occc3,,1,,,,,0.134766,0.4,,,,,12,2,35,,,,-0.1683,,,,117.1581,510.481,,,,,15.0,,,,,,,,3,9,,,189.06,,,0.0,,,,
5,bbb_permeability,classification,NB05_bbb_permeability,cefuroxime-pivoxetil,COCCCC(=O)OC(C)OC(=O)C1=C(COC(N)=O)CS[C@@H]2[C@H](NC(=O)C(=N/OC)\c3occc3)C(=O)N12,,1,,,,,0.144531,0.4783,,,,,13,2,39,,,,0.2384,,,,132.5941,568.561,,,,,16.0,,,,,,,,3,13,,,198.29,,,0.0,,,,
5,bbb_permeability,classification,NB05_bbb_permeability,cefuzonam,CO/N=C(C(=O)N[C@H]1[C@H]2SCC(=C(N2C1=O)C(O)=O)CSc3snnc3)/c4csc(N)n4,,2,,,,,0.136719,0.3125,,,,,13,3,32,,,,0.4582,,,,120.3899,513.608,,,,,16.0,,,,,,,,4,8,,,172.99,,,0.0,,,,
5,bbb_permeability,classification,NB05_bbb_permeability,cephacetrile,[Na+].CC(=O)OCC1=C(N2[C@@H](SC1)[C@@H](NC(=O)CC#N)C2=O)C([O-])=O,,0,,,,,0.095703,0.4615,,,,,8,1,24,,,,-5.1289,,,,73.9187,361.311,,,,,11.0,,,,,,,,2,5,,,139.63,,,0.0,,,,
5,bbb_permeability,classification,NB05_bbb_permeability,cephaloglycin,O.O.CC(=O)OCC1=C(N2[C@H](SC1)[C@H](NC(=O)[C@H](N)c3ccccc3)C2=O)C(O)=O,,1,,,,,0.103516,0.3333,,,,,7,3,30,,,,-1.6613,,,,106.9155,441.462,,,,,12.0,,,,,,,,3,6,,,202.03,,,0.0,,,,
5,bbb_permeability,classification,NB05_bbb_permeability,cephalosporin-c,CC(=O)OCC1=C(N2[C@H](SC1)[C@H](NC(=O)CCC[C@@H](N)C(O)=O)C2=O)C(O)=O,,0,,,,,0.103516,0.5625,,,,,8,4,28,,,,-1.1297,,,,95.7797,415.424,,,,,12.0,,,,,,,,2,9,,,176.33,,,0.0,,,,
5,bbb_permeability,classification,NB05_bbb_permeability,cephalothin,CC(=O)OCC1=C(N2[C@H](SC1)[C@H](NC(=O)Cc3sccc3)C2=O)C(O)=O,,1,,,,,0.101562,0.375,,,,,7,2,26,,,,0.5923,,,,94.3405,396.446,,,,,10.0,,,,,,,,3,6,,,113.01,,,0.0,,,,
5,bbb_permeability,classification,NB05_bbb_permeability,cetocycline,CC(=O)C1=C(O)[C@]2(O)[C@@H](Cc3c(C)c4ccc(C)c(O)c4c(O)c3C2=O)[C@@H](N)C1=O,,2,,,,,0.097656,0.3182,,,,,8,5,30,,,,1.265,,,,106.5441,411.41,,,,,8.0,,,,,,,,4,1,,,158.15,,,0.0,,,,
5,bbb_permeability,classification,NB05_bbb_permeability,clarithromycin,CC[C@H]1OC(=O)[C@H](C)[C@@H](O[C@H]2C[C@@](C)(OC)[C@@H](O)[C@H](C)O2)[C@H](C)[C@@H](O[C@@H]3O[C@H](C)C[C@@H]([C@H]3O)N(C)C)[C@@](C)(C[C@@H](C)C(=O)[C@H](C)[C@@H](O)[C@]1(C)O)OC,,0,,,,,0.132812,0.9474,,,,,14,4,52,,,,2.4397,,,,191.0482,747.964,,,,,14.0,,,,,,,,3,8,,,182.91,,,0.0,,,,
5,bbb_permeability,classification,NB05_bbb_permeability,clindamycin,CCC[C@@H]1C[C@H](N(C)C1)C(=O)NC(C(C)Cl)[C@H]2O[C@H](SC)[C@H](O)[C@@H](O)[C@H]2O,,0,,,,,0.101562,0.9444,,,,,7,4,27,,,,0.3895,,,,106.8751,424.991,,,,,9.0,,,,,,,,2,7,,,102.26,,,0.0,,,,
5,bbb_permeability,classification,NB05_bbb_permeability,clindamycin-phosphate,CCC[C@@H]1C[C@H](N(C)C1)C(=O)NC(C(C)Cl)[C@H]2O[C@H](SC)[C@H](O[P](O)(O)=O)[C@@H](O)[C@H]2O,,0,,,,,0.111328,0.9444,,,,,8,5,31,,,,0.5065,,,,117.7854,504.97,,,,,13.0,,,,,,,,2,9,,,148.79,,,0.0,,,,
5,bbb_permeability,classification,NB05_bbb_permeability,clometocillin,COC(C(=O)N[C@H]1[C@H]2SC(C)(C)[C@@H](N2C1=O)C(O)=O)c3ccc(Cl)c(Cl)c3,,1,,,,,0.099609,0.4706,,,,,5,2,27,,,,2.3126,,,,101.8705,433.313,,,,,10.0,,,,,,,,3,5,,,95.94,,,0.0,,,,
5,bbb_permeability,classification,NB05_bbb_permeability,clomocycline,CN(C)[C@H]1[C@@H]2C[C@H]3C(=C(O)c4c(O)ccc(Cl)c4[C@@]3(C)O)C(=O)[C@]2(O)C(=O)\C(=C(/O)NCO)C1=O,,1,,,,,0.113281,0.4348,,,,,11,7,35,,,,-0.1369,,,,121.1555,508.911,,,,,12.0,,,,,,,,4,3,,,187.86,,,0.0,,,,
5,bbb_permeability,classification,NB05_bbb_permeability,cyclacillin,CC1(C)S[C@@H]2[C@H](NC(=O)C3(N)CCCCC3)C(=O)N2[C@H]1C(O)=O,,0,,,,,0.080078,0.8,,,,,5,3,23,,,,0.2797,,,,85.6619,341.433,,,,,8.0,,,,,,,,3,3,,,112.73,,,0.0,,,,
5,bbb_permeability,classification,NB05_bbb_permeability,cyclosporina,CCC1C(=O)N(CC(=O)N(C(C(=O)NC(C(=O)N(C(C(=O)NC(C(=O)NC(C(=O)N(C(C(=O)N(C(C(=O)N(C(C(=O)N(C(C(=O)N1)C(C(C)CC=CC)O)C)C(C)C)C)CC(C)C)C)CC(C)C)C)C)C)CC(C)C)C)C(C)C)CC(C)C)C)C,,0,,,,,0.132812,0.7903,,,,,12,5,85,,,,3.269,,,,328.4446,1202.635,,,,,23.0,,,,,,,,1,15,,,278.8,,,0.0,,,,
5,bbb_permeability,classification,NB05_bbb_permeability,dactinomycin,CC(C)C1NC(=O)C(NC(=O)c2ccc(C)c3OC4=C(C)C(=O)C(=C(C(=O)NC5C(C)OC(=O)C(C(C)C)N(C)C(=O)CN(C)C(=O)C6CCCN6C(=O)C(NC5=O)C(C)C)C4=Nc23)N)C(C)OC(=O)C(C(C)C)N(C)C(=O)CN(C)C(=O)C7CCCN7C1=O,,1,,,,,0.167969,0.6129,,,,,18,5,90,,,,0.7256,,,,325.4772,1255.438,,,,,28.0,,,,,,,,7,8,,,359.98,,,0.0,,,,
5,bbb_permeability,classification,NB05_bbb_permeability,demecycline,CN(C)[C@H]1[C@@H]2C[C@@H]3[C@H](O)c4cccc(O)c4C(=C3C(=O)[C@]2(O)C(=O)\C(=C(N)/O)C1=O)O,,1,,,,,0.103516,0.381,,,,,10,6,31,,,,-0.5451,,,,105.5004,430.413,,,,,10.0,,,,,,,,4,1,,,181.62,,,0.0,,,,
5,bbb_permeability,classification,NB05_bbb_permeability,detorubicin,CCOC(OCC)C(=O)OCC(=O)C1(O)CC(OC2CC(N)C(O)C(C)O2)c3c(O)c4C(=O)c5c(OC)cccc5C(=O)c4c(O)c3C1,,2,,,,,0.144531,0.5152,,,,,15,5,48,,,,0.9513,,,,162.6676,673.668,,,,,15.0,,,,,,,,5,11,,,230.6,,,0.0,,,,
5,bbb_permeability,classification,NB05_bbb_permeability,dibekacin,NCC1CCC(N)C(O1)OC2C(N)CC(N)C(OC3OC(CO)C(O)C(N)C3O)C2O,,0,,,,,0.078125,1.0,,,,,13,9,31,,,,-5.2666,,,,106.9812,451.521,,,,,13.0,,,,,,,,3,6,,,247.94,,,0.0,,,,
5,bbb_permeability,classification,NB05_bbb_permeability,dicloxacillin,Cc1onc(c1C(=O)N[C@H]2[C@H]3SC(C)(C)[C@@H](N3C2=O)C(O)=O)c4c(Cl)cccc4Cl,,2,,,,,0.105469,0.3684,,,,,6,2,30,,,,3.2021,,,,111.678,470.334,,,,,11.0,,,,,,,,4,4,,,112.74,,,0.0,,,,
5,bbb_permeability,classification,NB05_bbb_permeability,dihydrostreptomycin,CN[C@H]1[C@H](O)[C@@H](O)[C@H](CO)O[C@H]1O[C@H]2[C@@H](O[C@@H](C)[C@]2(O)CO)O[C@@H]3[C@@H](O)[C@H](O)[C@@H](N=C(N)N)[C@H](O)[C@H]3N=C(N)N,,0,,,,,0.101562,0.9048,,,,,15,13,40,,,,-8.3677,,,,133.9407,583.596,,,,,19.0,,,,,,,,3,9,,,339.59,,,0.0,,,,
5,bbb_permeability,classification,NB05_bbb_permeability,diosmin,COc1ccc(cc1O)C2=CC(=O)c3c(O)cc(O[C@@H]4O[C@H](CO[C@@H]5O[C@@H](C)[C@H](O)[C@@H](O)[C@H]5O)[C@@H](O)[C@H](O)[C@H]4O)cc3O2,,3,,,,,0.119141,0.4643,,,,,15,8,43,,,,-1.0897,,,,143.4184,608.549,,,,,15.0,,,,,,,,5,7,,,238.2,,,0.0,,,,
5,bbb_permeability,classification,NB05_bbb_permeability,dipivefrin,CNCC(O)c1ccc(OC(=O)C(C)(C)C)c(OC(=O)C(C)(C)C)c1,,1,,,,,0.068359,0.5789,,,,,6,2,25,,,,2.8424,,,,95.5085,351.443,,,,,6.0,,,,,,,,1,5,,,84.86,,,0.0,,,,
5,bbb_permeability,classification,NB05_bbb_permeability,diproleandomycin,CCC(=O)O[C@H]1[C@@H](C)[C@@H](C)OC(=O)C(C)[C@@H](O[C@H]2C[C@H](OC)[C@@H](OC(=O)CC)[C@H](C)O2)[C@H](C)[C@@H](O[C@@H]3O[C@H](C)C[C@@H]([C@H]3O)N(C)C)C(C)C[C@@]4(CO4)C(=O)[C@@H]1C,,0,,,,,0.140625,0.9024,,,,,15,1,56,,,,3.8303,,,,201.9518,799.996,,,,,15.0,,,,,,,,4,10,,,178.12,,,0.0,,,,
5,bbb_permeability,classification,NB05_bbb_permeability,dipyridamole,OCCN(CCO)c1nc(N2CCCCC2)c3nc(nc(N4CCCCC4)c3n1)N(CCO)CCO,,2,,,,,0.056641,0.75,,,,,12,4,36,,,,-0.0176,,,,140.0252,504.636,,,,,12.0,,,,,,,,4,12,,,145.44,,,0.0,,,,
5,bbb_permeability,classification,NB05_bbb_permeability,dirithromycin,CC[C@H]1OC(=O)[C@H](C)[C@@H](O[C@H]2C[C@@](C)(OC)[C@@H](O)[C@H](C)O2)[C@H](C)[C@@H](O[C@@H]3O[C@H](C)C[C@@H]([C@H]3O)N(C)C)[C@](C)(O)C[C@@H](C)[C@@H]4N[C@@H](COCCOC)O[C@H]([C@H]4C)[C@]1(C)O,,0,,,,,0.167969,0.9762,,,,,16,5,58,,,,2.2017,,,,213.5239,835.086,,,,,16.0,,,,,,,,4,12,,,196.33,,,0.0,,,,
5,bbb_permeability,classification,NB05_bbb_permeability,docetaxel,CC(=O)O[C@@]12CO[C@@H]1C[C@H](O)[C@]3(C)[C@@H]2[C@H](OC(=O)c4ccccc4)[C@]5(O)C[C@H](OC(=O)[C@H](O)[C@@H](NC(=O)OC(C)(C)C)c6ccccc6)C(=C([C@@H](O)C3=O)C5(C)C)C,,2,,,,,0.166016,0.5581,,,,,14,5,58,,,,3.2596,,,,203.6044,807.89,,,,,15.0,,,,,,,,6,8,,,224.45,,,0.0,,,,
5,bbb_permeability,classification,NB05_bbb_permeability,efrotomycin,CCC(C(=O)NC\C=C\C=C(/C)C(OC)C(C)C1OC(\C=C\C=C\C=C(/C)C(=O)C2=C(O)N(C)C=CC2=O)C(O)C1O)C3(O)OC(\C=C\C=C\C)C(C)(C)C(OC4OC(C)C(OC5OC(C)C(OC)C(O)C5OC)C(OC)C4O)C3O,,1,,,,,0.208984,0.6441,,,,,21,8,81,,,,2.7511,,,,296.4238,1145.347,,,,,22.0,,,,,,,,5,24,,,302.08,,,0.0,,,,
5,bbb_permeability,classification,NB05_bbb_permeability,emetine,[Cl].CC[C@H]1CN2CCc3cc(OC)c(OC)cc3[C@@H]2C[C@@H]1C[C@H]4NCCc5cc(OC)c(OC)cc45,,2,,,,,0.097656,0.5862,,,,,6,1,36,,,,5.6329,,,,143.9157,516.102,,,,,7.0,,,,,,,,5,7,,,52.19,,,0.0,,,,
5,bbb_permeability,classification,NB05_bbb_permeability,epicillin,CC1(C)S[C@@H]2[C@H](NC(=O)[C@H](N)C3=CCC=CC3)C(=O)N2[C@H]1C(O)=O,,0,,,,,0.09375,0.5625,,,,,5,3,24,,,,0.2218,,,,90.0909,351.428,,,,,8.0,,,,,,,,3,4,,,112.73,,,0.0,,,,
5,bbb_permeability,classification,NB05_bbb_permeability,eqvalan,CCC(C)[C@H]1O[C@]2(CC[C@@H]1C)CC3C[C@@H](C\C=C(C)\[C@@H](O[C@H]4C[C@H](OC)[C@@H](OC5C[C@H](OC)[C@@H](O)[C@H](C)O5)[C@H](C)O4)[C@@H](C)/C=C/C=C/6CO[C@@H]7[C@H](O)C(=C[C@@H](C(=O)O3)[C@]67O)C)O2.CO[C@H]8CC(O[C@@H](C)[C@@H]8O)O[C@H]9[C@H](C)O[C@H](C[C@@H]9OC)O[C@H]/%10[C@@H](C)/C=C/C=C/%11CO[C@@H]%12[C@H](O)C(=C[C@@H](C(=O)OC%13C[C@@H](C\C=C%10C)O[C@@]%14(CC[C@H](C)[C@H](O%14)C(C)C)C%13)[C@]%11%12O)C,,0,,,,,0.185547,0.8105,,,,,28,6,123,,,,10.8127,,,,450.1818,1736.185,,,,,28.0,,,,,,,,14,15,,,340.12,,,0.0,,,,
5,bbb_permeability,classification,NB05_bbb_permeability,esorubicin,COc1cccc2C(=O)c3c(O)c4C[C@@](O)(C[C@@H](OC5CC(N)CC(C)O5)c4c(O)c3C(=O)c12)C(=O)CO,,2,,,,,0.125,0.4444,,,,,11,5,38,,,,1.0305,,,,130.3646,527.526,,,,,11.0,,,,,,,,5,5,,,185.84,,,0.0,,,,
5,bbb_permeability,classification,NB05_bbb_permeability,etamocycline,CN(C)[C@H]1[C@@H]2C[C@H]3C(=C(O)c4c(O)cccc4[C@@]3(C)O)C(=O)[C@]2(O)C(=O)\C(=C(/O)NCN(C)CCN(C)CNC(/O)=C/5C(=O)[C@H]([C@@H]6C[C@H]7C(=C(O)c8c(O)cccc8[C@@]7(C)O)C(=O)[C@]6(O)C5=O)N(C)C)C1=O,,2,,,,,0.113281,0.48,,,,,22,12,72,,,,-0.688,,,,253.1134,1001.056,,,,,22.0,,,,,,,,8,11,,,341.74,,,0.0,,,,
5,bbb_permeability,classification,NB05_bbb_permeability,etilefrine,CCNCC(O)c1cccc(O)c1,,1,,,,,0.054688,0.4,,,,,3,3,13,,,,1.0351,,,,51.6103,181.235,,,,,3.0,,,,,,,,1,4,,,52.49,,,0.0,,,,
5,bbb_permeability,classification,NB05_bbb_permeability,felodipine,CCOC(=O)C1=C(C)NC(=C(C1c2cccc(Cl)c2Cl)C(=O)OC)C,,1,,,,,0.074219,0.3333,,,,,5,1,25,,,,3.9643,,,,96.3877,384.259,,,,,7.0,,,,,,,,2,4,,,64.63,,,0.0,,,,
5,bbb_permeability,classification,NB05_bbb_permeability,fenbenicillin,CC1(C)S[C@@H]2[C@H](NC(=O)C(Oc3ccccc3)c4ccccc4)C(=O)N2[C@H]1C(O)=O,,2,,,,,0.091797,0.3182,,,,,5,2,30,,,,2.4384,,,,111.9115,426.494,,,,,8.0,,,,,,,,4,6,,,95.94,,,0.0,,,,
5,bbb_permeability,classification,NB05_bbb_permeability,fenoxazoline,CC(C)c1ccccc1OCC2=NCCN2,,1,,,,,0.068359,0.4615,,,,,3,1,16,,,,2.1905,,,,66.3307,218.3,,,,,3.0,,,,,,,,2,4,,,33.62,,,0.0,,,,
5,bbb_permeability,classification,NB05_bbb_permeability,fexofenadine,CC(C)(C(O)=O)c1ccc(cc1)C(O)CCCN2CCC(CC2)C(O)(c3ccccc3)c4ccccc4,,3,,,,,0.089844,0.4062,,,,,4,3,37,,,,5.5105,,,,146.3444,501.667,,,,,5.0,,,,,,,,4,10,,,81.0,,,0.0,,,,
5,bbb_permeability,classification,NB05_bbb_permeability,fibracillin,CC1(C)S[C@@H]2[C@H](NC(=O)[C@H](NC(=O)C(C)(C)Oc3ccc(Cl)cc3)c4ccccc4)C(=O)N2[C@H]1C(O)=O,,2,,,,,0.113281,0.3846,,,,,6,3,37,,,,2.9866,,,,139.1432,546.045,,,,,11.0,,,,,,,,4,8,,,125.04,,,0.0,,,,
5,bbb_permeability,classification,NB05_bbb_permeability,flomoxef,[Na].CO[C@]1(NC(=O)CSC(F)(F)F)[C@H]2OCC(=C(N2C1=O)C(O)=O)CSc3nnnn3CCO,,1,,,,,0.132812,0.6,,,,,12,3,34,,,,-1.3742,,,,109.0243,537.454,,,,,19.0,,,,,,,,3,10,,,169.0,,,0.0,,,,
5,bbb_permeability,classification,NB05_bbb_permeability,flurithromycin,CC[C@H]1OC(=O)[C@H](C)[C@@H](O[C@H]2C[C@@](C)(OC)[C@@H](O)[C@H](C)O2)[C@H](C)[C@@H](O[C@@H]3O[C@H](C)C[C@@H]([C@H]3O)N(C)C)[C@](C)(O)C[C@](C)(F)C(=O)[C@H](C)[C@@H](O)[C@]1(C)O,,0,,,,,0.144531,0.9459,,,,,14,5,52,,,,1.8777,,,,186.607,751.927,,,,,15.0,,,,,,,,3,7,,,193.91,,,0.0,,,,
5,bbb_permeability,classification,NB05_bbb_permeability,fropenem,C[C@@H](O)[C@@H]1[C@H]2SC(=C(N2C1=O)C(O)=O)[C@H]3CCCO3,,0,,,,,0.082031,0.6667,,,,,5,2,19,,,,0.3737,,,,67.0316,285.321,,,,,7.0,,,,,,,,3,3,,,87.07,,,0.0,,,,
5,bbb_permeability,classification,NB05_bbb_permeability,fumoxicillin,CC1(C)S[C@@H]2[C@H](NC(=O)[C@@H](N=Cc3occc3)c4ccc(O)cc4)C(=O)N2[C@H]1C(O)=O,,2,,,,,0.115234,0.3333,,,,,7,3,31,,,,1.7771,,,,112.8083,443.481,,,,,10.0,,,,,,,,4,6,,,132.44,,,0.0,,,,
5,bbb_permeability,classification,NB05_bbb_permeability,furbucillin,CC(C)CC(OC(=O)c1occc1)C(=O)N[C@H]2[C@H]3SC(C)(C)[C@@H](N3C2=O)C(O)=O,,1,,,,,0.113281,0.5789,,,,,7,2,29,,,,1.4828,,,,103.025,424.475,,,,,10.0,,,,,,,,3,7,,,126.15,,,0.0,,,,
5,bbb_permeability,classification,NB05_bbb_permeability,fusidic-acid,C[C@@H]1[C@H](O)CC[C@@]2(C)[C@H]1CC[C@@]3(C)[C@H]2[C@H](O)C[C@H]4\C([C@H](C[C@]34C)OC(C)=O)=C(/CCC=C(C)C)C(O)=O,,0,,,,,0.113281,0.8065,,,,,5,3,37,,,,5.6661,,,,142.5514,516.719,,,,,6.0,,,,,,,,4,5,,,104.06,,,0.0,,,,
5,bbb_permeability,classification,NB05_bbb_permeability,gentamicin,CNC(C)C1CCC(N)C(O1)OC2C(N)CC(N)C(OC3OCC(C)(O)C(NC)C3O)C2O,,0,,,,,0.097656,1.0,,,,,12,8,33,,,,-3.3275,,,,119.931,477.603,,,,,12.0,,,,,,,,3,7,,,199.73,,,0.0,,,,
5,bbb_permeability,classification,NB05_bbb_permeability,gloximonam,CO/N=C(C(=O)N[C@H]1[C@H](C)N(OCC(=O)OCC(=O)OC(C)(C)C)C1=O)/c2csc(N)n2,,1,,,,,0.119141,0.5556,,,,,12,2,32,,,,-0.3922,,,,111.0671,471.492,,,,,14.0,,,,,,,,2,9,,,171.74,,,0.0,,,,
5,bbb_permeability,classification,NB05_bbb_permeability,gramicidin-s-2,CC(C)CC1C(=O)NC(C(=O)N2CCCC2C(=O)NC(C(=O)NC(C(=O)NC(C(=O)NC(C(=O)N3CCCC3C(=O)NC(C(=O)NC(C(=O)N1)CCCN)C(C)C)CC4=CC=CC=C4)CC(C)C)CCCN)C(C)C)CC5=CC=CC=C5,,2,,,,,0.111328,0.6333,,,,,12,10,82,,,,1.2278,,,,310.3704,1141.47,,,,,22.0,,,,,,,,5,16,,,325.46,,,0.0,,,,
5,bbb_permeability,classification,NB05_bbb_permeability,grepafloxacin,CC1CN(CCN1)c2cc3N(C=C(C(O)=O)C(=O)c3c(C)c2F)C4CC4,,2,,,,,0.099609,0.4737,,,,,5,2,26,,,,2.2802,,,,97.811,359.401,,,,,7.0,,,,,,,,4,3,,,74.57,,,0.0,,,,
5,bbb_permeability,classification,NB05_bbb_permeability,guamecycline,CN(C)C1C2CC3C(=C(O)c4c(O)cccc4C3(C)O)C(=O)C2(O)C(=O)\C(=C(/O)NCN5CCN(CC5)C(=N)N=C(N)N)C1=O,,1,,,,,0.144531,0.4828,,,,,12,9,45,,,,-1.9568,,,,160.6092,626.671,,,,,16.0,,,,,,,,5,4,,,262.36,,,0.0,,,,
5,bbb_permeability,classification,NB05_bbb_permeability,hetacillin,CC1(C)N[C@@H](C(=O)N1[C@H]2[C@H]3SC(C)(C)[C@@H](N3C2=O)C(O)=O)c4ccccc4,,1,,,,,0.082031,0.5263,,,,,5,2,27,,,,1.4111,,,,100.7595,389.477,,,,,8.0,,,,,,,,4,3,,,89.95,,,0.0,,,,
5,bbb_permeability,classification,NB05_bbb_permeability,hydroxyamphetamine,CC(Cc1ccccc1)NO,,1,,,,,0.042969,0.3333,,,,,2,2,11,,,,1.5964,,,,44.5302,151.209,,,,,2.0,,,,,,,,1,3,,,32.26,,,0.0,,,,
5,bbb_permeability,classification,NB05_bbb_permeability,hydroxyephedrine,CNC(C)C(O)c1ccc(O)cc1,,1,,,,,0.042969,0.4,,,,,3,3,13,,,,1.0335,,,,51.5883,181.235,,,,,3.0,,,,,,,,1,3,,,52.49,,,0.0,,,,
5,bbb_permeability,classification,NB05_bbb_permeability,hymecromone,CC1=CC(=O)Oc2cc(O)ccc12,,2,,,,,0.052734,0.1,,,,,3,1,13,,,,1.807,,,,48.8858,176.171,,,,,3.0,,,,,,,,2,0,,,50.44,,,0.0,,,,
5,bbb_permeability,classification,NB05_bbb_permeability,idarubicin,C[C@@H]1O[C@H](C[C@H](N)[C@@H]1O)O[C@H]2C[C@@](O)(Cc3c(O)c4C(=O)c5ccccc5C(=O)c4c(O)c23)C(C)=O,,2,,,,,0.111328,0.4231,,,,,10,5,36,,,,1.0203,,,,123.7906,497.5,,,,,10.0,,,,,,,,5,3,,,176.61,,,0.0,,,,
5,bbb_permeability,classification,NB05_bbb_permeability,imipenem,O.C[C@H](O)[C@@H]1[C@H]2CC(=C(N2C1=O)C(O)=O)SCCN=CN,,0,,,,,0.089844,0.5833,,,,,5,3,21,,,,-1.2104,,,,78.7018,317.367,,,,,9.0,,,,,,,,2,6,,,147.72,,,0.0,,,,
5,bbb_permeability,classification,NB05_bbb_permeability,isepamicin,CNC1C(O)C(OCC1(C)O)OC2C(O)C(OC3OC(CN)C(O)C(O)C3O)C(N)CC2NC(=O)C(O)CN,,0,,,,,0.115234,0.9545,,,,,16,12,39,,,,-7.5244,,,,130.2912,569.609,,,,,17.0,,,,,,,,3,9,,,297.72,,,0.0,,,,
5,bbb_permeability,classification,NB05_bbb_permeability,isopropicillin,CC1(C)S[C@@H]2[C@H](NC(=O)C(C)(C)Oc3ccccc3)C(=O)N2[C@H]1C(O)=O,,1,,,,,0.085938,0.5,,,,,5,2,26,,,,1.4757,,,,96.8075,378.45,,,,,8.0,,,,,,,,3,5,,,95.94,,,0.0,,,,
5,bbb_permeability,classification,NB05_bbb_permeability,josamycin,CO[C@H]1[C@@H](CC(=O)O[C@H](C)C/C=C/C=C/[C@H](O)[C@H](C)C[C@H](CC=O)[C@@H]1O[C@@H]2O[C@H](C)[C@@H](O[C@H]3C[C@@](C)(O)[C@@H](OC(=O)CC(C)C)[C@H](C)O3)[C@@H]([C@H]2O)N(C)C)OC(C)=O,,0,,,,,0.175781,0.8095,,,,,16,3,58,,,,3.0134,,,,209.8514,828.006,,,,,16.0,,,,,,,,3,12,,,206.05,,,0.0,,,,
5,bbb_permeability,classification,NB05_bbb_permeability,lenampicillin,CC1=C(COC(=O)[C@@H]2N3[C@H](SC2(C)C)[C@H](NC(=O)[C@H](N)c4ccccc4)C3=O)OC(=O)O1,,2,,,,,0.113281,0.4286,,,,,9,2,32,,,,0.8315,,,,113.1701,461.496,,,,,11.0,,,,,,,,4,6,,,145.08,,,0.0,,,,
5,bbb_permeability,classification,NB05_bbb_permeability,lenapenem,CNCC[C@@H](O)[C@@H]1C[C@@H](CN1)SC2=C(N3[C@H]([C@H]2C)[C@@H]([C@@H](C)O)C3=O)C(O)=O,,0,,,,,0.103516,0.7778,,,,,7,5,27,,,,-0.4258,,,,101.9678,399.513,,,,,9.0,,,,,,,,3,8,,,122.13,,,0.0,,,,
5,bbb_permeability,classification,NB05_bbb_permeability,leurubicin,COc1cccc2C(=O)c3c(O)c4C[C@](O)(C[C@H](O[C@H]5C[C@H](NC(=O)[C@@H](N)CC(C)C)[C@H](O)[C@H](C)O5)c4c(O)c3C(=O)c12)C(=O)CO,,2,,,,,0.152344,0.5152,,,,,13,7,47,,,,0.5322,,,,163.1401,656.685,,,,,14.0,,,,,,,,5,9,,,235.17,,,0.0,,,,
5,bbb_permeability,classification,NB05_bbb_permeability,lexithromycin,CC[C@H]1OC(=O)[C@H](C)[C@@H](OC2CC(C)(OC)C(O)C(C)O2)C(C)[C@@H](OC3OC(C)CC(C3O)N(C)C)[C@](C)(O)C[C@@H](C)\C(=N/OC)[C@H](C)[C@@H](O)[C@]1(C)O,,0,,,,,0.150391,0.9474,,,,,15,5,53,,,,2.2189,,,,195.695,762.979,,,,,15.0,,,,,,,,3,8,,,198.43,,,0.0,,,,
5,bbb_permeability,classification,NB05_bbb_permeability,lincomycin,CCCC1CC(N(C)C1)C(=O)NC(C(C)O)C2OC(SC)C(O)C(O)C2O,,0,,,,,0.095703,0.9444,,,,,8,5,27,,,,-0.857,,,,103.2409,406.545,,,,,9.0,,,,,,,,2,7,,,122.49,,,0.0,,,,
5,bbb_permeability,classification,NB05_bbb_permeability,loracarbef,O.N[C@@H](C(=O)NC1C2CCC(=C(N2C1=O)C(O)=O)Cl)c3ccccc3,,1,,,,,0.085938,0.3125,,,,,4,3,25,,,,-0.1139,,,,89.2977,367.789,,,,,9.0,,,,,,,,3,4,,,144.23,,,0.0,,,,
5,bbb_permeability,classification,NB05_bbb_permeability,losartan,CCCCc1nc(Cl)c(CO)n1Cc2ccc(cc2)c3ccccc3c4n[nH]nn4,,4,,,,,0.09375,0.2727,,,,,6,2,30,,,,4.2668,,,,115.9235,422.92,,,,,8.0,,,,,,,,4,8,,,92.51,,,0.0,,,,
5,bbb_permeability,classification,NB05_bbb_permeability,lymecycline,[Cl-].CN(C)[C@H]1[C@@H]2C[C@H]3C(=C(O)c4c(O)ccc(Cl)c4[C@@]3(C)O)C(=O)[C@]2(O)C(=O)\C(=C(N)\O)C1=O.[H+],,1,,,,,0.111328,0.4091,,,,,10,6,34,,,,-2.6011,,,,116.2334,515.346,,,,,12.0,,,,,,,,4,1,,,181.62,,,0.0,,,,
5,bbb_permeability,classification,NB05_bbb_permeability,mecillinam,CC1(C)S[C@@H]2[C@H](N=CN3CCCCCC3)C(=O)N2[C@H]1C(O)=O,,0,,,,,0.074219,0.8,,,,,4,1,22,,,,1.4062,,,,86.0488,325.434,,,,,7.0,,,,,,,,3,3,,,73.21,,,0.0,,,,
5,bbb_permeability,classification,NB05_bbb_permeability,mecloxamine,CC(CN(C)C)OC(C)(c1ccccc1)c2ccc(Cl)cc2,,2,,,,,0.064453,0.3684,,,,,2,0,22,,,,4.5702,,,,93.449,317.86,,,,,3.0,,,,,,,,2,6,,,12.47,,,0.0,,,,
5,bbb_permeability,classification,NB05_bbb_permeability,medorubicin,CC1OC(CC(N)C1O)OC2CC(O)(Cc3c(O)c4C(=O)c5ccccc5C(=O)c4c(O)c23)C(=O)CO,,2,,,,,0.115234,0.4231,,,,,11,6,37,,,,-0.0073,,,,125.2024,513.499,,,,,11.0,,,,,,,,5,4,,,196.84,,,0.0,,,,
5,bbb_permeability,classification,NB05_bbb_permeability,meropenem,O.O.O.C[C@H](O)C1C2[C@@H](C)C(=C(N2C1=O)C(O)=O)S[C@@H]3CN[C@@H](C3)C(=O)N(C)C,,0,,,,,0.099609,0.7059,,,,,6,3,29,,,,-2.7821,,,,106.9527,437.515,,,,,12.0,,,,,,,,3,5,,,204.68,,,0.0,,,,
5,bbb_permeability,classification,NB05_bbb_permeability,metampicillin,CC1(C)SC2C(NC(=O)C(N=C)c3ccccc3)C(=O)N2C1C(O)=O,,1,,,,,0.091797,0.4118,,,,,5,2,25,,,,1.06,,,,94.3905,361.423,,,,,8.0,,,,,,,,3,5,,,99.07,,,0.0,,,,
5,bbb_permeability,classification,NB05_bbb_permeability,methacycline,CN(C)[C@H]1[C@@H]2[C@@H](O)[C@@H]3C(=C)c4cccc(O)c4C(=C3C(=O)[C@]2(O)C(=O)\C(=C(N)/O)C1=O)O,,1,,,,,0.101562,0.3182,,,,,10,6,32,,,,-0.5945,,,,110.9644,442.424,,,,,10.0,,,,,,,,4,1,,,181.62,,,0.0,,,,
5,bbb_permeability,classification,NB05_bbb_permeability,methoxyphedrine,CNC(C)C(=O)c1ccc(OC)cc1,,1,,,,,0.050781,0.3636,,,,,3,1,14,,,,1.4858,,,,55.8462,193.246,,,,,3.0,,,,,,,,1,4,,,38.33,,,0.0,,,,
5,bbb_permeability,classification,NB05_bbb_permeability,meticillin,COc1cccc(OC)c1C(=O)N[C@H]2[C@H]3SC(C)(C)[C@@H](N3C2=O)C(O)=O,,1,,,,,0.085938,0.4706,,,,,6,2,26,,,,0.9491,,,,94.528,380.422,,,,,9.0,,,,,,,,3,5,,,105.17,,,0.0,,,,
5,bbb_permeability,classification,NB05_bbb_permeability,mezlocillin,CC1(C)S[C@@H]2[C@H](NC(=O)[C@H](NC(=O)N3CCN(C3=O)[S](C)(=O)=O)c4ccccc4)C(=O)N2[C@H]1C(O)=O,,1,,,,,0.113281,0.4762,,,,,8,3,36,,,,-0.2338,,,,127.025,539.592,,,,,15.0,,,,,,,,4,6,,,173.5,,,0.0,,,,
5,bbb_permeability,classification,NB05_bbb_permeability,mibefradil,COCC(=O)O[C@]1(CCN(C)CCCc2[nH]c3ccccc3n2)CCc4cc(F)ccc4[C@@H]1C(C)C,,3,,,,,0.134766,0.5172,,,,,5,1,36,,,,5.2709,,,,139.5277,495.639,,,,,7.0,,,,,,,,4,11,,,67.45,,,0.0,,,,
5,bbb_permeability,classification,NB05_bbb_permeability,midecamycin,CCC(=O)OC1CC(=O)OC(C)C\C=C\C=C/C(O)C(C)CC(CC=O)C(O[C@@H]2O[C@H](C)[C@@H](O[C@H]3C[C@@](C)(O)[C@H](OC(=O)CC)[C@@H](C)O3)[C@@H]([C@H]2O)N(C)C)C1OC,,0,,,,,0.166016,0.8049,,,,,16,3,57,,,,2.7674,,,,205.3044,813.979,,,,,16.0,,,,,,,,3,12,,,206.05,,,0.0,,,,
5,bbb_permeability,classification,NB05_bbb_permeability,mikamycin,CCC1NC(=O)C(NC(=O)c2ncccc2O)C(C)OC(=O)C(NC(=O)C3CC(=O)CCN3C(=O)C(Cc4ccc(cc4)N(C)C)N(C)C(=O)C5CCCN5C1=O)c6ccccc6,,3,,,,,0.169922,0.4444,,,,,12,4,63,,,,1.27,,,,227.7654,866.973,,,,,18.0,,,,,,,,6,7,,,227.96,,,0.0,,,,
5,bbb_permeability,classification,NB05_bbb_permeability,mirincamycin,CCCCCC1CNC(C1)C(=O)NC(C(C)Cl)C2OC(SC)C(O)C(O)C2O,,0,,,,,0.105469,0.9474,,,,,7,5,28,,,,0.8275,,,,111.4818,439.018,,,,,9.0,,,,,,,,2,9,,,111.05,,,0.0,,,,
5,bbb_permeability,classification,NB05_bbb_permeability,mitomycin,CO[C@@]12[C@H](COC(N)=O)C3=C(N1C[C@@H]4N[C@H]24)C(=O)C(=C(N)C3=O)C,,0,,,,,0.09375,0.5333,,,,,8,3,24,,,,-1.6512,,,,80.1105,334.332,,,,,9.0,,,,,,,,4,3,,,146.89,,,0.0,,,,
5,bbb_permeability,classification,NB05_bbb_permeability,moxalactam,CO[C@]1(NC(=O)C(C(O)=O)c2ccc(O)cc2)[C@H]3OCC(=C(N3C1=O)C(O)=O)CSc4nnnn4C,,2,,,,,0.132812,0.35,,,,,12,4,36,,,,-1.1277,,,,117.1361,520.48,,,,,16.0,,,,,,,,4,9,,,206.3,,,0.0,,,,
5,bbb_permeability,classification,NB05_bbb_permeability,neamine,NC[C@H]1O[C@H](O[C@@H]2[C@@H](N)C[C@@H](N)[C@H](O)[C@H]2O)[C@H](N)[C@@H](O)[C@@H]1O,,0,,,,,0.064453,1.0,,,,,10,8,22,,,,-5.1156,,,,75.1588,322.362,,,,,10.0,,,,,,,,2,3,,,203.46,,,0.0,,,,
5,bbb_permeability,classification,NB05_bbb_permeability,netilmicin,CCN[C@@H]1C[C@H](N)[C@@H](O[C@H]2OC(=CC[C@H]2N)CN)[C@H](O)[C@H]1O[C@H]3OC[C@](C)(O)[C@H](NC)[C@H]3O,,0,,,,,0.107422,0.9048,,,,,12,8,33,,,,-3.2007,,,,119.631,475.587,,,,,12.0,,,,,,,,3,8,,,199.73,,,0.0,,,,
5,bbb_permeability,classification,NB05_bbb_permeability,nicardipine,COC(=O)C1=C(C)NC(=C(C1c2cccc(c2)[N+]([O-])=O)C(=O)OCCN(C)Cc3ccccc3)C,,2,,,,,0.107422,0.3077,,,,,8,1,35,,,,3.6778,,,,130.1241,479.533,,,,,9.0,,,,,,,,3,9,,,111.01,,,0.0,,,,
5,bbb_permeability,classification,NB05_bbb_permeability,nifedipine,COC(=O)C1=C(C)NC(=C(C1c2ccccc2[N+]([O-])=O)C(=O)OC)C,,1,,,,,0.072266,0.2941,,,,,7,1,25,,,,2.1756,,,,88.4051,346.339,,,,,8.0,,,,,,,,2,4,,,107.77,,,0.0,,,,
5,bbb_permeability,classification,NB05_bbb_permeability,nitrendipine,CCOC(=O)C1=C(C)NC(=C(C1c2cccc(c2)[N+]([O-])=O)C(=O)OC)C,,1,,,,,0.083984,0.3333,,,,,7,1,26,,,,2.5657,,,,93.0221,360.366,,,,,8.0,,,,,,,,2,5,,,107.77,,,0.0,,,,
5,bbb_permeability,classification,NB05_bbb_permeability,nitrocycline,CN(C)[C@H]1[C@@H]2C[C@@H]3Cc4c(ccc(O)c4C(=C3C(=O)[C@]2(O)C(=O)\C(=C(N)/O)C1=O)O)[N+]([O-])=O,,1,,,,,0.115234,0.381,,,,,11,5,33,,,,-0.1278,,,,110.899,459.411,,,,,12.0,,,,,,,,4,2,,,204.53,,,0.0,,,,
5,bbb_permeability,classification,NB05_bbb_permeability,novobiocin,CO[C@@H]1[C@@H](OC(N)=O)[C@@H](O)[C@H](Oc2ccc3C(=O)C(=C(O)Oc3c2C)NC(=O)c4ccc(O)c(CC=C(C)C)c4)OC1(C)C,,3,,,,,0.144531,0.3871,,,,,11,5,44,,,,3.6271,,,,158.921,612.632,,,,,13.0,,,,,,,,4,8,,,200.01,,,0.0,,,,
5,bbb_permeability,classification,NB05_bbb_permeability,oleandomycin,COC1CC(OC(C)C1O)O[C@H]2[C@H](C)[C@@H](OC3OC(C)CC(C3O)N(C)C)[C@@H](C)C[C@]4(CO4)C(=O)[C@H](C)[C@@H](O)[C@@H](C)[C@@H](C)OC(=O)[C@@H]2C,,0,,,,,0.123047,0.9429,,,,,13,3,48,,,,1.9085,,,,173.6234,687.868,,,,,13.0,,,,,,,,4,6,,,165.98,,,0.0,,,,
5,bbb_permeability,classification,NB05_bbb_permeability,oxetacillin,CC1(C)NC(C(=O)[NH+]1[C@H]2[C@H]3SC(C)(C)[C@@H](N3C2=O)C(O)=O)c4ccc(O)cc4,,1,,,,,0.089844,0.5263,,,,,6,4,28,,,,-0.3004,,,,101.548,406.484,,,,,9.0,,,,,,,,4,3,,,111.38,,,0.0,,,,
5,bbb_permeability,classification,NB05_bbb_permeability,oximonam,CO\N=C(C(=O)NC1[C@H](C)N(OCC(O)=O)C1=O)\c2csc(N)n2,,1,,,,,0.105469,0.4167,,,,,9,3,24,,,,-1.1925,,,,81.8989,357.348,,,,,12.0,,,,,,,,2,7,,,156.44,,,0.0,,,,
5,bbb_permeability,classification,NB05_bbb_permeability,paclitaxel,CC(=O)O[C@H]1C(=O)[C@]2(C)[C@@H](O)C[C@H]3OC[C@@]3(OC(C)=O)C2[C@H](OC(=O)c4ccccc4)[C@]5(O)C[C@H](OC(=O)[C@H](O)[C@@H](NC(=O)c6ccccc6)c7ccccc7)C(=C1C5(C)C)C,,3,,,,,0.162109,0.4468,,,,,14,4,62,,,,3.7357,,,,217.6901,853.918,,,,,15.0,,,,,,,,7,10,,,221.29,,,0.0,,,,
5,bbb_permeability,classification,NB05_bbb_permeability,pecocycline,CN(C)[C@H]1[C@@H]2C[C@H]3C(=C(O)c4c(O)cccc4[C@@]3(C)O)C(=O)[C@]2(O)C(=O)\C(=C(/O)NCN5CCCC(C5)C(O)=O)C1=O,,1,,,,,0.140625,0.5172,,,,,12,7,42,,,,0.014,,,,145.8595,585.61,,,,,13.0,,,,,,,,5,5,,,208.17,,,0.0,,,,
5,bbb_permeability,classification,NB05_bbb_permeability,penamecillin,CC(=O)OCOC(=O)C1N2C(SC1(C)C)C(NC(=O)Cc3ccccc3)C2=O,,1,,,,,0.097656,0.4737,,,,,7,1,28,,,,0.84,,,,100.8937,406.46,,,,,9.0,,,,,,,,3,6,,,102.01,,,0.0,,,,
5,bbb_permeability,classification,NB05_bbb_permeability,penicillin,[Na].CC1(C)SC2C(NC(=O)Cc3ccccc3)C(=O)N2C1C(O)=O,,1,,,,,0.080078,0.4375,,,,,4,2,24,,,,0.48,,,,91.5585,357.387,,,,,8.0,,,,,,,,3,4,,,86.71,,,0.0,,,,
5,bbb_permeability,classification,NB05_bbb_permeability,penimocycline,CN(C)[C@H]1[C@@H]2C[C@H]3C(=C(O)c4c(O)cccc4[C@@]3(C)O)C(=O)[C@]2(O)C(=O)\C(=C(/O)NCNC(C(=O)NC5C6SC(C)(C)C(N6C5=O)C(O)=O)c7ccccc7)C1=O,,2,,,,,0.154297,0.4359,,,,,15,9,57,,,,0.18,,,,201.9039,805.863,,,,,18.0,,,,,,,,7,9,,,266.37,,,0.0,,,,
5,bbb_permeability,classification,NB05_bbb_permeability,phenethicillin,CC(Oc1ccccc1)C(=O)NC2C3SC(C)(C)C(N3C2=O)C(O)=O,,1,,,,,0.089844,0.4706,,,,,5,2,25,,,,1.0856,,,,92.1905,364.423,,,,,8.0,,,,,,,,3,5,,,95.94,,,0.0,,,,
5,bbb_permeability,classification,NB05_bbb_permeability,pipacycline,CN(C)C1C2CC3C(=C(O)c4c(O)cccc4C3(C)O)C(=O)C2(O)C(=O)\C(=C(/O)NCN5CCN(CCO)CC5)C1=O,,1,,,,,0.130859,0.5517,,,,,13,7,42,,,,-1.1727,,,,149.0255,586.642,,,,,13.0,,,,,,,,5,6,,,194.34,,,0.0,,,,
5,bbb_permeability,classification,NB05_bbb_permeability,pirarubicin,COc1cccc2C(=O)c3c(O)c4C[C@](O)(C[C@H](O[C@H]5C[C@H](N)[C@H](O[C@H]6CCCCO6)[C@H](C)O5)c4c(O)c3C(=O)c12)C(=O)CO,,2,,,,,0.144531,0.5312,,,,,13,5,45,,,,1.5522,,,,154.2116,627.643,,,,,13.0,,,,,,,,6,7,,,204.3,,,0.0,,,,
5,bbb_permeability,classification,NB05_bbb_permeability,pirbenicillin,CC1(C)SC2C(N([C@H](C(=O)NC(=O)CN)c3ccccc3)C(=N)c4ccncc4)C(=O)N2C1C(O)=O,,2,,,,,0.117188,0.3333,,,,,8,4,36,,,,0.5673,,,,131.8076,510.576,,,,,12.0,,,,,,,,4,7,,,169.78,,,0.0,,,,
5,bbb_permeability,classification,NB05_bbb_permeability,piridicillin,[Na+].CC1(C)S[C@@H]2[C@H](NC(=O)[C@H](NC(=O)C3=CC=C(NC3=O)c4ccc(cc4)[S](=O)(=O)N(CCO)CCO)c5ccc(O)cc5)C(=O)N2[C@H]1C([O-])=O,,3,,,,,0.154297,0.3438,,,,,12,6,51,,,,-4.5051,,,,176.7728,751.772,,,,,19.0,,,,,,,,5,13,,,249.57,,,0.0,,,,
5,bbb_permeability,classification,NB05_bbb_permeability,piroxicillin,CC1(C)S[C@@H]2[C@H](NC(=O)[C@H](NC(=O)NC3=CN=C(NC3=O)Nc4ccc(cc4)[S](N)(=O)=O)c5ccc(O)cc5)C(=O)N2[C@H]1C(O)=O,,3,,,,,0.148438,0.2593,,,,,11,8,46,,,,0.361,,,,164.6163,672.702,,,,,19.0,,,,,,,,5,9,,,266.01,,,0.0,,,,
5,bbb_permeability,classification,NB05_bbb_permeability,pivampicillin,CC(C)(C)C(=O)OCOC(=O)[C@@H]1N2[C@H](SC1(C)C)[C@H](NC(=O)[C@H](N)c3ccccc3)C2=O,,1,,,,,0.109375,0.5455,,,,,8,2,32,,,,1.3235,,,,117.8991,463.556,,,,,10.0,,,,,,,,3,6,,,128.03,,,0.0,,,,
5,bbb_permeability,classification,NB05_bbb_permeability,pivenfrine,CNCC(O)c1cccc(OC(=O)C(C)(C)C)c1,,1,,,,,0.072266,0.5,,,,,4,2,18,,,,1.8909,,,,70.4185,251.326,,,,,4.0,,,,,,,,1,4,,,58.56,,,0.0,,,,
5,bbb_permeability,classification,NB05_bbb_permeability,prazocillin,Cc1cnn(c1C(=O)N[C@H]2[C@H]3SC(C)(C)[C@@H](N3C2=O)C(O)=O)c4c(Cl)cccc4Cl,,2,,,,,0.105469,0.3684,,,,,6,2,30,,,,2.7328,,,,113.303,469.35,,,,,11.0,,,,,,,,4,4,,,104.53,,,0.0,,,,
5,bbb_permeability,classification,NB05_bbb_permeability,pristinamycin-ic,CC1OC(=O)C(NC(=O)C2CC(=O)CCN2C(=O)C(Cc3ccc(cc3)N(C)C)N(C)C(=O)C4CCCN4C(=O)C(C)NC(=O)C1NC(=O)c5ncccc5O)c6ccccc6,,3,,,,,0.162109,0.4318,,,,,12,4,62,,,,0.8799,,,,223.1484,852.946,,,,,18.0,,,,,,,,6,6,,,227.96,,,0.0,,,,
5,bbb_permeability,classification,NB05_bbb_permeability,propafenone,CCCNCC(O)COc1ccccc1C(=O)CCc2ccccc2,,2,,,,,0.087891,0.381,,,,,4,2,25,,,,3.2414,,,,100.198,341.451,,,,,4.0,,,,,,,,2,11,,,58.56,,,0.0,,,,
5,bbb_permeability,classification,NB05_bbb_permeability,propicillin,CCC(Oc1ccccc1)C(=O)NC2C3SC(C)(C)C(N3C2=O)C(O)=O,,1,,,,,0.09375,0.5,,,,,5,2,26,,,,1.4757,,,,96.8075,378.45,,,,,8.0,,,,,,,,3,6,,,95.94,,,0.0,,,,
5,bbb_permeability,classification,NB05_bbb_permeability,propikacin,NCC1OC(OC2C(N)CC(NC(CO)CO)C(OC3OC(CO)C(O)C(N)C3O)C2O)C(N)C(O)C1O,,0,,,,,0.095703,1.0,,,,,17,13,38,,,,-8.3409,,,,126.6687,557.598,,,,,17.0,,,,,,,,3,10,,,314.87,,,0.0,,,,
5,bbb_permeability,classification,NB05_bbb_permeability,quinacillin,CC1(C)S[C@@H]2[C@H](NC(=O)c3nc4ccccc4nc3C(O)=O)C(=O)N2[C@H]1C(O)=O,,2,,,,,0.089844,0.3333,,,,,7,3,29,,,,0.5733,,,,101.4793,416.415,,,,,11.0,,,,,,,,4,4,,,149.79,,,0.0,,,,
5,bbb_permeability,classification,NB05_bbb_permeability,rifabutin,CO[C@H]1/C=C/O[C@@]2(C)Oc3c(C)c(O)c4C(=O)C(=C5NC6(CCN(CC6)CC(C)C)N=C5c4c3C2=O)NC(=O)C(=C\C=C\[C@H](C)[C@H](O)[C@@H](C)[C@@H](O)[C@@H](C)[C@H](OC(C)=O)[C@@H]1C)/C,,1,,,,,0.179688,0.587,,,,,14,5,61,,,,4.6157,,,,226.7648,847.019,,,,,15.0,,,,,,,,6,4,,,205.55,,,0.0,,,,
5,bbb_permeability,classification,NB05_bbb_permeability,rifametane,CCN(CC)C(C)=NN=Cc1c(O)c2c3C(=O)C4(C)OC=CC(OC)C(C)C(OC(C)=O)C(C)C(O)C(C)C(O)C(C)C=CC=C(C)C(=O)Nc1c(O)c2c(O)c(C)c3O4,,2,,,,,0.175781,0.5227,,,,,14,6,60,,,,5.8482,,,,227.4392,836.98,,,,,16.0,,,,,,,,5,6,,,229.27,,,0.0,,,,
5,bbb_permeability,classification,NB05_bbb_permeability,rifamexil,CCN(CC)c1sc2c3NC(=O)C(=C\C=C\[C@H](C)[C@H](O)[C@@H](C)[C@@H](O)[C@@H](C)[C@H](OC(C)=O)[C@H](C)[C@@H](OC)/C=C/O[C@@]4(C)Oc5c(C)c(O)c(c3O)c(c2n1)c5C4=O)/C,,3,,,,,0.175781,0.5238,,,,,14,5,57,,,,6.5044,,,,218.8894,809.979,,,,,15.0,,,,,,,,6,5,,,197.21,,,0.0,,,,
5,bbb_permeability,classification,NB05_bbb_permeability,rifamide,CCN(CC)C(=O)COc1cc2NC(=O)C(=C\C=C\[C@H](C)[C@H](O)[C@@H](C)[C@@H](O)[C@@H](C)[C@H](OC(C)=O)[C@H](C)[C@@H](OC)/C=C/O[C@@]3(C)Oc4c(C)c(O)c(c2O)c1c4C3=O)/C,,2,,,,,0.175781,0.5349,,,,,13,5,58,,,,5.2957,,,,215.5734,810.938,,,,,15.0,,,,,,,,5,7,,,210.62,,,0.0,,,,
5,bbb_permeability,classification,NB05_bbb_permeability,rifampin,COC1C=COC5(C)Oc4c(C)c(O)c3c(O)c(NC(=O)C(=CC=CC(C)C(O)C(C)C(O)C(C)C(OC(C)=O)C1C)C)c(C=NN2CCN(C)CC2)c(O)c3c4C5=O,,2,,,,,0.167969,0.5349,,,,,15,6,59,,,,4.3354,,,,220.4792,822.953,,,,,16.0,,,,,,,,6,4,,,220.15,,,0.0,,,,
5,bbb_permeability,classification,NB05_bbb_permeability,rifamycin,CO[C@H]1/C=C/O[C@@]2(C)Oc3c(C)c(O)c4c(O)c(NC(=O)C(=C\C=C\[C@H](C)[C@H](O)[C@@H](C)[C@@H](O)[C@@H](C)[C@H](OC(C)=O)[C@@H]1C)/C)cc(O)c4c3C2=O,,2,,,,,0.148438,0.4865,,,,,12,6,50,,,,4.7541,,,,183.8152,697.778,,,,,13.0,,,,,,,,5,2,,,201.31,,,0.0,,,,
5,bbb_permeability,classification,NB05_bbb_permeability,rifapentine,CO[C@H]1\C=C\O[C@@]2(C)Oc3c(C)c(O)c4C(=C(NC(=O)C(=C/C=C/[C@H](C)[C@H](O)[C@@H](C)[C@@H](O)[C@@H](C)[C@H](OC(C)=O)[C@@H]1C)\C)C(=C/NN5CCN(CC5)C6CCCC6)\C(=O)c4c3C2=O)O,,1,,,,,0.181641,0.5745,,,,,15,6,63,,,,4.739,,,,232.9926,877.045,,,,,16.0,,,,,,,,7,5,,,216.66,,,0.0,,,,
5,bbb_permeability,classification,NB05_bbb_permeability,rifaximin,CO[C@H]1/C=C/O[C@@]2(C)Oc3c(C)c(O)c4c(O)c(NC(=O)C(=C\C=C\[C@H](C)[C@H](O)[C@@H](C)[C@@H](O)[C@@H](C)[C@H](OC(C)=O)[C@@H]1C)/C)c5n6ccc(C)cc6nc5c4c3C2=O,,4,,,,,0.173828,0.4419,,,,,13,5,57,,,,6.1578,,,,213.1434,785.891,,,,,14.0,,,,,,,,6,2,,,198.38,,,0.0,,,,
5,bbb_permeability,classification,NB05_bbb_permeability,ritipenem,[Na+].C[C@@H](O)[C@@H]1[C@H]2SC(=C(N2C1=O)C([O-])=O)COC(N)=O,,0,,,,,0.082031,0.5,,,,,7,2,20,,,,-5.0407,,,,60.9642,310.263,,,,,10.0,,,,,,,,2,4,,,132.99,,,0.0,,,,
5,bbb_permeability,classification,NB05_bbb_permeability,rodorubicin,CC[C@@]1(O)C[C@H](O[C@H]2C[C@@H]([C@H](O[C@H]3C[C@@H]4O[C@H]5CC(=O)[C@H](C)O[C@H]5O[C@@H]4[C@H](C)O3)[C@H](C)O2)N(C)C)c6c(O)c7C(=O)c8c(O)cccc8C(=O)c7c(O)c6[C@H]1O[C@H]9C[C@@H]([C@H](O)[C@H](C)O9)N(C)C,,2,,,,,0.15625,0.6875,,,,,19,5,67,,,,3.1068,,,,232.432,941.037,,,,,19.0,,,,,,,,9,9,,,241.91,,,0.0,,,,
5,bbb_permeability,classification,NB05_bbb_permeability,rotamicillin,CC1(C)S[C@@H]2[C@H](NC(=O)[C@H](NC(=O)Cc3ccc(cc3)C4=NCCCN4)c5ccccc5)C(=O)N2[C@H]1C(O)=O,,2,,,,,0.130859,0.3929,,,,,7,4,39,,,,1.4582,,,,147.1539,549.653,,,,,11.0,,,,,,,,5,8,,,140.2,,,0.0,,,,
5,bbb_permeability,classification,NB05_bbb_permeability,roxithromycin,CC[C@H]1OC(=O)[C@H](C)[C@@H](O[C@H]2C[C@@](C)(OC)[C@@H](O)[C@H](C)O2)[C@H](C)[C@@H](O[C@@H]3O[C@H](C)C[C@@H]([C@H]3O)N(C)C)[C@](C)(O)C[C@@H](C)\C(=N\OCOCCOC)[C@H](C)[C@@H](O)[C@]1(C)O,,0,,,,,0.166016,0.9512,,,,,17,5,58,,,,2.2096,,,,212.466,837.058,,,,,17.0,,,,,,,,3,13,,,216.89,,,0.0,,,,
5,bbb_permeability,classification,NB05_bbb_permeability,sanfetrinem,COC1CCCC2C3C(C(C)O)C(=O)N3C(=C12)C([O-])=O,,0,,,,,0.080078,0.7143,,,,,5,1,20,,,,-0.9731,,,,65.9758,280.3,,,,,6.0,,,,,,,,3,3,,,89.9,,,0.0,,,,
5,bbb_permeability,classification,NB05_bbb_permeability,sarmoxicillin,COCOC(=O)C1N2C(SC1(C)C)C(N3C(=O)C(NC3(C)C)c4ccc(O)cc4)C2=O,,1,,,,,0.103516,0.5714,,,,,8,2,31,,,,1.1792,,,,112.7565,449.529,,,,,10.0,,,,,,,,4,5,,,108.41,,,0.0,,,,
5,bbb_permeability,classification,NB05_bbb_permeability,sarpicillin,COCOC(=O)[C@@H]1N2[C@H](SC1(C)C)[C@H](N3C(=O)C(NC3(C)C)c4ccccc4)C2=O,,1,,,,,0.101562,0.5714,,,,,7,1,30,,,,1.4736,,,,111.0917,433.53,,,,,9.0,,,,,,,,4,5,,,88.18,,,0.0,,,,
5,bbb_permeability,classification,NB05_bbb_permeability,sedecamycin,CC1C2CC(OC(C)=O)\C=C\C(=C\CC(O)/C=C/C(=C/C(NC(=O)C(C)=O)C(C)(C(=O)O2)C1=O)C)C,,0,,,,,0.115234,0.5185,,,,,8,2,36,,,,2.2885,,,,131.3585,501.576,,,,,9.0,,,,,,,,3,3,,,136.07,,,0.0,,,,
5,bbb_permeability,classification,NB05_bbb_permeability,sisomicin,CN[C@@H]1[C@@H](O)[C@H](OC[C@]1(C)O)O[C@H]2[C@H](N)C[C@H](N)[C@@H](O[C@H]3OC(=CC[C@H]3N)CN)[C@@H]2O,,0,,,,,0.095703,0.8947,,,,,12,8,31,,,,-3.8515,,,,110.1417,447.533,,,,,12.0,,,,,,,,3,6,,,213.72,,,0.0,,,,
5,bbb_permeability,classification,NB05_bbb_permeability,spiramycin,COC1C(O)CC(=O)OC(C)C\C=C\C=C\C(OC2CCC(C(C)O2)N(C)C)C(C)CC(CC=O)C1OC3OC(C)C(OC4CC(C)(O)C(O)C(C)O4)C(C3O)N(C)C,,0,,,,,0.164062,0.8605,,,,,16,4,59,,,,2.3251,,,,216.8862,843.065,,,,,16.0,,,,,,,,4,11,,,195.38,,,0.0,,,,
5,bbb_permeability,classification,NB05_bbb_permeability,sulbenicillin,CC1(C)S[C@@H]2[C@H](NC(=O)C(c3ccccc3)[S](O)(=O)=O)C(=O)N2[C@H]1C(O)=O,,1,,,,,0.091797,0.4375,,,,,6,3,27,,,,0.2472,,,,96.3901,414.461,,,,,11.0,,,,,,,,3,5,,,141.08,,,0.0,,,,
5,bbb_permeability,classification,NB05_bbb_permeability,sulopenem,C[C@@H](O)[C@@H]1[C@H]2SC(=C(N2C1=O)C(O)=O)SC3CC[S](=O)C3,,0,,,,,0.091797,0.6667,,,,,6,2,21,,,,0.4064,,,,81.93,349.455,,,,,9.0,,,,,,,,3,4,,,94.91,,,0.0,,,,
5,bbb_permeability,classification,NB05_bbb_permeability,sultamicillin,CC1(C)S[C@@H]2[C@H](NC(=O)[C@H](N)c3ccccc3)C(=O)N2[C@H]1C(O)=O.CC4(C)[C@@H](N5[C@@H](CC5=O)[S]4(=O)=O)C(O)=O,,1,,,,,0.107422,0.5417,,,,,9,4,39,,,,-0.4769,,,,138.7025,582.657,,,,,15.0,,,,,,,,5,5,,,204.48,,,0.0,,,,
5,bbb_permeability,classification,NB05_bbb_permeability,suncillin,[Na+].[Na+].CC1(C)S[C@@H]2[C@H](NC(=O)[C@H](N[S]([O-])(=O)=O)c3ccccc3)C(=O)N2[C@H]1C([O-])=O,,1,,,,,0.103516,0.4375,,,,,8,2,30,,,,-7.9175,,,,95.0456,473.44,,,,,14.0,,,,,,,,3,6,,,158.77,,,0.0,,,,
5,bbb_permeability,classification,NB05_bbb_permeability,tacrolimus,CO[C@@H]1C[C@@H](CC[C@H]1O)/C=C(C)/[C@H]2OC(=O)[C@@H]3CCCCN3C(=O)C(=O)[C@]4(O)O[C@H]([C@H](C[C@@H](C)CC(=C/[C@@H](CC=C)C(=O)C[C@H](O)[C@H]2C)/C)OC)[C@H](C[C@H]4C)OC,,0,,,,,0.152344,0.7727,,,,,12,3,57,,,,4.639,,,,212.5924,804.031,,,,,13.0,,,,,,,,4,7,,,178.36,,,0.0,,,,
5,bbb_permeability,classification,NB05_bbb_permeability,talampicillin,CC1(C)S[C@@H]2[C@H](NC(=O)[C@H](N)c3ccccc3)C(=O)N2[C@H]1C(=O)OC4OC(=O)c5ccccc45,,2,,,,,0.115234,0.3333,,,,,8,2,34,,,,1.6459,,,,122.0836,481.53,,,,,10.0,,,,,,,,5,5,,,128.03,,,0.0,,,,
5,bbb_permeability,classification,NB05_bbb_permeability,tazobactam,C[C@]1(Cn2ccnn2)[C@@H](N3[C@@H](CC3=O)[S]1(=O)=O)C(O)=O,,1,,,,,0.087891,0.6,,,,,7,1,20,,,,-1.5232,,,,64.0216,300.296,,,,,10.0,,,,,,,,3,3,,,122.46,,,0.0,,,,
5,bbb_permeability,classification,NB05_bbb_permeability,teicoplanin,CCCCCCCCCC(=O)N[C@@H]1[C@@H](O)[C@H](O)[C@@H](CO)O[C@H]1Oc2c3Oc4ccc(C[C@H]5NC(=O)[C@H](N)c6ccc(O)c(Oc7cc(O)cc(c7)[C@H](NC5=O)C(=O)N[C@H]8C(=O)N[C@H]9C(=O)N[C@@H]([C@H](O[C@@H]%10O[C@H](CO)[C@@H](O)[C@H](O)[C@H]%10NC(C)=O)c%11ccc(Oc2cc8c3)c(Cl)c%11)C(=O)N[C@@H](C(O)=O)c%12cc(O)cc(O[C@H]%13O[C@H](CO)[C@@H](O)[C@H](O)[C@@H]%13O)c%12c%14cc9ccc%14O)c6)cc4Cl,,7,,,,,0.234375,0.4205,,,,,33,24,132,,,,1.1636,,,,453.169,1879.68,,,,,44.0,,,,,,,,16,20,,,662.41,,,0.0,,,,
5,bbb_permeability,classification,NB05_bbb_permeability,temocillin,CO[C@]1(NC(=O)C(C(O)=O)c2cscc2)[C@H]3SC(C)(C)[C@@H](N3C1=O)C(O)=O,,1,,,,,0.097656,0.5,,,,,7,3,27,,,,0.5221,,,,96.3063,414.461,,,,,11.0,,,,,,,,3,6,,,133.24,,,0.0,,,,
5,bbb_permeability,classification,NB05_bbb_permeability,theodrenaline,CN1C(=O)N(C)c2ncn(CCNCC(O)c3ccc(O)c(O)c3)c2C1=O,,3,,,,,0.09375,0.3529,,,,,10,4,27,,,,-0.8319,,,,97.8161,375.385,,,,,10.0,,,,,,,,3,6,,,134.54,,,0.0,,,,
5,bbb_permeability,classification,NB05_bbb_permeability,thiphencillin,CC1(C)SC2C(NC(=O)CSc3ccccc3)C(=O)N2C1C(O)=O,,1,,,,,0.085938,0.4375,,,,,5,2,24,,,,1.4104,,,,92.8245,366.464,,,,,8.0,,,,,,,,3,5,,,86.71,,,0.0,,,,
5,bbb_permeability,classification,NB05_bbb_permeability,tigemonam,CC1(C)[C@H](NC(=O)C(=N\OCC(O)=O)/c2csc(N)n2)C(=O)N1O[S](O)(=O)=O,,1,,,,,0.111328,0.4167,,,,,11,4,28,,,,-1.6294,,,,92.1405,437.412,,,,,16.0,,,,,,,,2,8,,,210.81,,,0.0,,,,
5,bbb_permeability,classification,NB05_bbb_permeability,tobicillin,CC(C)C(=O)OCc1cccc(OC(=O)[C@@H]2N3[C@H](SC2(C)C)[C@H](NC(=O)Cc4ccccc4)C3=O)c1,,2,,,,,0.113281,0.4074,,,,,7,1,36,,,,3.081,,,,134.8797,510.612,,,,,9.0,,,,,,,,4,8,,,102.01,,,0.0,,,,
5,bbb_permeability,classification,NB05_bbb_permeability,tobramycin,NC[C@H]1O[C@H](O[C@@H]2[C@@H](N)C[C@@H](N)[C@H](O[C@H]3O[C@H](CO)[C@@H](O)[C@H](N)[C@H]3O)[C@H]2O)[C@H](N)C[C@@H]1O,,0,,,,,0.074219,1.0,,,,,14,10,32,,,,-6.2958,,,,108.371,467.52,,,,,14.0,,,,,,,,3,6,,,268.17,,,0.0,,,,
5,bbb_permeability,classification,NB05_bbb_permeability,tolcapone,Cc1ccc(cc1)C(=O)c2cc(O)c(O)c(c2)[N+]([O-])=O,,2,,,,,0.064453,0.0714,,,,,5,2,20,,,,2.5454,,,,71.0375,273.244,,,,,6.0,,,,,,,,2,3,,,100.67,,,0.0,,,,
5,bbb_permeability,classification,NB05_bbb_permeability,troleandomycin,CO[C@H]1C[C@@H](O[C@@H](C)[C@@H]1OC(C)=O)O[C@H]2[C@H](C)[C@@H](O[C@@H]3O[C@H](C)C[C@@H]([C@H]3OC(C)=O)N(C)C)[C@@H](C)C[C@@]4(CO4)C(=O)[C@H](C)[C@@H](OC(C)=O)[C@@H](C)[C@@H](C)OC(=O)[C@@H]2C,,0,,,,,0.130859,0.878,,,,,16,0,57,,,,3.6209,,,,202.265,813.979,,,,,16.0,,,,,,,,4,9,,,184.19,,,0.0,,,,
5,bbb_permeability,classification,NB05_bbb_permeability,trospectomycin,CCCC[C@@H]1CC(=O)[C@]2(O)O[C@@H]3[C@@H](NC)[C@@H](O)[C@@H](NC)[C@H](O)[C@H]3O[C@@H]2O1,,0,,,,,0.087891,0.9412,,,,,9,5,26,,,,-1.7553,,,,90.2148,374.434,,,,,9.0,,,,,,,,3,5,,,129.51,,,0.0,,,,
5,bbb_permeability,classification,NB05_bbb_permeability,tymazoline,CC(C)c1ccc(C)cc1OCC2=NCCN2,,1,,,,,0.068359,0.5,,,,,3,1,17,,,,2.4989,,,,71.0677,232.327,,,,,3.0,,,,,,,,2,4,,,33.62,,,0.0,,,,
5,bbb_permeability,classification,NB05_bbb_permeability,vindesine,CC[C@]1(O)C[C@H]2CN(CCc3c([nH]c4ccccc34)[C@@](C2)(C(=O)OC)c5cc6c(cc5OC)N(C)[C@H]7[C@](O)([C@H](O)[C@]8(CC)C=CCN9CC[C@]67[C@H]89)C(N)=O)C1,,3,,,,,0.164062,0.5814,,,,,10,5,55,,,,2.7324,,,,208.0595,753.941,,,,,12.0,,,,,,,,9,6,,,164.82,,,0.0,,,,
5,bbb_permeability,classification,NB05_bbb_permeability,virginiamycin-factor-m1,CC(C)C1OC(=O)C2=CCCN2C(=O)c3coc(CC(=O)CC(O)\C=C(C)/C=C\CNC(=O)\C=C/C1C)n3,,1,,,,,0.134766,0.4643,,,,,8,2,38,,,,2.6594,,,,138.503,525.602,,,,,10.0,,,,,,,,3,1,,,139.04,,,0.0,,,,
5,bbb_permeability,classification,NB05_bbb_permeability,xantocillin,Oc1ccc(cc1)/C=C([N+]#[C-])/C(=C/c2ccc(O)cc2)[N+]#[C-],,2,,,,,0.041016,0.0,,,,,2,2,22,,,,4.3184,,,,85.3716,288.306,,,,,4.0,,,,,,,,2,3,,,49.18,,,0.0,,,,
5,bbb_permeability,classification,NB05_bbb_permeability,zorubicin,[Cl-].COc1cccc2C(=O)c3c(O)c4C[C@](O)(C[C@H](O[C@H]5C[C@H](N)[C@H](O)[C@H](C)O5)c4c(O)c3C(=O)c12)/C(C)=N/NC(=O)c6ccccc6.[H+],,3,,,,,0.146484,0.3529,,,,,12,6,48,,,,-0.6377,,,,167.7908,682.126,,,,,14.0,,,,,,,,6,6,,,210.23,,,0.0,,,,
5,bbb_permeability,classification,NB05_bbb_permeability,cryofluorane,ClC(C(F)(F)Cl)(F)F,,0,,,,,0.013672,1.0,,,,,0,0,8,,,,2.6496,,,,21.6,170.92,,,,,6.0,,,,,,,,0,1,,,0.0,,,1.0,,,,
5,bbb_permeability,classification,NB05_bbb_permeability,gacyclidine,[C@@]3(C1=CC=CS1)(N2CCCCC2)[C@H](CCCC3)C,,1,,,,,0.068359,0.75,,,,,2,0,18,,,,4.6394,,,,79.053,263.45,,,,,2.0,,,,,,,,3,2,,,3.24,,,1.0,,,,
5,bbb_permeability,classification,NB05_bbb_permeability,fenetylline,[H+].C1=NC3=C([N]1CCNC(CC2=CC=CC=C2)C)C(=O)N(C(=O)N3C)C.[Cl-],,3,,,,,0.083984,0.3889,,,,,7,1,26,,,,-2.229,,,,98.9377,377.876,,,,,8.0,,,,,,,,3,6,,,73.85,,,1.0,,,,
5,bbb_permeability,classification,NB05_bbb_permeability,acaprazine,C1=C(Cl)C=CC(=C1N2CCN(CCCNC(C)=O)CC2)Cl,,1,,,,,0.080078,0.5333,,,,,3,1,21,,,,2.6416,,,,88.4157,330.259,,,,,6.0,,,,,,,,2,5,,,35.58,,,1.0,,,,
5,bbb_permeability,classification,NB05_bbb_permeability,acebrochol,[C@]34([C@H]([C@H]2[C@@H]([C@@]1(C([C@@H](C(CC1)OC(C)=O)Br)[C@@H](C2)Br)C)CC3)CC[C@@H]4[C@@H](CCCC(C)C)C)C,,0,,,,,0.101562,0.9655,,,,,2,0,33,,,,8.7862,,,,144.82,588.509,,,,,4.0,,,,,,,,4,6,,,26.3,,,1.0,,,,
5,bbb_permeability,classification,NB05_bbb_permeability,acecarbromal,C(C(C(NC(NC(C)=O)=O)=O)(CC)Br)C,,0,,,,,0.044922,0.6667,,,,,3,2,15,,,,1.3124,,,,59.5954,279.134,,,,,6.0,,,,,,,,0,3,,,75.27,,,1.0,,,,
5,bbb_permeability,classification,NB05_bbb_permeability,acefurtiamine,C2=C(CN(C(=C(SC(=O)C1=CC=CO1)\CCOC(=O)COC(=O)C)/C)C=O)C(=NC(=N2)C)N,,2,,,,,0.126953,0.3333,,,,,11,1,33,,,,2.2201,,,,118.3269,476.511,,,,,12.0,,,,,,,,2,11,,,154.92,,,1.0,,,,
5,bbb_permeability,classification,NB05_bbb_permeability,aceglutamide,C(C(NC(C)=O)C(O)=O)CC(N)=O,,0,,,,,0.046875,0.5714,,,,,3,3,13,,,,-1.1588,,,,43.6689,188.183,,,,,6.0,,,,,,,,0,5,,,109.49,,,1.0,,,,
5,bbb_permeability,classification,NB05_bbb_permeability,aceperone,C1=CC=CC=C1C3(CCN(CCCC(C2=CC=C(F)C=C2)=O)CC3)CNC(C)=O,,2,,,,,0.09375,0.4167,,,,,3,1,29,,,,3.9585,,,,112.4422,396.506,,,,,5.0,,,,,,,,3,8,,,49.41,,,1.0,,,,
5,bbb_permeability,classification,NB05_bbb_permeability,acetaminosalol,C2=C(C(OC1=CC=C(C=C1)NC(C)=O)=O)C(=CC=C2)O,,2,,,,,0.060547,0.0667,,,,,4,2,20,,,,2.5698,,,,73.811,271.272,,,,,5.0,,,,,,,,2,3,,,75.63,,,1.0,,,,
5,bbb_permeability,classification,NB05_bbb_permeability,acetazolamide,CC(NC1=NN=C(S1)[S](N)(=O)=O)=O,,1,,,,,0.054688,0.25,,,,,6,2,13,,,,-0.8561,,,,45.5859,222.251,,,,,9.0,,,,,,,,1,2,,,115.04,,,1.0,,,,
5,bbb_permeability,classification,NB05_bbb_permeability,acetiamine,C1=NC(=NC(=C1CN(C(=C(\CCOC(C)=O)SC(C)=O)/C)C=O)N)C,,1,,,,,0.095703,0.4375,,,,,8,1,25,,,,1.79,,,,95.0104,366.443,,,,,9.0,,,,,,,,1,8,,,115.48,,,1.0,,,,
5,bbb_permeability,classification,NB05_bbb_permeability,acetorphan/racecadotril/ecadotril,C2=C(CC(C(NCC(OCC1=CC=CC=C1)=O)=O)CSC(C)=O)C=CC=C2,,2,,,,,0.080078,0.2857,,,,,5,1,27,,,,2.9846,,,,106.0227,385.485,,,,,6.0,,,,,,,,2,9,,,72.47,,,1.0,,,,
5,bbb_permeability,classification,NB05_bbb_permeability,acetorphine,[C@H]23OC1=C(OC(=O)C)C=CC6=C1C25C4(C[C@@H](C3(OC)C=C4)[C@](O)(CCC)C)C(N(CC5)C)C6,,1,,,,,0.125,0.6667,,,,,6,1,33,,,,3.3833,,,,123.5358,453.579,,,,,6.0,,,,,,,,7,5,,,68.23,,,1.0,,,,
5,bbb_permeability,classification,NB05_bbb_permeability,acetylmethadol/levacetylmethadol/alphacetylmethadol/betacetylmethadol,C2=C(C(C1=CC=CC=C1)(C(OC(=O)C)CC)CC(N(C)C)C)C=CC=C2,,2,,,,,0.072266,0.4348,,,,,3,0,26,,,,4.6546,,,,107.275,353.506,,,,,3.0,,,,,,,,2,8,,,29.54,,,1.0,,,,
5,bbb_permeability,classification,NB05_bbb_permeability,acevaltrate,[C@]12(OC1)[C@@H]3C(=C[C@@H]2OC(=O)CC(OC(=O)C)(C)C)C(=CO[C@H]3OC(=O)CC(C)C)COC(=O)C,,0,,,,,0.105469,0.6667,,,,,10,0,34,,,,2.3478,,,,115.734,480.51,,,,,10.0,,,,,,,,3,9,,,126.96,,,1.0,,,,
5,bbb_permeability,classification,NB05_bbb_permeability,acrocinonide,[C@]12(OC(O[C@@H]1CC3C2(CC(O)C4(F)C3CCC5=CC(=O)C=CC45C)C)C=C)C(=O)CO,,0,,,,,0.117188,0.6667,,,,,6,2,31,,,,2.1948,,,,108.5046,432.488,,,,,7.0,,,,,,,,5,3,,,93.06,,,1.0,,,,
5,bbb_permeability,classification,NB05_bbb_permeability,acyclovir/aciclovir,C1=NC2=C([N]1COCCO)NC(=NC2=O)N,,2,,,,,0.074219,0.375,,,,,7,3,16,,,,-1.3318,,,,55.5989,225.208,,,,,8.0,,,,,,,,2,4,,,119.05,,,1.0,,,,
5,bbb_permeability,classification,NB05_bbb_permeability,adafenoxate,C1=CC(=CC=C1OCC(OCCNC23CC4CC(C2)CC(C3)C4)=O)Cl,,1,,,,,0.080078,0.65,,,,,4,1,25,,,,3.8204,,,,96.8117,363.885,,,,,5.0,,,,,,,,5,7,,,47.56,,,1.0,,,,
5,bbb_permeability,classification,NB05_bbb_permeability,adatanserin,C1=NC(=NC=C1)N5CCN(CCNC(C23CC4CC(C2)CC(C3)C4)=O)CC5,,1,,,,,0.080078,0.7619,,,,,5,1,27,,,,1.9312,,,,104.2997,369.513,,,,,6.0,,,,,,,,6,5,,,61.36,,,1.0,,,,
5,bbb_permeability,classification,NB05_bbb_permeability,alaproclate,C1=CC(=CC=C1CC(OC(C(C)N)=O)(C)C)Cl,,1,,,,,0.060547,0.4615,,,,,3,1,17,,,,2.5515,,,,68.9764,255.745,,,,,4.0,,,,,,,,1,4,,,52.32,,,1.0,,,,
5,bbb_permeability,classification,NB05_bbb_permeability,alclometasone-dipropionate,[C@@]4([C@@]3([C@H]([C@H]2[C@@H]([C@@]1(C(=CC(=O)C=C1)C[C@H]2Cl)C)[C@H](C3)O)C[C@H]4C)C)(C(COC(CC)=O)=O)OC(CC)=O,,0,,,,,0.111328,0.7143,,,,,7,1,36,,,,3.9427,,,,132.9478,521.05,,,,,8.0,,,,,,,,4,6,,,106.97,,,1.0,,,,
5,bbb_permeability,classification,NB05_bbb_permeability,alentemol,C1=C3C2=C(C=C1O)C=CC=C2CC(C3)N(CCC)CCC,,2,,,,,0.072266,0.4737,,,,,2,1,21,,,,4.1346,,,,88.9638,283.415,,,,,2.0,,,,,,,,3,5,,,23.47,,,1.0,,,,
5,bbb_permeability,classification,NB05_bbb_permeability,alfadolone,[C@@H]12C4([C@@H](CCC1[C@H]3C(CC2=O)(C(CC3)C(=O)CO)C)C[C@H](O)CC4)C,,0,,,,,0.087891,0.9048,,,,,4,2,25,,,,2.7466,,,,93.7066,348.483,,,,,4.0,,,,,,,,4,2,,,74.6,,,1.0,,,,
5,bbb_permeability,classification,NB05_bbb_permeability,alfaxalone/renanolone,[C@@H]23[C@H]([C@H]1[C@]([C@@H](C(C)=O)CC1)(C)CC2=O)CC[C@@H]4[C@@]3(CC[C@H](C4)O)C,,0,,,,,0.080078,0.9048,,,,,3,1,24,,,,3.7742,,,,92.2948,332.484,,,,,3.0,,,,,,,,4,1,,,54.37,,,1.0,,,,
5,bbb_permeability,classification,NB05_bbb_permeability,algestone-acetonide,CC14C5(C(CC1C3C(C2(C(=CC(=O)CC2)CC3)C)CC4)OC(O5)(C)C)C(C)=O,,0,,,,,0.091797,0.8333,,,,,4,0,28,,,,4.6075,,,,105.542,386.532,,,,,4.0,,,,,,,,5,1,,,52.6,,,1.0,,,,
5,bbb_permeability,classification,NB05_bbb_permeability,aliflurane,COC1(C(F)(F)C1(F)Cl)F,,0,,,,,0.029297,1.0,,,,,1,0,10,,,,1.8521,,,,25.487,178.512,,,,,6.0,,,,,,,,1,1,,,9.23,,,1.0,,,,
5,bbb_permeability,classification,NB05_bbb_permeability,alletorphine,[C@@](O)(C5C6(OC)C2OC1=C(O)C=CC4=C1C23C(C(N(CC3)CC=C)C4)(C5)C=C6)(CCC)C,,1,,,,,0.126953,0.6296,,,,,5,2,32,,,,3.7198,,,,123.0316,437.58,,,,,5.0,,,,,,,,7,6,,,62.16,,,1.0,,,,
5,bbb_permeability,classification,NB05_bbb_permeability,allomethadione,C(N1C(C(C)OC1=O)=O)C=C,,0,,,,,0.048828,0.4286,,,,,3,0,11,,,,0.5397,,,,37.853,155.153,,,,,4.0,,,,,,,,1,2,,,46.61,,,1.0,,,,
5,bbb_permeability,classification,NB05_bbb_permeability,almoxatone,[C@H]3(CN(C2=CC=C(OCC1=CC=CC(=C1)Cl)C=C2)C(O3)=O)CNC,,2,,,,,0.09375,0.2778,,,,,4,1,24,,,,3.4636,,,,93.7677,346.814,,,,,6.0,,,,,,,,3,6,,,50.8,,,1.0,,,,
5,bbb_permeability,classification,NB05_bbb_permeability,alnespirone,[H+].C4=C3OCC(N(CCCCN1C(=O)CC2(CC1=O)CCCC2)CCC)CC3=C(OC)C=C4.[Cl-],,1,,,,,0.115234,0.6923,,,,,5,0,33,,,,1.3168,,,,125.046,479.061,,,,,7.0,,,,,,,,4,9,,,59.08,,,1.0,,,,
5,bbb_permeability,classification,NB05_bbb_permeability,alonimid,C1=CC=CC3=C1C2(C(NC(=O)CC2)=O)CCC3=O,,1,,,,,0.054688,0.3571,,,,,3,1,18,,,,1.3375,,,,64.0682,243.262,,,,,4.0,,,,,,,,3,0,,,63.24,,,1.0,,,,
5,bbb_permeability,classification,NB05_bbb_permeability,aloracetam,C1=C([N](C(=C1C=O)C)CCNC(C)=O)C,,1,,,,,0.064453,0.4545,,,,,3,1,15,,,,1.0535,,,,57.9772,208.261,,,,,4.0,,,,,,,,1,4,,,51.1,,,1.0,,,,
5,bbb_permeability,classification,NB05_bbb_permeability,alozafone,C1=C(C(=CC=C1Cl)N(C(CN(C(CC#N)C)C)=O)C)C(C2=C(C=CC=C2)F)=O,,2,,,,,0.09375,0.2857,,,,,4,0,28,,,,3.9069,,,,107.0165,401.869,,,,,7.0,,,,,,,,2,7,,,64.41,,,1.0,,,,
5,bbb_permeability,classification,NB05_bbb_permeability,alphameprodine/betameprodine,[C@]2(C1=CC=CC=C1)([C@H](CN(C)CC2)CC)OC(CC)=O,,1,,,,,0.078125,0.5882,,,,,3,0,20,,,,3.1968,,,,80.398,275.392,,,,,3.0,,,,,,,,2,4,,,29.54,,,1.0,,,,
5,bbb_permeability,classification,NB05_bbb_permeability,alphamethadol,[C@H](C(C1=CC=CC=C1)(C2=CC=CC=C2)C[C@H](N(C)C)C)(CC)O,,2,,,,,0.058594,0.4286,,,,,2,1,23,,,,4.0838,,,,97.7278,311.469,,,,,2.0,,,,,,,,2,7,,,23.47,,,1.0,,,,
5,bbb_permeability,classification,NB05_bbb_permeability,alpiropride,C1=C(C(=CC(=C1[S](NC)(=O)=O)N)OC)C(NCC2N(CCC2)CC=C)=O,,1,,,,,0.109375,0.4706,,,,,6,3,26,,,,0.5657,,,,100.7771,382.486,,,,,9.0,,,,,,,,2,8,,,113.76,,,1.0,,,,
5,bbb_permeability,classification,NB05_bbb_permeability,alrestatin,C1=CC=C3C2=C1C(N(CC(O)=O)C(C2=CC=C3)=O)=O,,2,,,,,0.052734,0.0714,,,,,3,1,19,,,,1.5204,,,,66.9508,255.229,,,,,5.0,,,,,,,,3,2,,,74.68,,,1.0,,,,
5,bbb_permeability,classification,NB05_bbb_permeability,amcinafal,[C@H]23C([C@@]1(OC(O[C@@H]1C2)(CC)CC)C(=O)CO)(C[C@H](O)[C@@]4(F)C3CCC5=CC(=O)C=CC45C)C,,0,,,,,0.115234,0.7692,,,,,6,2,33,,,,3.199,,,,117.8326,462.558,,,,,7.0,,,,,,,,5,4,,,93.06,,,1.0,,,,
5,bbb_permeability,classification,NB05_bbb_permeability,amcinafide,[C@H]24C([C@@]1(O[C@@](O[C@@H]1C2)(C3=CC=CC=C3)C)C(=O)CO)(C[C@H](O)[C@@]5(F)C4CCC6=CC(=O)C=CC56C)C,,1,,,,,0.126953,0.5862,,,,,6,2,36,,,,3.5556,,,,128.3136,496.575,,,,,7.0,,,,,,,,6,3,,,93.06,,,1.0,,,,
5,bbb_permeability,classification,NB05_bbb_permeability,amcinonide,[C@@]45([C@@]3([C@H]([C@H]2[C@]([C@@]1(C(=CC(=O)C=C1)CC2)C)(F)[C@H](C3)O)C[C@H]4OC6(O5)CCCC6)C)C(COC(C)=O)=O,,0,,,,,0.126953,0.75,,,,,7,1,36,,,,3.5238,,,,125.2658,502.579,,,,,8.0,,,,,,,,6,3,,,99.13,,,1.0,,,,
5,bbb_permeability,classification,NB05_bbb_permeability,amelometasone,[C@H]12[C@@]([C@](OC(=O)CC)([C@H](C1)C)C(=O)COC)(C[C@H](O)[C@@]3(F)[C@H]2CCC4=CC(=O)C=C[C@]34C)C,,0,,,,,0.117188,0.7308,,,,,6,1,33,,,,3.5107,,,,118.8988,462.558,,,,,7.0,,,,,,,,4,5,,,89.9,,,1.0,,,,
5,bbb_permeability,classification,NB05_bbb_permeability,ameltolide,C1=C(C(=C(C=C1)C)NC(C2=CC=C(N)C=C2)=O)C,,2,,,,,0.052734,0.1333,,,,,2,2,18,,,,3.1379,,,,74.7236,240.306,,,,,3.0,,,,,,,,2,2,,,55.12,,,1.0,,,,
5,bbb_permeability,classification,NB05_bbb_permeability,amesergide,[C@H]4(CC3C2=C1C(=C[N](C1=CC=C2)C(C)C)CC3N(C4)C)C(NC5CCCCC5)=O,,2,,,,,0.107422,0.64,,,,,3,1,29,,,,4.6311,,,,118.3087,393.575,,,,,4.0,,,,,,,,5,3,,,37.27,,,1.0,,,,
5,bbb_permeability,classification,NB05_bbb_permeability,amfetaminil,C2=C(C(NC(CC1=CC=CC=C1)C)C#N)C=CC=C2,,2,,,,,0.056641,0.2353,,,,,2,1,19,,,,3.4721,,,,77.5397,250.345,,,,,2.0,,,,,,,,2,5,,,35.82,,,1.0,,,,
5,bbb_permeability,classification,NB05_bbb_permeability,amineptine,C3=C2C([NH2+]CCCCCCC(O)=O)C1=CC=CC=C1CCC2=CC=C3.[Cl-],,2,,,,,0.070312,0.4091,,,,,1,2,26,,,,0.4771,,,,99.6482,373.924,,,,,4.0,,,,,,,,3,8,,,53.91,,,1.0,,,,
5,bbb_permeability,classification,NB05_bbb_permeability,amisulpride,C1=C([S](CC)(=O)=O)C(=CC(=C1C(NCC2N(CCC2)CC)=O)OC)N,,1,,,,,0.095703,0.5882,,,,,6,2,25,,,,1.2851,,,,97.7354,369.487,,,,,8.0,,,,,,,,2,7,,,101.73,,,1.0,,,,
5,bbb_permeability,classification,NB05_bbb_permeability,amitriptylinoxide,C1=CC=CC2=C1C(C3=C(CC2)C=CC=C3)=CCC[N+](C)(C)[O-],,2,,,,,0.056641,0.3,,,,,1,0,22,,,,4.1812,,,,92.3304,293.41,,,,,2.0,,,,,,,,3,3,,,23.06,,,1.0,,,,
5,bbb_permeability,classification,NB05_bbb_permeability,amixetrine,C1=CC=CC=C1C(CN2CCCC2)OCCC(C)C,,1,,,,,0.066406,0.6471,,,,,2,0,19,,,,3.8862,,,,80.264,261.409,,,,,2.0,,,,,,,,2,7,,,12.47,,,1.0,,,,
5,bbb_permeability,classification,NB05_bbb_permeability,amperozide,C3=C(C(C1=CC=C(C=C1)F)CCCN2CCN(C(NCC)=O)CC2)C=CC(=C3)F,,2,,,,,0.080078,0.4348,,,,,2,1,29,,,,4.224,,,,110.9627,401.501,,,,,6.0,,,,,,,,3,7,,,35.58,,,1.0,,,,
5,bbb_permeability,classification,NB05_bbb_permeability,amphenidone,C1=C(C=CC=C1N2C(C=CC=C2)=O)N,,2,,,,,0.050781,0.0,,,,,3,1,14,,,,1.4197,,,,56.4514,186.214,,,,,3.0,,,,,,,,2,1,,,48.02,,,1.0,,,,
5,bbb_permeability,classification,NB05_bbb_permeability,ampyzine,CN(C)c1cnccn1,,1,,,,,0.037109,0.3333,,,,,3,0,9,,,,0.5426,,,,36.359,123.159,,,,,3.0,,,,,,,,1,1,,,29.02,,,1.0,,,,
5,bbb_permeability,classification,NB05_bbb_permeability,amylene-hydrate,C(C(C)(C)O)C,,0,,,,,0.017578,1.0,,,,,1,1,6,,,,1.1673,,,,26.5888,88.15,,,,,1.0,,,,,,,,0,1,,,20.23,,,1.0,,,,
5,bbb_permeability,classification,NB05_bbb_permeability,anileridine,C3=C(CCN1CCC(CC1)(C2=CC=CC=C2)C(OCC)=O)C=CC(=C3)N,,2,,,,,0.080078,0.4091,,,,,4,1,26,,,,3.4082,,,,104.9854,352.478,,,,,4.0,,,,,,,,3,6,,,55.56,,,1.0,,,,
5,bbb_permeability,classification,NB05_bbb_permeability,aniracetam,C1=CC(=CC=C1C(N2C(CCC2)=O)=O)OC,,1,,,,,0.0625,0.3333,,,,,3,0,16,,,,1.4578,,,,58.2715,219.24,,,,,4.0,,,,,,,,2,2,,,46.61,,,1.0,,,,
5,bbb_permeability,classification,NB05_bbb_permeability,anseculin,COc2cc1oc(=O)c(C)c(C)c1cc2OCCCN3CCN(CC3)c4ccccc4OC,,3,,,,,0.101562,0.4231,,,,,7,0,33,,,,4.0181,,,,130.269,452.551,,,,,7.0,,,,,,,,4,8,,,64.38,,,1.0,,,,
5,bbb_permeability,classification,NB05_bbb_permeability,apadoline,[C@H](N1C3=C(SC2=C1C=CC=C2)C=CC(=C3)C(=O)NCCC)(CN4CCCC4)C,,2,,,,,0.099609,0.4348,,,,,4,1,28,,,,4.9134,,,,116.9062,395.572,,,,,5.0,,,,,,,,4,6,,,35.58,,,1.0,,,,
5,bbb_permeability,classification,NB05_bbb_permeability,aprobarbital,C(C1(C(NC(=O)NC1=O)=O)C(C)C)C=C,,0,,,,,0.044922,0.5,,,,,3,2,15,,,,0.5709,,,,53.7664,210.233,,,,,5.0,,,,,,,,1,3,,,75.27,,,1.0,,,,
5,bbb_permeability,classification,NB05_bbb_permeability,aripiprazole,C1=C4C(=CC=C1OCCCCN3CCN(C2=CC=CC(=C2Cl)Cl)CC3)CCC(N4)=O,,2,,,,,0.105469,0.4348,,,,,4,1,30,,,,4.8593,,,,123.2367,448.394,,,,,7.0,,,,,,,,4,7,,,44.81,,,1.0,,,,
5,bbb_permeability,classification,NB05_bbb_permeability,ascorbic-acid,C(O)C(O)C1OC(=C(O)C1=O)O,,0,,,,,0.048828,0.5,,,,,6,4,12,,,,-1.4074,,,,35.2562,176.124,,,,,6.0,,,,,,,,1,2,,,107.22,,,1.0,,,,
5,bbb_permeability,classification,NB05_bbb_permeability,aspirin,C1=CC=CC(=C1C(O)=O)OC(C)=O,,1,,,,,0.046875,0.1111,,,,,3,1,13,,,,1.3101,,,,44.7103,180.159,,,,,4.0,,,,,,,,1,2,,,63.6,,,1.0,,,,
5,bbb_permeability,classification,NB05_bbb_permeability,atolide,C1=CC=CC(=C1C(NC2=C(C=C(N(CC)CC)C=C2)C)=O)N,,2,,,,,0.078125,0.2778,,,,,3,2,22,,,,3.6757,,,,93.5476,297.402,,,,,4.0,,,,,,,,2,5,,,58.36,,,1.0,,,,
5,bbb_permeability,classification,NB05_bbb_permeability,atromepine,C1=CC=CC=C1C(C(OC2CC3N(C)C(C2)CC3)=O)(CO)C,,1,,,,,0.078125,0.6111,,,,,4,1,22,,,,2.105,,,,84.5668,303.402,,,,,4.0,,,,,,,,3,4,,,49.77,,,1.0,,,,
5,bbb_permeability,classification,NB05_bbb_permeability,atropine-oxide,C1=CC=CC=C1C(C(OC2CC3[N+](C(C2)CC3)(C)[O-])=O)CO,,1,,,,,0.076172,0.5882,,,,,4,1,22,,,,1.9435,,,,81.7442,305.374,,,,,5.0,,,,,,,,3,4,,,69.59,,,1.0,,,,
5,bbb_permeability,classification,NB05_bbb_permeability,avizafone,[C@@H](C(NCC(N(C1=CC=C(C=C1C(C2=CC=CC=C2)=O)Cl)C)=O)=O)(CCCCN)N,,2,,,,,0.099609,0.3182,,,,,5,3,30,,,,2.1063,,,,118.627,430.936,,,,,8.0,,,,,,,,2,10,,,118.52,,,1.0,,,,
5,bbb_permeability,classification,NB05_bbb_permeability,axamozide,C1=CC(=CC5=C1N(C4CCN(CC3OC2=C(C=CC=C2)OC3)CC4)C(N5)=O)Cl,,3,,,,,0.103516,0.381,,,,,5,1,28,,,,3.4599,,,,108.6327,399.878,,,,,7.0,,,,,,,,5,3,,,59.49,,,1.0,,,,
5,bbb_permeability,classification,NB05_bbb_permeability,azabon,C1=CC(=CC=C1[S](N2CC3CCC(C2)CC3)(=O)=O)N,,1,,,,,0.052734,0.5714,,,,,3,1,19,,,,2.0795,,,,75.0612,280.393,,,,,5.0,,,,,,,,4,2,,,63.4,,,1.0,,,,
5,bbb_permeability,classification,NB05_bbb_permeability,azabuperone,C1=CC(=CC=C1C(CCCN2CC3N(CC2)CCC3)=O)F,,1,,,,,0.082031,0.5882,,,,,3,0,21,,,,2.5686,,,,80.9995,290.382,,,,,4.0,,,,,,,,3,5,,,23.55,,,1.0,,,,
5,bbb_permeability,classification,NB05_bbb_permeability,azacyclonol,C3=C(C(O)(C1=CC=CC=C1)C2CCNCC2)C=CC=C3,,2,,,,,0.046875,0.3333,,,,,2,2,20,,,,2.9221,,,,81.4765,267.372,,,,,2.0,,,,,,,,3,3,,,32.26,,,1.0,,,,
5,bbb_permeability,classification,NB05_bbb_permeability,azaloxan,O=C1NCCN1C4CCN(CCC3COc2ccccc2O3)CC4,,1,,,,,0.085938,0.6111,,,,,4,1,24,,,,1.7061,,,,90.5367,331.416,,,,,6.0,,,,,,,,4,4,,,54.04,,,1.0,,,,
5,bbb_permeability,classification,NB05_bbb_permeability,azaquinzole,C1=CC=CC2=C1C3N(CC2)CCNC3,,1,,,,,0.058594,0.5,,,,,2,1,14,,,,1.189,,,,57.3297,188.274,,,,,2.0,,,,,,,,3,0,,,15.27,,,1.0,,,,
5,bbb_permeability,classification,NB05_bbb_permeability,azepindole,C1=CC=CC2=C1[N]3C(=C2)CNCCC3,,2,,,,,0.058594,0.3333,,,,,2,1,14,,,,2.1346,,,,58.2617,186.258,,,,,2.0,,,,,,,,3,0,,,16.96,,,1.0,,,,
5,bbb_permeability,classification,NB05_bbb_permeability,azipramine,CN(CCc2cc3cccc4CCc1ccccc1n2c34)Cc5ccccc5,,4,,,,,0.083984,0.2308,,,,,2,0,28,,,,5.4036,,,,117.163,366.508,,,,,2.0,,,,,,,,5,5,,,8.17,,,1.0,,,,
5,bbb_permeability,classification,NB05_bbb_permeability,balaperidone,[C@H]13[C@H](C[C@@H]1C2=CC=C(F)C=C2)CN(C3)CCN4C(=O)C5=C(NC4=O)C=CC=C5,,3,,,,,0.09375,0.3636,,,,,4,1,28,,,,2.5644,,,,106.0067,379.435,,,,,6.0,,,,,,,,5,4,,,58.1,,,1.0,,,,
5,bbb_permeability,classification,NB05_bbb_permeability,bamifylline,C1=CC=CC=C1CC2=NC3=C([N]2CCN(CCO)CC)C(N(C)C(N3C)=O)=O,,3,,,,,0.09375,0.45,,,,,8,1,28,,,,0.3387,,,,108.6628,385.468,,,,,8.0,,,,,,,,3,8,,,85.29,,,1.0,,,,
5,bbb_permeability,classification,NB05_bbb_permeability,barbital,C(C1(C(NC(=O)NC1=O)=O)CC)C,,0,,,,,0.033203,0.625,,,,,3,2,13,,,,0.1588,,,,44.6964,184.195,,,,,5.0,,,,,,,,1,2,,,75.27,,,1.0,,,,
5,bbb_permeability,classification,NB05_bbb_permeability,batelapine,C1=CC=CC3=C1N=C([N]2C(=NC(=N2)C)C3)N4CCN(C)CC4,,2,,,,,0.074219,0.4375,,,,,6,0,22,,,,1.2739,,,,85.57,296.378,,,,,6.0,,,,,,,,4,0,,,49.55,,,1.0,,,,
5,bbb_permeability,classification,NB05_bbb_permeability,beclamide,C1=CC=CC=C1CNC(CCCl)=O,,1,,,,,0.050781,0.3,,,,,1,1,13,,,,1.9317,,,,53.6257,197.665,,,,,3.0,,,,,,,,1,4,,,29.1,,,1.0,,,,
5,bbb_permeability,classification,NB05_bbb_permeability,beclomethasone/beclometasone,[C@]23([C@H]([C@H]1[C@]([C@](C(CO)=O)(O)[C@H](C1)C)(C)C[C@@H]2O)CCC4=CC(=O)C=C[C@]34C)Cl,,0,,,,,0.105469,0.7273,,,,,5,3,28,,,,2.165,,,,104.6894,408.922,,,,,6.0,,,,,,,,4,2,,,94.83,,,1.0,,,,
5,bbb_permeability,classification,NB05_bbb_permeability,befloxatone,[C@@H]2(CN(C1=CC=C(C=C1)OCC[C@H](C(F)(F)F)O)C(O2)=O)COC,,1,,,,,0.087891,0.5333,,,,,5,1,24,,,,2.3503,,,,78.1068,349.305,,,,,9.0,,,,,,,,2,7,,,68.23,,,1.0,,,,
5,bbb_permeability,classification,NB05_bbb_permeability,bemegride,C(C1(CC(NC(C1)=O)=O)C)C,,0,,,,,0.037109,0.75,,,,,2,1,11,,,,0.8393,,,,40.7817,155.197,,,,,3.0,,,,,,,,1,1,,,46.17,,,1.0,,,,
5,bbb_permeability,classification,NB05_bbb_permeability,benfotiamine,C2=C(CN(C(=C(SC(=O)C1=CC=CC=C1)/CCO[P](=O)(O)O)/C)C=O)C(=NC(=N2)C)N,,2,,,,,0.113281,0.2632,,,,,8,3,31,,,,2.6301,,,,116.465,466.456,,,,,12.0,,,,,,,,2,10,,,155.94,,,1.0,,,,
5,bbb_permeability,classification,NB05_bbb_permeability,benorilate,C1=CC=CC(=C1C(OC2=CC=C(NC(C)=O)C=C2)=O)OC(C)=O,,2,,,,,0.066406,0.1176,,,,,5,1,23,,,,2.7895,,,,83.4552,313.309,,,,,6.0,,,,,,,,2,4,,,81.7,,,1.0,,,,
5,bbb_permeability,classification,NB05_bbb_permeability,bentazepam,C4=C(C2=C1C3=C(SC1=NC(=O)CN2)CCCC3)C=CC=C4,,2,,,,,0.076172,0.2941,,,,,3,1,21,,,,1.5328,,,,83.7037,296.395,,,,,4.0,,,,,,,,4,1,,,41.46,,,1.0,,,,
5,bbb_permeability,classification,NB05_bbb_permeability,bentiamine,C3=C(C(SC(/CCOC(C1=CC=CC=C1)=O)=C(N(CC2=C(N=C(N=C2)C)N)C=O)/C)=O)C=CC=C3,,3,,,,,0.111328,0.1923,,,,,8,1,35,,,,4.3778,,,,135.1934,490.585,,,,,9.0,,,,,,,,3,10,,,115.48,,,1.0,,,,
5,bbb_permeability,classification,NB05_bbb_permeability,benzaprinoxide,C1=CC=C(Cl)C3=C1\C(C2=CC=CC=C2C=C3)=C/CC[N+]([O-])(C)C,,2,,,,,0.072266,0.2,,,,,1,0,23,,,,5.2198,,,,98.8604,325.839,,,,,3.0,,,,,,,,3,3,,,23.06,,,1.0,,,,
5,bbb_permeability,classification,NB05_bbb_permeability,benzindopyrine,[Cl].C1=CC=CC2=C1[N](C=C2CCC3=CC=NC=C3)CC4=CC=CC=C4,,4,,,,,0.070312,0.1364,,,,,2,0,25,,,,5.5593,,,,104.98,347.869,,,,,3.0,,,,,,,,4,5,,,17.82,,,1.0,,,,
5,bbb_permeability,classification,NB05_bbb_permeability,benzyl-alcohol,C(C1=CC=CC=C1)O,,1,,,,,0.027344,0.1429,,,,,1,1,8,,,,1.1789,,,,32.3648,108.14,,,,,1.0,,,,,,,,1,1,,,20.23,,,1.0,,,,
5,bbb_permeability,classification,NB05_bbb_permeability,berupipam,[C@@H]4(C1=C2C(=CC(=C1)Br)CCO2)C3=C(C=C(Cl)C(=C3)O)CCN(C4)C,,2,,,,,0.09375,0.3684,,,,,3,1,24,,,,4.3628,,,,99.5018,408.723,,,,,5.0,,,,,,,,4,1,,,32.7,,,1.0,,,,
5,bbb_permeability,classification,NB05_bbb_permeability,bervastatin,[C@H](O)(/C=C/C1=C(C3=C(OC12CCCC2)C=CC=C3)C4=CC=C(F)C=C4)C[C@H](O)CC(OCC)=O,,2,,,,,0.115234,0.3929,,,,,5,2,34,,,,4.9541,,,,127.7116,466.549,,,,,6.0,,,,,,,,4,8,,,75.99,,,1.0,,,,
5,bbb_permeability,classification,NB05_bbb_permeability,betamethasone-acibutate,[C@]4([C@@]3([C@H]([C@H]2[C@]([C@@]1(C(=CC(=O)C=C1)CC2)C)(F)[C@H](C3)O)C[C@@H]4C)C)(OC(C5=CC=CC=C5)=O)C(CO)=O,,1,,,,,0.125,0.5517,,,,,6,2,36,,,,3.7604,,,,129.5831,496.575,,,,,7.0,,,,,,,,5,4,,,100.9,,,1.0,,,,
5,bbb_permeability,classification,NB05_bbb_permeability,betamethasone-benzoate,[C@]14([C@@]([C@@H](C)C[C@H]1[C@H]3[C@]([C@@]2(C(=CC(=O)C=C2)CC3)C)(F)[C@H](C4)O)(OC(CCCC)=O)C(CO)=O)C,,0,,,,,0.121094,0.7407,,,,,6,2,34,,,,3.6368,,,,123.3426,476.585,,,,,7.0,,,,,,,,4,6,,,100.9,,,1.0,,,,
5,bbb_permeability,classification,NB05_bbb_permeability,binospirone,O=C2CC1(CCCC1)CC(=O)N2CCNCC4COc3ccccc3O4,,1,,,,,0.085938,0.6,,,,,5,1,26,,,,2.1254,,,,96.0777,358.438,,,,,6.0,,,,,,,,4,5,,,67.87,,,1.0,,,,
5,bbb_permeability,classification,NB05_bbb_permeability,biotin,C(C2C1C(NC(N1)=O)CS2)CCCC(O)=O,,0,,,,,0.066406,0.8,,,,,3,3,16,,,,0.7968,,,,61.5932,244.316,,,,,6.0,,,,,,,,2,5,,,78.43,,,1.0,,,,
5,bbb_permeability,classification,NB05_bbb_permeability,bipenamol,S1[C@H]4N(CC1(C2CN3[C@H](S2)CC3=O)O)C(C4)=O,,0,,,,,0.0625,0.8,,,,,5,1,17,,,,-0.346,,,,64.1558,272.351,,,,,7.0,,,,,,,,4,1,,,60.85,,,1.0,,,,
5,bbb_permeability,classification,NB05_bbb_permeability,biriperone,C1=CC=CC2=C1C4=C([NH]2)CN3CCN(CC3C4)CCCC(C5=CC=C(C=C5)F)=O,,3,,,,,0.105469,0.375,,,,,3,1,29,,,,4.0124,,,,112.6052,391.49,,,,,5.0,,,,,,,,5,5,,,39.34,,,1.0,,,,
5,bbb_permeability,classification,NB05_bbb_permeability,bisbentiamine,C1=NC(=NC(=C1CN(C(=C(SSC(=C(\C)N(C=O)CC2=C(N)N=C(C)N=C2)/CCOC(=O)C3=CC=CC=C3)/CCOC(=O)C4=CC=CC=C4)\C)C=O)N)C,,4,,,,,0.103516,0.2632,,,,,14,2,54,,,,6.0034,,,,208.8418,770.938,,,,,16.0,,,,,,,,4,19,,,196.82,,,1.0,,,,
5,bbb_permeability,classification,NB05_bbb_permeability,bisorcic,[C@H](CCCNC(C)=O)(C(O)=O)NC(C)=O,,0,,,,,0.050781,0.6667,,,,,3,3,15,,,,-0.508,,,,53.1582,216.237,,,,,6.0,,,,,,,,0,6,,,95.5,,,1.0,,,,
5,bbb_permeability,classification,NB05_bbb_permeability,blonanserin,C1=C(C3=C(N=C1N2CCN(CC)CC2)CCCCCC3)C4=CC=C(F)C=C4,,2,,,,,0.085938,0.5217,,,,,3,0,27,,,,4.6886,,,,109.834,367.512,,,,,4.0,,,,,,,,4,3,,,19.37,,,1.0,,,,
5,bbb_permeability,classification,NB05_bbb_permeability,bremazocine,[C@@]23(C([C@H](N(CC1(CC1)O)CC2)CC4=C3C=C(C=C4)O)(C)C)CC,,1,,,,,0.082031,0.7,,,,,3,2,23,,,,3.2215,,,,91.7226,315.457,,,,,3.0,,,,,,,,4,3,,,43.7,,,1.0,,,,
5,bbb_permeability,classification,NB05_bbb_permeability,brofoxine,C1=CC(=CC2=C1NC(=O)OC2(C)C)Br,,1,,,,,0.050781,0.3,,,,,2,1,14,,,,3.2463,,,,57.2717,256.099,,,,,4.0,,,,,,,,2,0,,,38.33,,,1.0,,,,
5,bbb_permeability,classification,NB05_bbb_permeability,bromisoval,CC(C(C(NC(N)=O)=O)Br)C,,0,,,,,0.041016,0.6667,,,,,2,2,11,,,,0.6008,,,,45.2791,223.07,,,,,5.0,,,,,,,,0,2,,,72.19,,,1.0,,,,
5,bbb_permeability,classification,NB05_bbb_permeability,bromoform,C(Br)(Br)Br,,0,,,,,0.007812,1.0,,,,,0,0,4,,,,2.4547,,,,30.569,252.731,,,,,3.0,,,,,,,,0,0,,,0.0,,,1.0,,,,
5,bbb_permeability,classification,NB05_bbb_permeability,brosotamide,C1=C(C(=C(C=C1Br)C)O)C(N)=O,,1,,,,,0.048828,0.125,,,,,2,2,12,,,,1.562,,,,49.0617,230.061,,,,,4.0,,,,,,,,1,1,,,63.32,,,1.0,,,,
5,bbb_permeability,classification,NB05_bbb_permeability,brosuximide,C2=C(C1C(NC(C1)=O)=O)C=CC=C2Br,,1,,,,,0.056641,0.2,,,,,2,1,14,,,,1.5792,,,,54.6497,254.083,,,,,4.0,,,,,,,,2,1,,,46.17,,,1.0,,,,
5,bbb_permeability,classification,NB05_bbb_permeability,brotizolam,C1=C(Br)SC2=C1C(=NCC3=NN=C([N]23)C)C4=C(C=CC=C4)Cl,,3,,,,,0.082031,0.1333,,,,,5,0,22,,,,4.4041,,,,92.468,393.697,,,,,7.0,,,,,,,,4,1,,,43.07,,,1.0,,,,
5,bbb_permeability,classification,NB05_bbb_permeability,buciclovir,[C@@H](CC[N]2C1=C(C(N=C(N1)N)=O)N=C2)(CO)O,,2,,,,,0.074219,0.4444,,,,,7,4,17,,,,-1.5549,,,,60.2707,239.235,,,,,8.0,,,,,,,,2,4,,,130.05,,,1.0,,,,
5,bbb_permeability,classification,NB05_bbb_permeability,butacetin,C1=C(C=CC(=C1)NC(C)=O)OC(C)(C)C,,1,,,,,0.048828,0.4167,,,,,2,1,15,,,,2.8223,,,,61.1267,207.273,,,,,3.0,,,,,,,,1,2,,,38.33,,,1.0,,,,
5,bbb_permeability,classification,NB05_bbb_permeability,butaclamol,[C@]1(O)(C[C@@H]4N(CC1)C[C@@H]2C5=C(CCC3=CC=CC=C23)C=CC=C45)C(C)(C)C.[H+].[Cl-],,2,,,,,0.089844,0.52,,,,,2,1,28,,,,1.9613,,,,111.1998,397.99,,,,,3.0,,,,,,,,5,0,,,23.47,,,1.0,,,,
5,bbb_permeability,classification,NB05_bbb_permeability,butaperazine,C1=C(C(CCC)=O)C=CC3=C1N(C2=C(C=CC=C2)S3)CCCN4CCN(C)CC4,,2,,,,,0.09375,0.4583,,,,,5,0,29,,,,4.9096,,,,121.8055,409.599,,,,,5.0,,,,,,,,4,7,,,26.79,,,1.0,,,,
5,bbb_permeability,classification,NB05_bbb_permeability,butoctamide,C(C(CCCC)CC)NC(CC(C)O)=O,,0,,,,,0.056641,0.9167,,,,,2,2,15,,,,2.0899,,,,62.6135,215.337,,,,,3.0,,,,,,,,0,8,,,49.33,,,1.0,,,,
5,bbb_permeability,classification,NB05_bbb_permeability,butorphanol,[C@]235[C@]([C@H](N(CC1CCC1)CC2)CC4=C3C=C(O)C=C4)(CCCC5)O,,1,,,,,0.085938,0.7143,,,,,3,2,24,,,,3.3656,,,,94.2256,327.468,,,,,3.0,,,,,,,,5,2,,,43.7,,,1.0,,,,
5,bbb_permeability,classification,NB05_bbb_permeability,cabergoline,[C@@H]34C1=CC=CC2=C1C(=C[NH]2)C[C@H]3N(C[C@@H](C4)C(N(C(NCC)=O)CCCN(C)C)=O)CC=C,,2,,,,,0.132812,0.5385,,,,,4,2,33,,,,3.1939,,,,132.3654,451.615,,,,,7.0,,,,,,,,4,8,,,71.68,,,1.0,,,,
5,bbb_permeability,classification,NB05_bbb_permeability,cafedrine,C1=NC3=C([N]1CCNC(C(C2=CC=CC=C2)O)C)C(N(C)C(N3C)=O)=O,,3,,,,,0.085938,0.3889,,,,,8,2,26,,,,0.1454,,,,99.0815,357.414,,,,,8.0,,,,,,,,3,6,,,94.08,,,1.0,,,,
5,bbb_permeability,classification,NB05_bbb_permeability,camazepam,C1=C(Cl)C=CC2=C1C(=NC(OC(N(C)C)=O)C(N2C)=O)C3=CC=CC=C3,,2,,,,,0.09375,0.2105,,,,,4,0,26,,,,3.1781,,,,100.899,371.824,,,,,7.0,,,,,,,,3,2,,,62.21,,,1.0,,,,
5,bbb_permeability,classification,NB05_bbb_permeability,camphor,CC12C(C(CC1=O)CC2)(C)C,,0,,,,,0.041016,0.9,,,,,1,0,11,,,,2.4017,,,,44.236,152.237,,,,,1.0,,,,,,,,2,0,,,17.07,,,1.0,,,,
5,bbb_permeability,classification,NB05_bbb_permeability,caproxamine,C1=C(C(=CC=C1C(/CCCCC)=N\OCCN)C)N,,1,,,,,0.078125,0.5333,,,,,4,2,19,,,,2.8369,,,,81.2768,263.385,,,,,4.0,,,,,,,,1,8,,,73.63,,,1.0,,,,
5,bbb_permeability,classification,NB05_bbb_permeability,captodiame,C1=CC(=CC=C1C(C2=CC=CC=C2)SCCN(C)C)SCCCC,,2,,,,,0.068359,0.4286,,,,,3,0,24,,,,5.963,,,,111.371,359.604,,,,,3.0,,,,,,,,2,10,,,3.24,,,1.0,,,,
5,bbb_permeability,classification,NB05_bbb_permeability,carbubarb,C(C1(C(NC(=O)NC1=O)=O)CCCC)COC(N)=O,,0,,,,,0.060547,0.6364,,,,,5,3,19,,,,0.0144,,,,63.7918,271.273,,,,,8.0,,,,,,,,1,6,,,127.59,,,1.0,,,,
5,bbb_permeability,classification,NB05_bbb_permeability,carburazepam,C1=C(Cl)C=CC2=C1C(N(CC(=O)N2C)C(N)=O)C3=CC=CC=C3,,2,,,,,0.082031,0.1765,,,,,2,1,23,,,,2.7865,,,,89.4364,329.787,,,,,6.0,,,,,,,,3,1,,,66.64,,,1.0,,,,
5,bbb_permeability,classification,NB05_bbb_permeability,carfimate,C1=C(C(OC(N)=O)C#C)C=CC=C1,,1,,,,,0.052734,0.1,,,,,2,1,13,,,,1.4562,,,,48.6844,175.187,,,,,3.0,,,,,,,,1,2,,,52.32,,,1.0,,,,
5,bbb_permeability,classification,NB05_bbb_permeability,carmantadine,O=C(C4N(C12CC3CC(C1)CC(C2)C3)CC4)O,,0,,,,,0.050781,0.9286,,,,,2,1,17,,,,2.1141,,,,63.6498,235.327,,,,,3.0,,,,,,,,5,2,,,40.54,,,1.0,,,,
5,bbb_permeability,classification,NB05_bbb_permeability,caroxazone,C1=CC=CC2=C1CN(CC(N)=O)C(O2)=O,,1,,,,,0.064453,0.2,,,,,3,1,15,,,,0.4863,,,,52.0704,206.201,,,,,5.0,,,,,,,,2,2,,,72.63,,,1.0,,,,
5,bbb_permeability,classification,NB05_bbb_permeability,carperone,C2=C(C(CCCN1CCC(OC(NC(C)C)=O)CC1)=O)C=CC(=C2)F,,1,,,,,0.089844,0.5789,,,,,4,1,25,,,,3.3876,,,,94.1792,350.434,,,,,6.0,,,,,,,,2,7,,,58.64,,,1.0,,,,
5,bbb_permeability,classification,NB05_bbb_permeability,carphenazine/carfenazine,C1=C(C=CC3=C1N(CCCN2CCN(CC2)CCO)C4=C(S3)C=CC=C4)C(CC)=O,,2,,,,,0.091797,0.4583,,,,,6,1,30,,,,3.882,,,,123.2173,425.598,,,,,6.0,,,,,,,,4,8,,,47.02,,,1.0,,,,
5,bbb_permeability,classification,NB05_bbb_permeability,carzenide,C1=C(C=CC(=C1)[S](N)(=O)=O)C(O)=O,,1,,,,,0.041016,0.0,,,,,3,2,13,,,,0.0322,,,,44.7745,201.203,,,,,6.0,,,,,,,,1,2,,,97.46,,,1.0,,,,
5,bbb_permeability,classification,NB05_bbb_permeability,cathinone,[C@@H](C(C1=CC=CC=C1)=O)(C)N,,1,,,,,0.041016,0.2222,,,,,2,1,11,,,,1.2165,,,,44.4219,149.193,,,,,2.0,,,,,,,,1,2,,,43.09,,,1.0,,,,
5,bbb_permeability,classification,NB05_bbb_permeability,cebaracetam,C1=CC(=CC=C1C3CN(CC(N2CC(NCC2)=O)=O)C(C3)=O)Cl,,1,,,,,0.089844,0.4375,,,,,3,1,23,,,,0.6143,,,,84.9797,335.791,,,,,7.0,,,,,,,,3,3,,,69.72,,,1.0,,,,
5,bbb_permeability,classification,NB05_bbb_permeability,celucloral,OC1OC(COCCOC(O)C(Cl)(Cl)Cl)C(OC2OC(COCCOCCOC(O)C(Cl)(Cl)Cl)CC(OC(O)C(Cl)(Cl)Cl)C2O)C(OCCOCCOC(O)C(Cl)(Cl)Cl)C1O,,0,,,,,0.101562,1.0,,,,,19,7,61,,,,2.5666,,,,221.9766,1136.115,,,,,31.0,,,,,,,,2,27,,,252.37,,,1.0,,,,
5,bbb_permeability,classification,NB05_bbb_permeability,cerivastatin,[C@@H](/C=C/C1=C(N=C(C(=C1C2=CC=C(C=C2)F)COC)C(C)C)C(C)C)(C[C@H](CC(O)=O)O)O,,2,,,,,0.105469,0.4615,,,,,5,3,33,,,,4.8807,,,,126.4394,459.558,,,,,7.0,,,,,,,,2,11,,,99.88,,,1.0,,,,
5,bbb_permeability,classification,NB05_bbb_permeability,cetohexazine,CC1=CC(=NNC1=O)C,,1,,,,,0.039062,0.3333,,,,,2,1,9,,,,0.3867,,,,34.3317,124.143,,,,,3.0,,,,,,,,1,0,,,45.75,,,1.0,,,,
5,bbb_permeability,classification,NB05_bbb_permeability,cetophenicol/cetofenicol,C1=C(C(O)C(CO)NC(C(Cl)Cl)=O)C=CC(=C1)C(=O)C,,1,,,,,0.066406,0.3846,,,,,4,3,20,,,,1.2034,,,,75.9168,320.172,,,,,7.0,,,,,,,,1,6,,,86.63,,,1.0,,,,
5,bbb_permeability,classification,NB05_bbb_permeability,cetotiamine,C1=C(CN(C(=C(SC(OCC)=O)/CCOC(OCC)=O)/C)C=O)C(=NC(=N1)C)N,,1,,,,,0.101562,0.5,,,,,10,1,29,,,,3.01,,,,107.6924,426.495,,,,,11.0,,,,,,,,1,10,,,133.94,,,1.0,,,,
5,bbb_permeability,classification,NB05_bbb_permeability,chloralose,[C@@H]2(OC1O[C@@H](O[C@@H]1[C@H]2O)C(Cl)(Cl)Cl)[C@H](O)CO,,0,,,,,0.058594,1.0,,,,,6,3,17,,,,-0.4629,,,,57.7964,309.529,,,,,9.0,,,,,,,,2,2,,,88.38,,,1.0,,,,
5,bbb_permeability,classification,NB05_bbb_permeability,chlorhexadol/chloralodol,C(C(OC(C(Cl)(Cl)Cl)O)C)C(C)(C)O,,0,,,,,0.046875,1.0,,,,,3,2,14,,,,2.2411,,,,57.7586,265.564,,,,,6.0,,,,,,,,0,4,,,49.69,,,1.0,,,,
5,bbb_permeability,classification,NB05_bbb_permeability,chlormezanone,C1=CC(=CC=C1C2[S](CCC(N2C)=O)(=O)=O)Cl,,1,,,,,0.060547,0.3636,,,,,3,0,17,,,,1.6155,,,,65.3668,273.741,,,,,6.0,,,,,,,,2,1,,,54.45,,,1.0,,,,
5,bbb_permeability,classification,NB05_bbb_permeability,chloroform,C(Cl)(Cl)Cl,,0,,,,,0.007812,1.0,,,,,0,0,4,,,,1.9864,,,,21.347,119.378,,,,,3.0,,,,,,,,0,0,,,0.0,,,1.0,,,,
5,bbb_permeability,classification,NB05_bbb_permeability,chromocarb,C1=C2C(=CC=C1)C(C=C(O2)C(O)=O)=O,,2,,,,,0.052734,0.0,,,,,3,1,14,,,,1.4912,,,,49.4433,190.154,,,,,4.0,,,,,,,,2,1,,,67.51,,,1.0,,,,
5,bbb_permeability,classification,NB05_bbb_permeability,ciclesonide,[C@@]45([C@@]3([C@H]([C@H]2[C@@H]([C@@]1(C(=CC(=O)C=C1)CC2)C)[C@H](C3)O)C[C@H]4O[C@H](O5)C6CCCCC6)C)C(COC(C(C)C)=O)=O,,0,,,,,0.132812,0.7812,,,,,7,1,39,,,,4.7039,,,,143.2448,540.697,,,,,7.0,,,,,,,,6,5,,,99.13,,,1.0,,,,
5,bbb_permeability,classification,NB05_bbb_permeability,ciclotizolam,C1=C(SC2=C1C(=NCC3=NN=C([N]23)C4CCCCC4)C5=CC=CC=C5Cl)Br,,3,,,,,0.09375,0.35,,,,,5,0,27,,,,6.1434,,,,113.557,461.816,,,,,7.0,,,,,,,,5,2,,,43.07,,,1.0,,,,
5,bbb_permeability,classification,NB05_bbb_permeability,cicortonide,[C@H]23C([C@@]1(OC(O[C@@H]1C2)(C)C)C(=O)COC(=O)C)(CC(O)[C@@]4(F)C3CC(=C5C4(CCC(=C5)OCCCl)C)C#N)C,,0,,,,,0.136719,0.7586,,,,,8,1,39,,,,4.2875,,,,137.9268,566.066,,,,,10.0,,,,,,,,5,6,,,115.08,,,1.0,,,,
5,bbb_permeability,classification,NB05_bbb_permeability,cilobamine,[C@@]1([C@H](C2CCC1CC2)NC(C)C)(C3=CC(=C(C=C3)Cl)Cl)O,,1,,,,,0.074219,0.6471,,,,,2,2,21,,,,4.3676,,,,87.8665,328.283,,,,,4.0,,,,,,,,4,3,,,32.26,,,1.0,,,,
5,bbb_permeability,classification,NB05_bbb_permeability,cimemoxin,C(C1CCCCC1)NN,,0,,,,,0.033203,1.0,,,,,2,2,9,,,,1.03,,,,38.7651,128.219,,,,,2.0,,,,,,,,1,2,,,38.05,,,1.0,,,,
5,bbb_permeability,classification,NB05_bbb_permeability,cimepanol,CC(C(C1CCCCC1)O)C,,0,,,,,0.033203,1.0,,,,,1,1,11,,,,2.5836,,,,47.4198,156.269,,,,,1.0,,,,,,,,1,2,,,20.23,,,1.0,,,,
5,bbb_permeability,classification,NB05_bbb_permeability,cimoxatone,C1=CC(=CC=C1N2CC(COC)OC2=O)OCC3=CC(=CC=C3)C#N,,2,,,,,0.095703,0.2632,,,,,5,0,25,,,,3.1089,,,,91.422,338.363,,,,,6.0,,,,,,,,3,6,,,71.79,,,1.0,,,,
5,bbb_permeability,classification,NB05_bbb_permeability,cinoctramide,C1=C(C(=C(C=C1\C=C\C(N2CCCCCCC2)=O)OC)OC)OC,,1,,,,,0.066406,0.5263,,,,,4,0,24,,,,3.5183,,,,94.797,333.428,,,,,5.0,,,,,,,,2,5,,,48.0,,,1.0,,,,
5,bbb_permeability,classification,NB05_bbb_permeability,cinolazepam,C1=C(Cl)C=CC2=C1C(=NC(O)C(N2CCC#N)=O)C3=CC=CC=C3F,,2,,,,,0.097656,0.1667,,,,,4,1,25,,,,2.8952,,,,92.0808,357.772,,,,,7.0,,,,,,,,3,3,,,76.69,,,1.0,,,,
5,bbb_permeability,classification,NB05_bbb_permeability,ciprazafone,C1=C(Cl)C=CC(=C1C(C2=C(C=CC=C2)Cl)=O)N(C(CNC3CC3)=O)C,,2,,,,,0.080078,0.2632,,,,,3,1,25,,,,3.9392,,,,100.7712,377.271,,,,,6.0,,,,,,,,3,6,,,49.41,,,1.0,,,,
5,bbb_permeability,classification,NB05_bbb_permeability,ciprocinonide,[C@]34([C@H](C2[C@@](F)([C@@]1(C(=CC(=O)C=C1)[C@@H](F)C2)C)[C@@H](O)C3)C[C@H]5OC(O[C@@]45C(=O)COC(=O)C6CC6)(C)C)C,,0,,,,,0.126953,0.75,,,,,7,1,37,,,,3.3277,,,,125.4748,520.569,,,,,9.0,,,,,,,,6,4,,,99.13,,,1.0,,,,
5,bbb_permeability,classification,NB05_bbb_permeability,citatepine,C1=C(C#N)C=CC3=C1C4=C(C2=C(C=CC=C2)S3)CCN(CC4)C,,2,,,,,0.068359,0.25,,,,,3,0,23,,,,4.6593,,,,95.267,318.445,,,,,3.0,,,,,,,,4,0,,,27.03,,,1.0,,,,
5,bbb_permeability,classification,NB05_bbb_permeability,clebopride,C1=C(C(=CC(=C1Cl)N)OC)C(NC3CCN(CC2=CC=CC=C2)CC3)=O,,2,,,,,0.09375,0.35,,,,,4,2,26,,,,3.3252,,,,104.6236,373.884,,,,,6.0,,,,,,,,3,5,,,67.59,,,1.0,,,,
5,bbb_permeability,classification,NB05_bbb_permeability,clidafidine,C1=C(C(=C(C=C1)Cl)NC2=NCCO2)Cl,,1,,,,,0.054688,0.2222,,,,,3,1,14,,,,2.7915,,,,58.3387,231.082,,,,,5.0,,,,,,,,2,1,,,33.62,,,1.0,,,,
5,bbb_permeability,classification,NB05_bbb_permeability,clobetasone,[C@@]23(F)[C@H]([C@H]1[C@@]([C@@]([C@H](C1)C)(O)C(=O)CCl)(CC2=O)C)CCC4=CC(=O)C=C[C@]34C,,0,,,,,0.105469,0.6818,,,,,4,1,28,,,,3.3504,,,,102.5788,408.897,,,,,6.0,,,,,,,,4,2,,,71.44,,,1.0,,,,
5,bbb_permeability,classification,NB05_bbb_permeability,clobetasone-butyrate,[C@]4([C@@]3([C@H]([C@H]2[C@]([C@@]1(C(=CC(=O)C=C1)CC2)C)(F)C(C3)=O)C[C@@H]4C)C)(OC(CCC)=O)C(CCl)=O,,0,,,,,0.121094,0.6923,,,,,5,0,33,,,,4.7014,,,,121.36,478.988,,,,,7.0,,,,,,,,4,5,,,77.51,,,1.0,,,,
5,bbb_permeability,classification,NB05_bbb_permeability,clocapramine,C1=C(Cl)C=CC4=C1N(CCCN3CCC(N2CCCCC2)(CC3)C(N)=O)C5=C(CC4)C=CC=C5,,2,,,,,0.101562,0.5357,,,,,4,1,34,,,,4.7726,,,,139.9484,481.084,,,,,6.0,,,,,,,,5,6,,,52.81,,,1.0,,,,
5,bbb_permeability,classification,NB05_bbb_permeability,clocortolone,[C@@]24(Cl)C1(C(=CC(=O)C=C1)[C@@H](F)CC2C3C(C([C@@H](C3)C)C(=O)CO)(CC4O)C)C,,0,,,,,0.103516,0.7273,,,,,4,2,28,,,,2.9981,,,,103.5086,410.913,,,,,6.0,,,,,,,,4,2,,,74.6,,,1.0,,,,
5,bbb_permeability,classification,NB05_bbb_permeability,clocortolone-acetate,[C@H]2(C1=CC(C=C[C@@]1(C4([C@@H](C2)[C@@H]3C[C@H]([C@H](C(COC(=O)C)=O)[C@@]3(C)C[C@@H]4O)C)Cl)C)=O)F,,0,,,,,0.109375,0.7083,,,,,5,1,31,,,,3.5689,,,,113.0558,452.95,,,,,7.0,,,,,,,,4,3,,,80.67,,,1.0,,,,
5,bbb_permeability,classification,NB05_bbb_permeability,clocortolone-pivalate,[C@@]24(Cl)C1(C(=CC(=O)C=C1)[C@@H](F)CC2C3C(C([C@@H](C3)C)C(=O)COC(=O)C(C)(C)C)(CC4O)C)C,,0,,,,,0.111328,0.7407,,,,,5,1,34,,,,4.5951,,,,126.8368,495.031,,,,,7.0,,,,,,,,4,3,,,80.67,,,1.0,,,,
5,bbb_permeability,classification,NB05_bbb_permeability,clodazon,C1=C(Cl)C=CC3=C1N(C2=CC=CC=C2)C(=O)N3CCCN(C)C,,3,,,,,0.080078,0.2778,,,,,4,0,23,,,,3.3973,,,,95.716,329.831,,,,,5.0,,,,,,,,3,5,,,30.17,,,1.0,,,,
5,bbb_permeability,classification,NB05_bbb_permeability,clofenciclan,C2=C(C1(OCCN(CC)CC)CCCCC1)C=CC(=C2)Cl,,1,,,,,0.068359,0.6667,,,,,2,0,21,,,,4.8578,,,,89.955,309.881,,,,,3.0,,,,,,,,2,7,,,12.47,,,1.0,,,,
5,bbb_permeability,classification,NB05_bbb_permeability,clofluperol,C1=C(C(=CC=C1C3(CCN(CCCC(C2=CC=C(F)C=C2)=O)CC3)O)Cl)C(F)(F)F,,2,,,,,0.097656,0.4091,,,,,3,1,30,,,,5.4444,,,,105.9893,443.868,,,,,8.0,,,,,,,,3,6,,,40.54,,,1.0,,,,
5,bbb_permeability,classification,NB05_bbb_permeability,clopenthixol/zuclopenthixol,C1=C(Cl)C=CC3=C1\C(C2=C(C=CC=C2)S3)=C/CCN4CCN(CCO)CC4,,2,,,,,0.082031,0.3636,,,,,4,1,27,,,,4.2363,,,,113.6788,400.975,,,,,5.0,,,,,,,,4,5,,,26.71,,,1.0,,,,
5,bbb_permeability,classification,NB05_bbb_permeability,cloperidone,C1=CC=CC4=C1C(N(CCCN3CCN(C2=CC(=CC=C2)Cl)CC3)C(N4)=O)=O,,3,,,,,0.087891,0.3333,,,,,5,1,28,,,,2.5555,,,,113.5507,398.894,,,,,7.0,,,,,,,,4,5,,,61.34,,,1.0,,,,
5,bbb_permeability,classification,NB05_bbb_permeability,cloprednol,[C@H]24[C@H]1[C@@]([C@](C(CO)=O)(O)CC1)(C[C@@H]([C@@H]2[C@@]3(C(=CC(=O)C=C3)C(=C4)Cl)C)O)C,,0,,,,,0.099609,0.619,,,,,5,3,27,,,,1.9001,,,,99.7504,392.879,,,,,6.0,,,,,,,,4,2,,,94.83,,,1.0,,,,
5,bbb_permeability,classification,NB05_bbb_permeability,clorethate/cloretate,C(C(Cl)(Cl)Cl)OC(OCC(Cl)(Cl)Cl)=O,,0,,,,,0.029297,0.8,,,,,3,0,14,,,,3.88,,,,57.88,324.802,,,,,9.0,,,,,,,,0,2,,,35.53,,,1.0,,,,
5,bbb_permeability,classification,NB05_bbb_permeability,clorgiline,C1=C(C(=CC(=C1)Cl)Cl)OCCCN(CC#C)C,,1,,,,,0.070312,0.3846,,,,,2,0,17,,,,3.3273,,,,72.904,272.175,,,,,4.0,,,,,,,,1,6,,,12.47,,,1.0,,,,
5,bbb_permeability,classification,NB05_bbb_permeability,cloroperone,C3=C(C(C2CCN(CCCC(C1=CC=C(F)C=C1)=O)CC2)=O)C=CC(=C3)Cl,,2,,,,,0.080078,0.3636,,,,,3,0,27,,,,5.0369,,,,104.911,387.882,,,,,5.0,,,,,,,,3,7,,,37.38,,,1.0,,,,
5,bbb_permeability,classification,NB05_bbb_permeability,clorotepine,C1=C(Cl)C=CC4=C1C(N2CCN(C)CC2)CC3=C(C=CC=C3)S4,,2,,,,,0.074219,0.3684,,,,,3,0,23,,,,4.3358,,,,97.532,344.911,,,,,4.0,,,,,,,,4,1,,,6.48,,,1.0,,,,
5,bbb_permeability,classification,NB05_bbb_permeability,clotiazepam,C1=C(CC)SC2=C1C(=NCC(N2C)=O)C3=CC=CC=C3Cl,,2,,,,,0.082031,0.25,,,,,3,0,21,,,,3.7777,,,,89.065,318.829,,,,,5.0,,,,,,,,3,2,,,32.67,,,1.0,,,,
5,bbb_permeability,classification,NB05_bbb_permeability,cloticasone(cloticasone-propionate),[C@]34([C@H](C2[C@@](F)([C@@]1(C(=CC(=O)C=C1)[C@@H](F)C2)C)[C@@H](O)C3)C[C@H]([C@]4(OC(=O)CC)C(SCCl)=O)C)C,,0,,,,,0.121094,0.72,,,,,6,1,34,,,,4.6993,,,,125.6128,517.034,,,,,9.0,,,,,,,,4,4,,,80.67,,,1.0,,,,
5,bbb_permeability,classification,NB05_bbb_permeability,clotixamide(clotixamide),CNC(=O)CCN1CCN(CCC=C2c3ccccc3Sc3ccc(cc23)Cl)CC1,,2,,,,,0.097656,0.375,,,,,4,1,30,,,,4.3801,,,,125.2767,442.028,,,,,6.0,,,,,,,,4,6,,,35.58,,,1.0,,,,
5,bbb_permeability,classification,NB05_bbb_permeability,cogazocine,C1=C(O)C=CC4=C1C3(C(C(N(CC2CCC2)CC3)C4)(C)C)CC,,1,,,,,0.085938,0.7143,,,,,2,1,23,,,,4.4967,,,,94.8798,313.485,,,,,2.0,,,,,,,,4,3,,,23.47,,,1.0,,,,
5,bbb_permeability,classification,NB05_bbb_permeability,conorphone(conorfone),[C@H]12C5CC4=C3[C@]1([C@H](C(C[C@@H]2CC)=O)OC3=C(C=C4)OC)CCN5CC6CC6,,1,,,,,0.103516,0.6957,,,,,4,0,27,,,,3.3496,,,,102.389,367.489,,,,,4.0,,,,,,,,6,4,,,38.77,,,1.0,,,,
5,bbb_permeability,classification,NB05_bbb_permeability,cormetasone,CC1CC2C3CC(F)(F)C4=CC(=O)C=C[C@]4(C)C3(F)C(O)CC2(C)C1(O)C(=O)CO,,0,,,,,0.103516,0.7273,,,,,5,3,30,,,,2.1409,,,,100.2744,428.447,,,,,8.0,,,,,,,,4,2,,,94.83,,,1.0,,,,
5,bbb_permeability,classification,NB05_bbb_permeability,cortexolone(cortodoxonecortifen),C(O)C(=O)C4(O)C3(C(C2C(C1(C(=CC(=O)CC1)CC2)C)CC3)CC4)C,,0,,,,,0.082031,0.8095,,,,,4,2,25,,,,2.8108,,,,93.7526,346.467,,,,,4.0,,,,,,,,4,2,,,74.6,,,1.0,,,,
5,bbb_permeability,classification,NB05_bbb_permeability,cortisone-acetate,[C@]34([C@H]([C@H]2[C@@H]([C@@]1(C(=CC(=O)CC1)CC2)C)C(C3)=O)CC[C@@]4(C(COC(C)=O)=O)O)C,,0,,,,,0.101562,0.7391,,,,,6,1,29,,,,2.5606,,,,103.6898,402.487,,,,,6.0,,,,,,,,4,3,,,97.74,,,1.0,,,,
5,bbb_permeability,classification,NB05_bbb_permeability,cortisuzol,[C@H]37[C@H]2[C@@]([C@](C(COC(C1=CC(=CC=C1)[S](O)(=O)=O)=O)=O)(O)[C@@H](C2)C)(C[C@@H]([C@@H]3[C@@]4(C(=CC5=C(C4)C=N[N]5C6=CC=CC=C6)C(=C7)C)C)O)C,,3,,,,,0.162109,0.4324,,,,,9,3,48,,,,4.8412,,,,176.5867,672.8,,,,,11.0,,,,,,,,7,6,,,156.02,,,1.0,,,,
5,bbb_permeability,classification,NB05_bbb_permeability,cortivazol,[C@H]26[C@H]1[C@@]([C@](C(COC(C)=O)=O)(O)[C@@H](C1)C)(C[C@@H]([C@@H]2[C@@]3(C(=CC4=C(C3)C=N[N]4C5=CC=CC=C5)C(=C6)C)C)O)C,,2,,,,,0.140625,0.5312,,,,,7,2,39,,,,4.3006,,,,146.6806,530.665,,,,,7.0,,,,,,,,6,4,,,101.65,,,1.0,,,,
5,bbb_permeability,classification,NB05_bbb_permeability,cotinine,C1=CC=NC=C1C2N(C(=O)CC2)C,,1,,,,,0.0625,0.4,,,,,2,0,13,,,,1.3749,,,,48.982,176.219,,,,,3.0,,,,,,,,2,1,,,33.2,,,1.0,,,,
5,bbb_permeability,classification,NB05_bbb_permeability,cotriptyline,C1=CC=CC2=C1C(C3=C(CC2)C=CC=C3)=CC(CN(C)C)=O,,2,,,,,0.060547,0.25,,,,,2,0,22,,,,3.3476,,,,90.932,291.394,,,,,2.0,,,,,,,,3,3,,,20.31,,,1.0,,,,
5,bbb_permeability,classification,NB05_bbb_permeability,crilvastatin,CC2(CC(OC(C1NC(=O)CC1)=O)CC(C2)C)C,,0,,,,,0.072266,0.8571,,,,,3,1,18,,,,2.023,,,,67.8407,253.342,,,,,4.0,,,,,,,,2,2,,,55.4,,,1.0,,,,
5,bbb_permeability,classification,NB05_bbb_permeability,crotetamide,C(C(N(C(\C=C\C)=O)CC)C(N(C)C)=O)C,,0,,,,,0.054688,0.6667,,,,,2,0,16,,,,1.2778,,,,64.974,226.32,,,,,4.0,,,,,,,,0,5,,,40.62,,,1.0,,,,
5,bbb_permeability,classification,NB05_bbb_permeability,cyclarbamate,C1=CC=CC=C1NC(OCC3(COC(NC2=CC=CC=C2)=O)CCCC3)=O,,2,,,,,0.056641,0.3333,,,,,4,2,27,,,,5.0442,,,,103.7264,368.433,,,,,6.0,,,,,,,,3,6,,,76.66,,,1.0,,,,
5,bbb_permeability,classification,NB05_bbb_permeability,cyclindole(ciclindole),C1=CC=CC2=C1C3=C([NH]2)CCC(C3)N(C)C,,2,,,,,0.0625,0.4286,,,,,1,1,16,,,,2.5868,,,,67.7987,214.312,,,,,2.0,,,,,,,,3,1,,,19.03,,,1.0,,,,
5,bbb_permeability,classification,NB05_bbb_permeability,cyclobarbital,C(C2(C1=CCCCC1)C(NC(=O)NC2=O)=O)C,,0,,,,,0.056641,0.5833,,,,,3,2,17,,,,1.2492,,,,60.9564,236.271,,,,,5.0,,,,,,,,2,2,,,75.27,,,1.0,,,,
5,bbb_permeability,classification,NB05_bbb_permeability,cyclobenzaprine,C1=CC=CC2=C1C(C3=C(C=C2)C=CC=C3)=CCCN(C)C,,2,,,,,0.052734,0.2,,,,,1,0,21,,,,4.5538,,,,92.062,275.395,,,,,1.0,,,,,,,,3,3,,,3.24,,,1.0,,,,
5,bbb_permeability,classification,NB05_bbb_permeability,cyclopregnol,[C@]23(C1(C(C1)CC2)[C@H](O)C[C@@H]4[C@@H]3CC[C@]5([C@H]4CC[C@@H]5C(=O)C)C)C,,0,,,,,0.076172,0.9524,,,,,2,1,23,,,,4.2051,,,,89.7208,316.485,,,,,2.0,,,,,,,,5,1,,,37.3,,,1.0,,,,
5,bbb_permeability,classification,NB05_bbb_permeability,cycotiamine,C1=NC(=NC(=C1CN(C(/C)=C2\CCOC(=O)S2)C=O)N)C,,1,,,,,0.097656,0.3846,,,,,7,1,21,,,,1.8306,,,,79.0444,308.363,,,,,8.0,,,,,,,,2,4,,,98.41,,,1.0,,,,
5,bbb_permeability,classification,NB05_bbb_permeability,cyheptamide,C1=CC=CC3=C1C(C2=C(C=CC=C2)CC3)C(N)=O,,2,,,,,0.046875,0.1875,,,,,1,1,18,,,,2.4024,,,,71.3294,237.302,,,,,2.0,,,,,,,,3,1,,,43.09,,,1.0,,,,
5,bbb_permeability,classification,NB05_bbb_permeability,cyprenorphine,[C@@]135C67[C@@H](N(CC1)CC2CC2)CC4=CC=C(O)C(=C34)O[C@@H]5C(OC)(C(C6)C(O)(C)C)C=C7,,1,,,,,0.115234,0.6923,,,,,5,2,31,,,,3.1636,,,,116.3246,423.553,,,,,5.0,,,,,,,,8,4,,,62.16,,,1.0,,,,
5,bbb_permeability,classification,NB05_bbb_permeability,cyprodenate,C(C1CCCCC1)CC(OCCN(C)C)=O,,0,,,,,0.060547,0.9231,,,,,3,0,16,,,,2.4517,,,,65.322,227.348,,,,,3.0,,,,,,,,1,6,,,29.54,,,1.0,,,,
5,bbb_permeability,classification,NB05_bbb_permeability,cyprolidol,C4=C(C(C2C(C1=CC=NC=C1)C2)(C3=CC=CC=C3)O)C=CC=C4,,3,,,,,0.056641,0.1905,,,,,2,1,23,,,,4.1212,,,,90.9678,301.389,,,,,2.0,,,,,,,,4,4,,,33.12,,,1.0,,,,
5,bbb_permeability,classification,NB05_bbb_permeability,cyproximide(ciproximide),C1=CC(=CC=C1C23C(C(=O)NC2=O)C3)Cl,,1,,,,,0.050781,0.2727,,,,,2,1,15,,,,1.2541,,,,54.3867,221.643,,,,,4.0,,,,,,,,3,1,,,46.17,,,1.0,,,,
5,bbb_permeability,classification,NB05_bbb_permeability,dacemazine,C1=CC=CC3=C1N(C2=C(C=CC=C2)S3)C(CN(C)C)=O,,2,,,,,0.054688,0.1875,,,,,3,0,20,,,,3.3775,,,,82.707,284.384,,,,,4.0,,,,,,,,3,2,,,23.55,,,1.0,,,,
5,bbb_permeability,classification,NB05_bbb_permeability,dazadrol,C1=CC(=CC=C1C(C2=NCCN2)(C3=NC=CC=C3)O)Cl,,2,,,,,0.072266,0.2,,,,,4,2,20,,,,1.9726,,,,78.9925,287.75,,,,,5.0,,,,,,,,3,3,,,57.51,,,1.0,,,,
5,bbb_permeability,classification,NB05_bbb_permeability,decimemide,C1=C(C(N)=O)C=C(C(=C1OC)OCCCCCCCCCC)OC,,1,,,,,0.060547,0.6316,,,,,4,1,24,,,,4.3222,,,,96.1689,337.46,,,,,5.0,,,,,,,,1,13,,,70.78,,,1.0,,,,
5,bbb_permeability,classification,NB05_bbb_permeability,delfaprazine,C1=C(C(=CC=C1C)CC2=CC=CC=C2)N3CCNCC3,,2,,,,,0.068359,0.3333,,,,,2,1,20,,,,2.9954,,,,85.5097,266.388,,,,,2.0,,,,,,,,3,3,,,15.27,,,1.0,,,,
5,bbb_permeability,classification,NB05_bbb_permeability,demoxepam,C3=C(C1=C2C(=NC(=O)CN1O)C=CC(=C2)Cl)C=CC=C3,,2,,,,,0.072266,0.0667,,,,,3,1,20,,,,1.3475,,,,74.6845,286.718,,,,,5.0,,,,,,,,3,1,,,52.9,,,1.0,,,,
5,bbb_permeability,classification,NB05_bbb_permeability,denbufylline,C1=NC2=C([N]1CC(C)=O)C(N(CCCC)C(N2CCCC)=O)=O,,2,,,,,0.068359,0.625,,,,,7,0,23,,,,1.5489,,,,88.75,320.393,,,,,7.0,,,,,,,,2,8,,,78.89,,,1.0,,,,
5,bbb_permeability,classification,NB05_bbb_permeability,deprodone,CC(=O)C3(O)CCC4C2CCC1=CC(=O)C=CC1(C)C2C(O)CC34C,,0,,,,,0.085938,0.7143,,,,,4,2,25,,,,2.5852,,,,93.6366,344.451,,,,,4.0,,,,,,,,4,1,,,74.6,,,1.0,,,,
5,bbb_permeability,classification,NB05_bbb_permeability,desciclovir,C1=NC(=NC2=C1N=C[N]2COCCO)N,,2,,,,,0.068359,0.375,,,,,7,2,15,,,,-0.6251,,,,52.7732,209.209,,,,,7.0,,,,,,,,2,4,,,99.08,,,1.0,,,,
5,bbb_permeability,classification,NB05_bbb_permeability,descinolone(descinolone-acetonide),[C@H]34[C@H]2[C@@](F)([C@@]1(C(=CC(=O)C=C1)CC2)C)[C@@H](O)C[C@@]3([C@](O)([C@H](O)C4)C(=O)C)C,,0,,,,,0.09375,0.7143,,,,,5,3,27,,,,1.6481,,,,95.3754,378.44,,,,,6.0,,,,,,,,4,1,,,94.83,,,1.0,,,,
5,bbb_permeability,classification,NB05_bbb_permeability,desonide,[C@]12(OC(O[C@@H]1C[C@@H]3C2(CC(O)[C@H]4C3CCC5=CC(=O)C=CC45C)C)(C)C)C(=O)CO,,0,,,,,0.107422,0.75,,,,,6,2,30,,,,2.3267,,,,108.2496,416.514,,,,,6.0,,,,,,,,5,2,,,93.06,,,1.0,,,,
5,bbb_permeability,classification,NB05_bbb_permeability,desoximetasone,[C@H]23[C@@]([C@@]1(C(=CC(=O)C=C1)CC2)C)([C@H](C[C@]4([C@H]3C[C@@H](C)[C@@H]4C(CO)=O)C)O)F,,0,,,,,0.103516,0.7273,,,,,4,2,27,,,,2.7808,,,,98.4846,376.468,,,,,5.0,,,,,,,,4,2,,,74.6,,,1.0,,,,
5,bbb_permeability,classification,NB05_bbb_permeability,detomidine,C2=C(CC1=CN=C[NH]1)C(=C(C=C2)C)C,,2,,,,,0.054688,0.25,,,,,1,1,14,,,,2.6173,,,,57.3097,186.258,,,,,2.0,,,,,,,,2,2,,,28.68,,,1.0,,,,
5,bbb_permeability,classification,NB05_bbb_permeability,dexamethasone-acefurate,[C@]4([C@@]3([C@H]([C@H]2[C@]([C@@]1(C(=CC(=O)C=C1)CC2)C)(F)[C@H](C3)O)C[C@H]4C)C)(OC(C5=CC=CO5)=O)C(COC(C)=O)=O,,1,,,,,0.138672,0.5862,,,,,8,1,38,,,,3.9242,,,,131.3963,528.573,,,,,9.0,,,,,,,,5,5,,,120.11,,,1.0,,,,
5,bbb_permeability,classification,NB05_bbb_permeability,dexamisole,[C@@H]3(C1=CC=CC=C1)CN2CCSC2=N3,,1,,,,,0.056641,0.3636,,,,,3,0,14,,,,2.1461,,,,60.649,204.298,,,,,3.0,,,,,,,,3,1,,,15.6,,,1.0,,,,
5,bbb_permeability,classification,NB05_bbb_permeability,deximafen(imafen),C3=C(C1N2C(=NC1)NCC2)C=CC=C3,,1,,,,,0.058594,0.3636,,,,,3,1,14,,,,1.0025,,,,56.1937,187.246,,,,,3.0,,,,,,,,3,1,,,27.63,,,1.0,,,,
5,bbb_permeability,classification,NB05_bbb_permeability,dexoxadrol(dioxadrolandlevoxadrol),[C@@H]1(NCCCC1)[C@@H]2OC(OC2)(C3=CC=CC=C3)C4=CC=CC=C4,,2,,,,,0.066406,0.4,,,,,3,1,23,,,,3.4452,,,,90.1307,309.409,,,,,3.0,,,,,,,,4,3,,,30.49,,,1.0,,,,
5,bbb_permeability,classification,NB05_bbb_permeability,dichlorisone,[C@@]23(Cl)C(C1C([C@](O)(CC1)C(=O)CO)(CC2Cl)C)CCC4=CC(=O)C=CC34C,,0,,,,,0.097656,0.7143,,,,,4,2,27,,,,3.1655,,,,103.7766,413.341,,,,,6.0,,,,,,,,4,2,,,74.6,,,1.0,,,,
5,bbb_permeability,classification,NB05_bbb_permeability,dichlorisone-acetate,[C@@]23(Cl)C(C1C([C@](O)(CC1)C(=O)COC(=O)C)(CC2Cl)C)CCC4=CC(=O)C=CC34C,,0,,,,,0.105469,0.6957,,,,,5,1,30,,,,3.7363,,,,113.3238,455.378,,,,,7.0,,,,,,,,4,3,,,80.67,,,1.0,,,,
5,bbb_permeability,classification,NB05_bbb_permeability,diclometide,C1=C(Cl)C=C(C(=C1C(NCCN(CC)CC)=O)OC)Cl,,1,,,,,0.076172,0.5,,,,,3,1,20,,,,3.0736,,,,83.1352,319.232,,,,,6.0,,,,,,,,1,7,,,41.57,,,1.0,,,,
5,bbb_permeability,classification,NB05_bbb_permeability,didrovaltrate,[C@]23([C@@H]1[C@@H](C(=CO[C@H]1OC(=O)CC(C)C)COC(=O)CC(C)C)C[C@@H]2OC(=O)C)OC3,,0,,,,,0.095703,0.7727,,,,,8,0,30,,,,2.742,,,,104.751,424.49,,,,,8.0,,,,,,,,3,8,,,100.66,,,1.0,,,,
5,bbb_permeability,classification,NB05_bbb_permeability,difebarbamate,C2=C(C1(C(N(C(=O)N(C1=O)CC(COCCCC)OC(N)=O)CC(COCCCC)OC(N)=O)=O)CC)C=CC=C2,,1,,,,,0.089844,0.6071,,,,,9,2,41,,,,2.6864,,,,147.5998,578.663,,,,,13.0,,,,,,,,2,18,,,180.79,,,1.0,,,,
5,bbb_permeability,classification,NB05_bbb_permeability,difluanine(difluanazine),C4=C(C(C1=CC=C(C=C1)F)CCCN3CCN(CCNC2=CC=CC=C2)CC3)C=CC(=C4)F,,3,,,,,0.068359,0.3571,,,,,3,1,33,,,,5.6066,,,,131.6887,449.589,,,,,5.0,,,,,,,,4,10,,,18.51,,,1.0,,,,
5,bbb_permeability,classification,NB05_bbb_permeability,diflucortolone,[C@@]24(F)C1(C(=CC(=O)C=C1)[C@@H](F)CC2C3C(C([C@@H](C3)C)C(=O)CO)(CC4O)C)C,,0,,,,,0.101562,0.7273,,,,,4,2,28,,,,2.7288,,,,98.7636,394.458,,,,,6.0,,,,,,,,4,2,,,74.6,,,1.0,,,,
5,bbb_permeability,classification,NB05_bbb_permeability,diflucortolone-pivalate,[C@H]23[C@@]([C@@]1(C(=CC(=O)C=C1)[C@H](C2)F)C)([C@H](C[C@]4([C@H]3C[C@@H](C)[C@@H]4C(COC(C(C)(C)C)=O)=O)C)O)F,,0,,,,,0.111328,0.7407,,,,,5,1,34,,,,4.3258,,,,122.0918,478.576,,,,,7.0,,,,,,,,4,3,,,80.67,,,1.0,,,,
5,bbb_permeability,classification,NB05_bbb_permeability,dimelazine,C1=CC=CC3=C1N(C2=C(C=CC=C2)S3)CC4(CN(C)CC4)C,,2,,,,,0.064453,0.3684,,,,,3,0,22,,,,4.6311,,,,94.234,310.466,,,,,3.0,,,,,,,,4,2,,,6.48,,,1.0,,,,
5,bbb_permeability,classification,NB05_bbb_permeability,dimethadione,CC1(C(NC(O1)=O)=O)C,,0,,,,,0.033203,0.6,,,,,3,1,9,,,,0.0314,,,,28.7027,129.115,,,,,4.0,,,,,,,,1,0,,,55.4,,,1.0,,,,
5,bbb_permeability,classification,NB05_bbb_permeability,dimethazan,C1=NC2=C([N]1CCN(C)C)C(N(C)C(N2C)=O)=O,,2,,,,,0.058594,0.5455,,,,,7,0,18,,,,-1.0047,,,,68.769,251.29,,,,,7.0,,,,,,,,2,3,,,65.06,,,1.0,,,,
5,bbb_permeability,classification,NB05_bbb_permeability,dimethylamphetamine(dimethamphetamine),CN(C(C)CC1=CC=CC=C1)C,,1,,,,,0.041016,0.4545,,,,,1,0,12,,,,2.1792,,,,53.295,163.264,,,,,1.0,,,,,,,,1,3,,,3.24,,,1.0,,,,
5,bbb_permeability,classification,NB05_bbb_permeability,dimiracetam,O=C2N1C(NC(=O)C1)CC2,,0,,,,,0.041016,0.6667,,,,,2,1,10,,,,-0.9353,,,,32.8777,140.142,,,,,4.0,,,,,,,,2,0,,,49.41,,,1.0,,,,
5,bbb_permeability,classification,NB05_bbb_permeability,dioxamate,C(C1(OC(COC(N)=O)CO1)C)CCCCCCCC,,0,,,,,0.068359,0.9333,,,,,4,1,20,,,,3.354,,,,77.3754,287.4,,,,,5.0,,,,,,,,1,10,,,70.78,,,1.0,,,,
5,bbb_permeability,classification,NB05_bbb_permeability,diphoxazide,C2=C(C(C1=CC=CC=C1)(CC(NNC(C)=O)=O)O)C=CC=C2,,2,,,,,0.056641,0.1765,,,,,3,3,22,,,,1.4799,,,,82.4592,298.342,,,,,5.0,,,,,,,,2,4,,,78.43,,,1.0,,,,
5,bbb_permeability,classification,NB05_bbb_permeability,diprenorphine,[C@]235[C@@]67[C@H](N(CC1CC1)CC2)CC4=C3C(=C(C=C4)O)O[C@H]5[C@](OC)([C@H](C6)C(C)(C)O)CC7,,1,,,,,0.117188,0.7692,,,,,5,2,31,,,,3.3876,,,,116.4186,425.569,,,,,5.0,,,,,,,,8,4,,,62.16,,,1.0,,,,
5,bbb_permeability,classification,NB05_bbb_permeability,divaplon,C1=C(N=C2[N]1C(=C(CC)C(=N2)OC)C)C(C3=CC=CC=C3)=O,,3,,,,,0.083984,0.2353,,,,,5,0,22,,,,2.8397,,,,83.5285,295.342,,,,,5.0,,,,,,,,3,4,,,56.49,,,1.0,,,,
5,bbb_permeability,classification,NB05_bbb_permeability,dizocilpine(MK-801),C1=CC=CC2=C1C3(C4=C(CC2N3)C=CC=C4)C,,2,,,,,0.056641,0.25,,,,,1,1,17,,,,3.1505,,,,68.9187,221.303,,,,,1.0,,,,,,,,4,0,,,12.03,,,1.0,,,,
5,bbb_permeability,classification,NB05_bbb_permeability,domoprednate,[C@]4([C@@]3([C@H]([C@H]2[C@@H]([C@@]1(C(=CC(=O)C=C1)CC2)C)[C@H](C3)O)CCC4)C)(OC(CCC)=O)C(C)=O,,0,,,,,0.109375,0.7308,,,,,5,1,31,,,,4.3263,,,,117.0348,428.569,,,,,5.0,,,,,,,,4,4,,,80.67,,,1.0,,,,
5,bbb_permeability,classification,NB05_bbb_permeability,donepezil,[H+].C1=C(OC)C(=CC2=C1C(=O)C(C2)CC3CCN(CC3)CC4=CC=CC=C4)OC.[Cl-],,2,,,,,0.095703,0.4583,,,,,4,0,29,,,,1.4776,,,,111.2425,415.961,,,,,5.0,,,,,,,,4,6,,,38.77,,,1.0,,,,
5,bbb_permeability,classification,NB05_bbb_permeability,dopamantine,C4=C(CCNC(C12CC3CC(C1)CC(C2)C3)=O)C=CC(=C4O)O,,1,,,,,0.070312,0.6316,,,,,3,3,23,,,,2.9729,,,,87.0903,315.413,,,,,4.0,,,,,,,,5,4,,,69.56,,,1.0,,,,
5,bbb_permeability,classification,NB05_bbb_permeability,doxapram,C1=CC=CC=C1C2(C(CN(C2=O)CC)CCN3CCOCC3)C4=CC=CC=C4,,2,,,,,0.082031,0.4583,,,,,3,0,28,,,,3.1733,,,,111.284,378.516,,,,,4.0,,,,,,,,4,6,,,32.78,,,1.0,,,,
5,bbb_permeability,classification,NB05_bbb_permeability,drotebanol,[C@@]123C4=C(C[C@H]([C@@]1(CC[C@H](C2)O)O)N(CC3)C)C=CC(=C4OC)OC,,1,,,,,0.09375,0.6842,,,,,5,2,24,,,,1.4777,,,,90.7706,333.428,,,,,5.0,,,,,,,,4,2,,,62.16,,,1.0,,,,
5,bbb_permeability,classification,NB05_bbb_permeability,duloxetine,C1=CC=C3C(=C1OC(C2=CC=CS2)CCNC)C=CC=C3,,3,,,,,0.072266,0.2222,,,,,3,1,21,,,,4.6309,,,,90.1797,297.423,,,,,3.0,,,,,,,,3,6,,,21.26,,,1.0,,,,
5,bbb_permeability,classification,NB05_bbb_permeability,duoperone,C1=C(C(F)(F)F)C=CC3=C1N(C2=C(C=CC=C2)S3)CCCN5CCC(C(C4=CC=C(F)C=C4)=O)CC5,,3,,,,,0.109375,0.3214,,,,,4,0,36,,,,7.4322,,,,133.5265,514.588,,,,,8.0,,,,,,,,5,6,,,23.55,,,1.0,,,,
5,bbb_permeability,classification,NB05_bbb_permeability,dupracetam,C(N1C(CCC1)=O)C(NNC(CN2C(CCC2)=O)=O)=O,,0,,,,,0.048828,0.6667,,,,,4,2,20,,,,-1.6214,,,,67.9134,282.3,,,,,8.0,,,,,,,,2,4,,,98.82,,,1.0,,,,
5,bbb_permeability,classification,NB05_bbb_permeability,eclanamine,[C@H]2(N(C1=CC=C(C(=C1)Cl)Cl)C(CC)=O)[C@@H](CCC2)N(C)C,,1,,,,,0.074219,0.5625,,,,,2,0,21,,,,4.2191,,,,89.353,329.271,,,,,5.0,,,,,,,,2,4,,,23.55,,,1.0,,,,
5,bbb_permeability,classification,NB05_bbb_permeability,edaravone,C2=C(N1N=C(C)CC1=O)C=CC=C2,,1,,,,,0.050781,0.2,,,,,2,0,13,,,,1.7992,,,,51.654,174.203,,,,,3.0,,,,,,,,2,1,,,32.67,,,1.0,,,,
5,bbb_permeability,classification,NB05_bbb_permeability,efetozole,C1=CC=CC=C1C(C)[N]2C=CN=C2C,,2,,,,,0.052734,0.25,,,,,2,0,14,,,,2.8008,,,,57.219,186.258,,,,,2.0,,,,,,,,2,2,,,17.82,,,1.0,,,,
5,bbb_permeability,classification,NB05_bbb_permeability,elanzepine,C1=CC(=CC3=C1\C(C2=CC=CC=C2N3)=C/CN(CC)CC)Cl,,2,,,,,0.072266,0.2632,,,,,2,1,22,,,,5.1705,,,,96.0437,312.844,,,,,3.0,,,,,,,,3,4,,,15.27,,,1.0,,,,
5,bbb_permeability,classification,NB05_bbb_permeability,elfazepam,C1=C(Cl)C=CC2=C1C(=NCC(N2CC[S](CC)(=O)=O)=O)C3=CC=CC=C3F,,2,,,,,0.09375,0.2632,,,,,4,0,27,,,,3.0978,,,,105.0388,408.882,,,,,8.0,,,,,,,,3,5,,,66.81,,,1.0,,,,
5,bbb_permeability,classification,NB05_bbb_permeability,elopiprazole,C1=C(C2=C(C=C1)C=CO2)N5CCN(CC3=CC=C([NH]3)C4=CC=C(C=C4)F)CC5,,4,,,,,0.087891,0.2174,,,,,3,1,28,,,,4.8892,,,,109.8907,375.447,,,,,5.0,,,,,,,,5,4,,,35.41,,,1.0,,,,
5,bbb_permeability,classification,NB05_bbb_permeability,eltoprazine,C1=C(C2=C(C=C1)OCCO2)N3CCNCC3,,1,,,,,0.058594,0.5,,,,,4,1,16,,,,0.8674,,,,62.5147,220.272,,,,,4.0,,,,,,,,3,1,,,33.73,,,1.0,,,,
5,bbb_permeability,classification,NB05_bbb_permeability,embutramide,C1=C(C=CC=C1C(CNC(CCCO)=O)(CC)CC)OC,,1,,,,,0.080078,0.5882,,,,,3,2,21,,,,2.6417,,,,84.5835,293.407,,,,,4.0,,,,,,,,1,9,,,58.56,,,1.0,,,,
5,bbb_permeability,classification,NB05_bbb_permeability,enciprazine,C3=C(N2CCN(CC(COC1=CC(=C(OC)C(=C1)OC)OC)O)CC2)C(=CC=C3)OC,,2,,,,,0.083984,0.4783,,,,,8,1,31,,,,2.2829,,,,119.2468,432.517,,,,,8.0,,,,,,,,3,10,,,72.86,,,1.0,,,,
5,bbb_permeability,classification,NB05_bbb_permeability,encyprate,C1=CC=CC=C1CN(C2CC2)C(OCC)=O,,1,,,,,0.058594,0.4615,,,,,2,0,16,,,,2.8075,,,,62.029,219.284,,,,,3.0,,,,,,,,2,4,,,29.54,,,1.0,,,,
5,bbb_permeability,classification,NB05_bbb_permeability,endixaprine,C3=C(C2=CC=C(N1CCC(O)CC1)N=N2)C(=CC(=C3)Cl)Cl,,2,,,,,0.074219,0.3333,,,,,4,1,21,,,,3.4115,,,,84.9418,324.211,,,,,6.0,,,,,,,,3,2,,,49.25,,,1.0,,,,
5,bbb_permeability,classification,NB05_bbb_permeability,endomide,[C@@H]1([C@@H]([C@H]2C=C[C@@H]1C2)C(N(CC)CC)=O)C(N(CC)CC)=O,,0,,,,,0.046875,0.7647,,,,,2,0,21,,,,2.1615,,,,83.573,292.423,,,,,4.0,,,,,,,,2,6,,,40.62,,,1.0,,,,
5,bbb_permeability,classification,NB05_bbb_permeability,endrysone(endrisone),CC3CC2C1CCC(C(C)=O)C1(C)CC(O)C2C4(C)C=CC(=O)C=C34,,0,,,,,0.089844,0.7273,,,,,3,1,25,,,,3.7163,,,,96.7238,342.479,,,,,3.0,,,,,,,,4,1,,,54.37,,,1.0,,,,
5,bbb_permeability,classification,NB05_bbb_permeability,enilospirone,C3=C(OC2C1(NC(=O)C(O1)C)CCCC2)C=CC=C3Cl,,1,,,,,0.085938,0.5333,,,,,3,1,20,,,,2.8926,,,,75.7567,295.766,,,,,5.0,,,,,,,,3,2,,,47.56,,,1.0,,,,
5,bbb_permeability,classification,NB05_bbb_permeability,eptastigmine,[C@@]12(C3=C(N(C)[C@H]1N(C)CC2)C=CC(=C3)OC(NCCCCCCC)=O)C,,1,,,,,0.095703,0.6667,,,,,4,1,26,,,,4.1145,,,,106.0177,359.514,,,,,5.0,,,,,,,,3,7,,,44.81,,,1.0,,,,
5,bbb_permeability,classification,NB05_bbb_permeability,erizepine,C1=CC=CC3=C1C4=C(C2=C(C=CC=C2)N3C)CCN(CC4)C,,2,,,,,0.048828,0.3,,,,,2,0,22,,,,4.4043,,,,94.492,290.41,,,,,2.0,,,,,,,,4,0,,,6.48,,,1.0,,,,
5,bbb_permeability,classification,NB05_bbb_permeability,etacepride,C1=C(C(C)=O)C=CC(=C1C(NCC2N(CCC2)CC)=O)OC,,1,,,,,0.089844,0.5294,,,,,4,1,22,,,,2.1119,,,,85.6007,304.39,,,,,5.0,,,,,,,,2,6,,,58.64,,,1.0,,,,
5,bbb_permeability,classification,NB05_bbb_permeability,etamiphyllin,C1=NC2=C([N]1CCN(CC)CC)C(N(C)C(N2C)=O)=O,,2,,,,,0.0625,0.6154,,,,,7,0,20,,,,-0.2245,,,,78.003,279.344,,,,,7.0,,,,,,,,2,5,,,65.06,,,1.0,,,,
5,bbb_permeability,classification,NB05_bbb_permeability,etasuline,C1=C(Cl)C=CC3=C1C(C2=CC=CC=C2)SC(=N3)NCC,,2,,,,,0.074219,0.1875,,,,,3,1,20,,,,4.7732,,,,88.0997,302.83,,,,,4.0,,,,,,,,3,2,,,24.39,,,1.0,,,,
5,bbb_permeability,classification,NB05_bbb_permeability,etazepine,C1=CC=CC2=C1C(C3=C(N(C)C2=O)C=CC=C3)OCC,,2,,,,,0.064453,0.2353,,,,,2,0,20,,,,3.4025,,,,79.0865,267.328,,,,,3.0,,,,,,,,3,2,,,29.54,,,1.0,,,,
5,bbb_permeability,classification,NB05_bbb_permeability,ethomoxane,[H+].C2=C1OCC(OC1=C(C=C2)OCC)CNCCCC.[Cl-],,1,,,,,0.083984,0.6,,,,,4,1,20,,,,-0.2687,,,,76.4117,301.814,,,,,5.0,,,,,,,,2,7,,,39.72,,,1.0,,,,
5,bbb_permeability,classification,NB05_bbb_permeability,ethylene(ethene),C(C)Cl,,0,,,,,0.011719,1.0,,,,,0,0,3,,,,1.2451,,,,16.394,64.515,,,,,1.0,,,,,,,,0,0,,,0.0,,,1.0,,,,
5,bbb_permeability,classification,NB05_bbb_permeability,ethyl-loflazepate,C=C,,0,,,,,0.003906,0.0,,,,,0,0,2,,,,0.8022,,,,11.254,28.054,,,,,0.0,,,,,,,,0,0,,,0.0,,,1.0,,,,
5,bbb_permeability,classification,NB05_bbb_permeability,ethypicone,C(C1(C(C(=CNC1=O)C)=O)CC)C,,0,,,,,0.046875,0.6,,,,,2,1,13,,,,1.3955,,,,49.9217,181.235,,,,,3.0,,,,,,,,1,2,,,46.17,,,1.0,,,,
5,bbb_permeability,classification,NB05_bbb_permeability,eticyclidine,C2=C(C1(CCCCC1)NCC)C=CC=C2,,1,,,,,0.050781,0.5714,,,,,1,1,15,,,,3.4555,,,,64.8817,203.329,,,,,1.0,,,,,,,,2,3,,,12.03,,,1.0,,,,
5,bbb_permeability,classification,NB05_bbb_permeability,etifoxine,[H+].C2=C1C(OC(=NC1=CC=C2Cl)NCC)(C3=CC=CC=C3)C.[Cl-],,2,,,,,0.082031,0.2353,,,,,3,1,22,,,,1.3472,,,,87.3167,337.25,,,,,5.0,,,,,,,,3,2,,,33.62,,,1.0,,,,
5,bbb_permeability,classification,NB05_bbb_permeability,etiracetam(levetiracetam),C(C(N1C(CCC1)=O)C(N)=O)C,,0,,,,,0.054688,0.75,,,,,2,1,12,,,,-0.1273,,,,44.2204,170.212,,,,,4.0,,,,,,,,1,3,,,63.4,,,1.0,,,,
5,bbb_permeability,classification,NB05_bbb_permeability,etisulergine,[C@@H]34C1=CC=CC2=C1C(=C[NH]2)C[C@H]3N(C[C@H](C4)N[S](N(CC)CC)(=O)=O)C,,2,,,,,0.101562,0.5789,,,,,3,2,26,,,,2.0565,,,,104.5432,376.526,,,,,7.0,,,,,,,,4,5,,,68.44,,,1.0,,,,
5,bbb_permeability,classification,NB05_bbb_permeability,etodroxizine,C3=C(C(N1CCN(CC1)CCOCCOCCO)C2=CC=CC=C2)C=CC(=C3)Cl.O=C(O)\C=C\C(O)=O,,2,,,,,0.089844,0.4074,,,,,7,3,37,,,,2.7843,,,,140.8854,535.037,,,,,10.0,,,,,,,,3,13,,,119.77,,,1.0,,,,
5,bbb_permeability,classification,NB05_bbb_permeability,etoperidone,C1=C(C=CC=C1N3CCN(CCCN2C(N(C(=N2)CC)CC)=O)CC3)Cl,,2,,,,,0.091797,0.5789,,,,,6,0,26,,,,2.4928,,,,106.261,377.92,,,,,7.0,,,,,,,,3,7,,,46.3,,,1.0,,,,
5,bbb_permeability,classification,NB05_bbb_permeability,etorphine,C2=CC(=C3OC5C14C6(C(N(CC1)C)CC2=C34)CC(C5(OC)C=C6)C(O)(CCC)C)O,,1,,,,,0.117188,0.68,,,,,5,2,30,,,,3.1636,,,,113.8916,411.542,,,,,5.0,,,,,,,,7,4,,,62.16,,,1.0,,,,
5,bbb_permeability,classification,NB05_bbb_permeability,etoxadrol,C3=C(C2(OC(C1CCCCN1)CO2)CC)C=CC=C3,,1,,,,,0.076172,0.625,,,,,3,1,19,,,,2.8069,,,,74.8777,261.365,,,,,3.0,,,,,,,,3,3,,,30.49,,,1.0,,,,
5,bbb_permeability,classification,NB05_bbb_permeability,famciclovir,C1=NC2=C([N]1CCC(COC(C)=O)COC(C)=O)N=C(N)N=C2,,2,,,,,0.082031,0.5,,,,,9,1,23,,,,0.541,,,,81.1084,321.337,,,,,9.0,,,,,,,,2,7,,,122.22,,,1.0,,,,
5,bbb_permeability,classification,NB05_bbb_permeability,fantridone,C1=CC=CC2=C1C3=C(C(=O)N2CCCN(C)C)C=CC=C3,,3,,,,,0.060547,0.2778,,,,,3,0,21,,,,3.1064,,,,88.885,280.371,,,,,3.0,,,,,,,,3,4,,,25.24,,,1.0,,,,
5,bbb_permeability,classification,NB05_bbb_permeability,fasiplon,C1=C(N=C2[N]1C(=C(CC)C(=N2)OC)C)C3=NOC(=N3)C,,3,,,,,0.080078,0.3846,,,,,7,0,20,,,,1.9671,,,,71.683,273.296,,,,,7.0,,,,,,,,3,3,,,78.34,,,1.0,,,,
5,bbb_permeability,classification,NB05_bbb_permeability,fasoracetam,[C@H]1(NC(=O)CC1)C(=O)N2CCCCC2,,0,,,,,0.052734,0.8,,,,,2,1,14,,,,0.2775,,,,51.5957,196.25,,,,,4.0,,,,,,,,2,1,,,49.41,,,1.0,,,,
5,bbb_permeability,classification,NB05_bbb_permeability,febarbamate,C2=C(C1(C(N(CC(COCCCC)OC(N)=O)C(=O)NC1=O)=O)CC)C=CC=C2,,1,,,,,0.099609,0.5,,,,,6,2,29,,,,1.6934,,,,103.8461,405.451,,,,,9.0,,,,,,,,2,10,,,128.03,,,1.0,,,,
5,bbb_permeability,classification,NB05_bbb_permeability,felbamate,C1=C(C(COC(N)=O)COC(N)=O)C=CC=C1,,1,,,,,0.046875,0.2727,,,,,4,2,17,,,,0.9608,,,,60.2538,238.243,,,,,6.0,,,,,,,,1,5,,,104.64,,,1.0,,,,
5,bbb_permeability,classification,NB05_bbb_permeability,femoxetine,C3=C(C2C(COC1=CC=C(OC)C=C1)CN(C)CC2)C=CC=C3,,2,,,,,0.076172,0.4,,,,,3,0,23,,,,3.8095,,,,93.276,311.425,,,,,3.0,,,,,,,,3,5,,,21.7,,,1.0,,,,
5,bbb_permeability,classification,NB05_bbb_permeability,fenaperone,C1=CC(=CC=C1C(CCCN3CCN(C(OC2CCCCC2)=O)CC3)=O)F,,1,,,,,0.085938,0.619,,,,,4,0,27,,,,3.8755,,,,101.3315,376.472,,,,,6.0,,,,,,,,3,6,,,49.85,,,1.0,,,,
5,bbb_permeability,classification,NB05_bbb_permeability,fenbutrazate,C3=C(C1C(N(CCO1)CCOC(C(C2=CC=CC=C2)CC)=O)C)C=CC=C3,,2,,,,,0.089844,0.4348,,,,,4,0,27,,,,4.1854,,,,106.603,367.489,,,,,4.0,,,,,,,,3,7,,,38.77,,,1.0,,,,
5,bbb_permeability,classification,NB05_bbb_permeability,fencamfamin,C3=C(C1C(NCC)C2CC1CC2)C=CC=C3,,1,,,,,0.056641,0.6,,,,,1,1,16,,,,3.1782,,,,67.4787,215.34,,,,,1.0,,,,,,,,3,3,,,12.03,,,1.0,,,,
5,bbb_permeability,classification,NB05_bbb_permeability,fengabine,C2=C(\C(NCCCC)=C\1C=C(Cl)C=CC1=O)C(=CC=C2)Cl,,1,,,,,0.078125,0.2353,,,,,2,1,21,,,,4.7024,,,,89.3657,322.235,,,,,4.0,,,,,,,,2,5,,,29.1,,,1.0,,,,
5,bbb_permeability,classification,NB05_bbb_permeability,fenharmane,C4=C3[NH]C1=C(CCNC1CC2=CC=CC=C2)C3=CC=C4,,3,,,,,0.066406,0.2222,,,,,1,2,20,,,,3.5974,,,,82.8924,262.356,,,,,2.0,,,,,,,,4,2,,,27.82,,,1.0,,,,
5,bbb_permeability,classification,NB05_bbb_permeability,fenimide,C2=C(C1(C(C(=O)NC1=O)CC)C)C=CC=C2,,1,,,,,0.056641,0.3846,,,,,2,1,16,,,,1.6269,,,,60.7247,217.268,,,,,3.0,,,,,,,,2,2,,,46.17,,,1.0,,,,
5,bbb_permeability,classification,NB05_bbb_permeability,fenmetozole,C1=C(C(=CC=C1OCC2=NCCN2)Cl)Cl,,1,,,,,0.060547,0.3,,,,,3,1,15,,,,2.3739,,,,62.2617,245.109,,,,,5.0,,,,,,,,2,3,,,33.62,,,1.0,,,,
5,bbb_permeability,classification,NB05_bbb_permeability,fenmetramide,C1=CC=CC=C1C2C(NC(=O)CO2)C,,1,,,,,0.050781,0.3636,,,,,2,1,14,,,,1.2626,,,,52.7397,191.23,,,,,3.0,,,,,,,,2,1,,,38.33,,,1.0,,,,
5,bbb_permeability,classification,NB05_bbb_permeability,fenobam,C1=C(C=CC=C1NC(NC2=NC(=O)CN2C)=O)Cl,,1,,,,,0.074219,0.1818,,,,,3,2,18,,,,1.2895,,,,68.6784,266.688,,,,,7.0,,,,,,,,2,1,,,73.8,,,1.0,,,,
5,bbb_permeability,classification,NB05_bbb_permeability,fenozolone,C1=CC=CC=C1C2C(N=C(O2)NCC)=O,,1,,,,,0.060547,0.2727,,,,,3,1,15,,,,1.25,,,,56.3867,204.229,,,,,4.0,,,,,,,,2,2,,,50.69,,,1.0,,,,
5,bbb_permeability,classification,NB05_bbb_permeability,fenpentadiol,C1=CC(=CC=C1C(CC(C)(C)O)(C)O)Cl,,1,,,,,0.042969,0.5,,,,,2,2,15,,,,2.7085,,,,61.9376,228.719,,,,,3.0,,,,,,,,1,3,,,40.46,,,1.0,,,,
5,bbb_permeability,classification,NB05_bbb_permeability,fepitrizol,C3=C(C1=NC(=N[N]1C)C2=CC=CN=C2)C(=CC=C3)CO,,3,,,,,0.074219,0.1333,,,,,5,1,20,,,,2.0364,,,,75.5928,266.304,,,,,5.0,,,,,,,,3,3,,,63.83,,,1.0,,,,
5,bbb_permeability,classification,NB05_bbb_permeability,fipexide,C1=C4C(=CC(=C1)CN3CCN(C(COC2=CC=C(Cl)C=C2)=O)CC3)OCO4,,2,,,,,0.089844,0.35,,,,,5,0,27,,,,2.7919,,,,101.369,388.851,,,,,7.0,,,,,,,,4,5,,,51.24,,,1.0,,,,
5,bbb_permeability,classification,NB05_bbb_permeability,flerobuterol,C1=C(C(CNC(C)(C)C)O)C(=CC=C1)F,,1,,,,,0.052734,0.5,,,,,2,2,15,,,,2.2472,,,,59.1155,211.28,,,,,3.0,,,,,,,,1,3,,,32.26,,,1.0,,,,
5,bbb_permeability,classification,NB05_bbb_permeability,florfenicol,[C@@H](C1=CC=C(C=C1)[S](C)(=O)=O)([C@H](NC(C(Cl)Cl)=O)CF)O,,1,,,,,0.070312,0.4167,,,,,4,2,21,,,,1.3815,,,,77.9113,358.218,,,,,9.0,,,,,,,,1,6,,,83.47,,,1.0,,,,
5,bbb_permeability,classification,NB05_bbb_permeability,fluacizine,C1=C(C(F)(F)F)C=CC3=C1N(C2=C(C=CC=C2)S3)C(CCN(CC)CC)=O,,2,,,,,0.087891,0.35,,,,,3,0,27,,,,5.5666,,,,101.56,394.462,,,,,7.0,,,,,,,,3,5,,,23.55,,,1.0,,,,
5,bbb_permeability,classification,NB05_bbb_permeability,fluazacort,[C@@]34(F)C(C2C(C1(N=C(OC1C2)C)C(=O)COC(=O)C)(CC3O)C)CCC5=CC(=O)C=CC45C,,0,,,,,0.123047,0.68,,,,,7,1,33,,,,2.6553,,,,116.0908,459.514,,,,,8.0,,,,,,,,5,3,,,102.26,,,1.0,,,,
5,bbb_permeability,classification,NB05_bbb_permeability,flubanilate,CCOC(=O)N(CCN(C)C)c1cccc(c1)C(F)(F)F,,1,,,,,0.076172,0.5,,,,,3,0,21,,,,3.2299,,,,74.366,304.312,,,,,7.0,,,,,,,,1,5,,,32.78,,,1.0,,,,
5,bbb_permeability,classification,NB05_bbb_permeability,flubepride,C1=C(C(=CC=C1[S](N)(=O)=O)OC)C(NCC3N(CC2=CC=C(F)C=C2)CCC3)=O,,2,,,,,0.107422,0.35,,,,,5,2,29,,,,1.8761,,,,106.5324,421.494,,,,,9.0,,,,,,,,3,7,,,101.73,,,1.0,,,,
5,bbb_permeability,classification,NB05_bbb_permeability,flucloronide(fluclorolone-acetonide),[C@@]23(Cl)C1(C(=CC(=O)C=C1)[C@@H](F)CC2C5C(CC3Cl)([C@]4(C(=O)CO)OC(O[C@@H]4C5)(C)C)C)C,,0,,,,,0.111328,0.75,,,,,5,1,32,,,,3.8826,,,,117.2568,487.395,,,,,8.0,,,,,,,,5,2,,,72.83,,,1.0,,,,
5,bbb_permeability,classification,NB05_bbb_permeability,fludrocortisone,[C@H]23[C@@]([C@@]1(C(=CC(=O)CC1)CC2)C)([C@H](C[C@]4([C@H]3CC[C@@]4(C(CO)=O)O)C)O)F,,0,,,,,0.097656,0.8095,,,,,5,3,27,,,,1.8737,,,,95.4914,380.456,,,,,6.0,,,,,,,,4,2,,,94.83,,,1.0,,,,
5,bbb_permeability,classification,NB05_bbb_permeability,fludrocortisone-acetate,[C@H]23[C@@]([C@@]1(C(=CC(=O)CC1)CC2)C)([C@H](C[C@]4([C@H]3CC[C@@]4(C(COC(C)=O)=O)O)C)O)F,,0,,,,,0.107422,0.7826,,,,,6,2,30,,,,2.4445,,,,105.0386,422.493,,,,,7.0,,,,,,,,4,3,,,100.9,,,1.0,,,,
5,bbb_permeability,classification,NB05_bbb_permeability,flumezapine,C1=C(F)C=CC2=C1NC(=C3C(=N2)SC(=C3)C)N4CCN(CC4)C,,2,,,,,0.087891,0.3529,,,,,5,1,23,,,,1.8855,,,,91.9977,330.432,,,,,6.0,,,,,,,,4,1,,,30.87,,,1.0,,,,
5,bbb_permeability,classification,NB05_bbb_permeability,flumoxonide,[C@]12(OC(O[C@@H]1CC3C2(CC(O)[C@@]4(F)C3C[C@H](F)C5=CC(=O)C=CC45C)C)(C)C)C(=O)C(OC)OC,,0,,,,,0.115234,0.7692,,,,,7,1,35,,,,2.9934,,,,119.5978,496.547,,,,,9.0,,,,,,,,5,4,,,91.29,,,1.0,,,,
5,bbb_permeability,classification,NB05_bbb_permeability,fluocinonide,[C@@]45([C@@]3([C@H]([C@H]2[C@]([C@@]1(C(=CC(=O)C=C1)[C@H](C2)F)C)(F)[C@H](C3)O)C[C@H]4OC(O5)(C)C)C)C(COC(C)=O)=O,,0,,,,,0.123047,0.7308,,,,,7,1,35,,,,2.9376,,,,118.4248,494.531,,,,,9.0,,,,,,,,5,3,,,99.13,,,1.0,,,,
5,bbb_permeability,classification,NB05_bbb_permeability,fluocortin,CCCCOC(=O)C(=O)C3C(C)CC4C2CC(F)C1=CC(=O)C=CC1(C)C2C(O)CC34C,,0,,,,,0.115234,0.7308,,,,,5,1,32,,,,3.9877,,,,117.1958,446.559,,,,,6.0,,,,,,,,4,5,,,80.67,,,1.0,,,,
5,bbb_permeability,classification,NB05_bbb_permeability,fluocortolone-caproate,CCCCCC(=O)OCC(=O)C3C(C)CC4C2CC(F)C1=CC(=O)C=CC1(C)C2C(O)CC34C,,0,,,,,0.117188,0.75,,,,,5,1,34,,,,4.7679,,,,126.4298,474.613,,,,,6.0,,,,,,,,4,7,,,80.67,,,1.0,,,,
5,bbb_permeability,classification,NB05_bbb_permeability,fluoresone,C1=CC(=CC=C1[S](CC)(=O)=O)F,,1,,,,,0.039062,0.25,,,,,2,0,12,,,,1.6193,,,,44.1268,188.223,,,,,4.0,,,,,,,,1,2,,,34.14,,,1.0,,,,
5,bbb_permeability,classification,NB05_bbb_permeability,fluorometholone-acetate,[C@]23([C@H]([C@H]1[C@]([C@@](OC(C)=O)(C(C)=O)CC1)(C)C[C@@H]2O)C[C@H](C)C4=CC(=O)C=C[C@]34C)F,,0,,,,,0.103516,0.7083,,,,,5,1,30,,,,3.4941,,,,108.0798,418.505,,,,,6.0,,,,,,,,4,2,,,80.67,,,1.0,,,,
5,bbb_permeability,classification,NB05_bbb_permeability,fluotracen,[C@@H]1(C3=C([C@H](C2=C1C=CC=C2)C)C=CC(=C3)C(F)(F)F)CCCN(C)C,,2,,,,,0.074219,0.4286,,,,,1,0,25,,,,5.6443,,,,95.034,347.424,,,,,4.0,,,,,,,,3,4,,,3.24,,,1.0,,,,
5,bbb_permeability,classification,NB05_bbb_permeability,fluoxetine,C2=C(C(OC1=CC=C(C=C1)C(F)(F)F)CCNC)C=CC=C2,,2,,,,,0.068359,0.2941,,,,,2,1,22,,,,4.435,,,,79.7987,309.331,,,,,5.0,,,,,,,,2,6,,,21.26,,,1.0,,,,
5,bbb_permeability,classification,NB05_bbb_permeability,fluphenazine-enanthate,C1=C(C(F)(F)F)C=CC3=C1N(C2=C(C=CC=C2)S3)CCCN4CCN(CCOC(CCCCCC)=O)CC4,,2,,,,,0.113281,0.5517,,,,,6,0,38,,,,6.8294,,,,146.23,549.703,,,,,9.0,,,,,,,,4,12,,,36.02,,,1.0,,,,
5,bbb_permeability,classification,NB05_bbb_permeability,flupimazine,C1=CC=CC3=C1N(CCCN2CCC(OCCO)CC2)C4=C(S3)C=CC(=C4)C(F)(F)F,,2,,,,,0.105469,0.4783,,,,,5,1,31,,,,5.1715,,,,116.1318,452.542,,,,,8.0,,,,,,,,4,7,,,35.94,,,1.0,,,,
5,bbb_permeability,classification,NB05_bbb_permeability,fluprazine,C1=C(C=CC=C1N2CCN(CCNC(N)=O)CC2)C(F)(F)F,,1,,,,,0.078125,0.5,,,,,3,2,22,,,,1.4957,,,,77.6831,316.327,,,,,8.0,,,,,,,,2,4,,,61.6,,,1.0,,,,
5,bbb_permeability,classification,NB05_bbb_permeability,fluspirilene,C1=CC=CC=C1N2C5(C(NC2)=O)CCN(CCCC(C3=CC=C(C=C3)F)C4=CC=C(C=C4)F)CC5,,3,,,,,0.083984,0.3448,,,,,3,1,35,,,,5.3054,,,,134.2127,475.583,,,,,6.0,,,,,,,,5,7,,,35.58,,,1.0,,,,
5,bbb_permeability,classification,NB05_bbb_permeability,flutazolam,C1=C(Cl)C=CC2=C1C3(N(CC(=O)N2CCO)CCO3)C4=CC=CC=C4F,,2,,,,,0.099609,0.3158,,,,,4,1,26,,,,2.3513,,,,95.5958,376.815,,,,,7.0,,,,,,,,4,3,,,53.01,,,1.0,,,,
5,bbb_permeability,classification,NB05_bbb_permeability,flutemazepam,CN2C(=O)C(O)N=C(c1ccccc1F)c3cc(Cl)ccc23,,2,,,,,0.082031,0.125,,,,,3,1,22,,,,2.6113,,,,82.9078,318.735,,,,,6.0,,,,,,,,3,1,,,52.9,,,1.0,,,,
5,bbb_permeability,classification,NB05_bbb_permeability,fluticasone,CC4CC3C2CC(F)C1=CC(=O)C=CC1(C)C2(F)C(O)CC3(C)C4(O)C(=O)SCF,,0,,,,,0.111328,0.7273,,,,,5,2,30,,,,3.4691,,,,106.7036,444.515,,,,,8.0,,,,,,,,4,2,,,74.6,,,1.0,,,,
5,bbb_permeability,classification,NB05_bbb_permeability,fluticasone-propionate,[C@]4([C@@]3([C@H]([C@H]2[C@]([C@@]1(C(=CC(=O)C=C1)[C@H](C2)F)C)(F)[C@H](C3)O)C[C@H]4C)C)(OC(CC)=O)C(SCF)=O,,0,,,,,0.119141,0.72,,,,,6,1,34,,,,4.43,,,,120.8678,500.579,,,,,9.0,,,,,,,,4,4,,,80.67,,,1.0,,,,
5,bbb_permeability,classification,NB05_bbb_permeability,flutizenol,C1=C(C(F)(F)F)C=CC3=C1N(C2=C(SC=C2)S3)CCCN4CCN(CCO)CC4,,2,,,,,0.091797,0.5,,,,,6,1,29,,,,4.3696,,,,111.4748,443.56,,,,,9.0,,,,,,,,4,6,,,29.95,,,1.0,,,,
5,bbb_permeability,classification,NB05_bbb_permeability,flutomidate,C1=C(C(OCC)=O)[N](C=N1)C(C)C2=CC=C(C=C2)F,,2,,,,,0.074219,0.2857,,,,,4,0,19,,,,2.8082,,,,68.3965,262.284,,,,,5.0,,,,,,,,2,4,,,44.12,,,1.0,,,,
5,bbb_permeability,classification,NB05_bbb_permeability,flutroline,C1=CC(=CC2=C1[N](C4=C2CN(CCCC(C3=CC=C(C=C3)F)O)CC4)C5=CC=C(F)C=C5)F,,4,,,,,0.091797,0.2593,,,,,3,1,33,,,,5.9197,,,,122.7658,450.504,,,,,6.0,,,,,,,,5,6,,,28.4,,,1.0,,,,
5,bbb_permeability,classification,NB05_bbb_permeability,fluvastatin,[C@@H](O)(/C=C/C1=C(C2=C([N]1C(C)C)C=CC=C2)C3=CC=C(F)C=C3)C[C@H](O)CC(=O)O,,3,,,,,0.09375,0.2917,,,,,4,3,30,,,,4.6281,,,,115.6344,411.473,,,,,6.0,,,,,,,,3,8,,,82.69,,,1.0,,,,
5,bbb_permeability,classification,NB05_bbb_permeability,fluvoxamine,C1=C(C(F)(F)F)C=CC(=C1)C(=N/OCCN)/CCCCOC.O=C(O)\C=C/C(=O)O,,1,,,,,0.09375,0.4211,,,,,6,3,30,,,,2.9133,,,,103.126,434.411,,,,,11.0,,,,,,,,1,11,,,131.44,,,1.0,,,,
5,bbb_permeability,classification,NB05_bbb_permeability,fluzinamide,C2=C(OC1CN(C(NC)=O)C1)C=CC=C2C(F)(F)F,,1,,,,,0.078125,0.4167,,,,,2,1,19,,,,2.1078,,,,61.8887,274.242,,,,,7.0,,,,,,,,2,2,,,41.57,,,1.0,,,,
5,bbb_permeability,classification,NB05_bbb_permeability,folic-acid,[C@H](NC(C3=CC=C(NCC1=NC2=C(N=C1)NC(=NC2=O)N)C=C3)=O)(CCC(O)=O)C(O)=O,,3,,,,,0.109375,0.2105,,,,,9,6,32,,,,-0.0448,,,,111.8946,441.404,,,,,13.0,,,,,,,,3,9,,,213.28,,,1.0,,,,
5,bbb_permeability,classification,NB05_bbb_permeability,formocortal,[C@]12(OC(O[C@@H]1CC3C2(CC(O)[C@@]4(F)C3CC(=C5C4(CCC(=C5)OCCCl)C)C=O)C)(C)C)C(=O)COC(=O)C,,0,,,,,0.136719,0.7586,,,,,8,1,39,,,,3.9628,,,,138.3778,569.066,,,,,10.0,,,,,,,,5,7,,,108.36,,,1.0,,,,
5,bbb_permeability,classification,NB05_bbb_permeability,fosazepam,C1=CC(=CC2=C1N(C(CN=C2C3=CC=CC=C3)=O)C[P](C)(C)=O)Cl,,2,,,,,0.085938,0.2222,,,,,3,0,24,,,,4.1042,,,,100.2075,360.781,,,,,6.0,,,,,,,,3,3,,,49.74,,,1.0,,,,
5,bbb_permeability,classification,NB05_bbb_permeability,fosenazide,C1=CC=CC=C1[P](C2=CC=CC=C2)(CC(NN)=O)=O,,2,,,,,0.050781,0.0714,,,,,3,2,19,,,,0.9904,,,,76.9556,274.26,,,,,5.0,,,,,,,,2,4,,,72.19,,,1.0,,,,
5,bbb_permeability,classification,NB05_bbb_permeability,fosfomycin,[C@@H]1([P](O)(O)=O)[C@H](C)O1,,0,,,,,0.03125,1.0,,,,,2,2,8,,,,-0.0911,,,,26.3791,138.059,,,,,5.0,,,,,,,,1,1,,,70.06,,,1.0,,,,
5,bbb_permeability,classification,NB05_bbb_permeability,fosphenytoin,C1=CC=CC=C1C3(C2=CC=CC=C2)C(N(CO[P](O)(O)=O)C(N3)=O)=O,,2,,,,,0.066406,0.125,,,,,4,3,25,,,,1.5488,,,,87.0378,362.278,,,,,9.0,,,,,,,,3,5,,,116.17,,,1.0,,,,
5,bbb_permeability,classification,NB05_bbb_permeability,ftormetazine,C1=C(C(F)(F)F)C=CC3=C1N(C2=C(C=CC=C2)S3)C(CCN4CCN(C)CC4)=O,,2,,,,,0.091797,0.381,,,,,4,0,29,,,,4.4722,,,,107.709,421.488,,,,,8.0,,,,,,,,4,3,,,26.79,,,1.0,,,,
5,bbb_permeability,classification,NB05_bbb_permeability,ftorpropazine,C1=C(C(F)(F)F)C=CC3=C1N(C2=C(C=CC=C2)S3)C(CCN4CCN(CCO)CC4)=O,,2,,,,,0.091797,0.4091,,,,,5,1,31,,,,3.8347,,,,113.7378,451.514,,,,,9.0,,,,,,,,4,5,,,47.02,,,1.0,,,,
5,bbb_permeability,classification,NB05_bbb_permeability,furomazine,C1=C(Cl)C=CC3=C1N(C2=C(C=CC=C2)S3)CCCN5CCC(C4C(OCC4)=O)(O)CC5,,2,,,,,0.105469,0.4583,,,,,6,1,31,,,,4.7228,,,,123.3298,459.011,,,,,7.0,,,,,,,,5,5,,,53.01,,,1.0,,,,
5,bbb_permeability,classification,NB05_bbb_permeability,fursultiamine,C1=NC(=NC(=C1CN(C(=C(SSCC2CCCO2)\CCO)/C)C=O)N)C,,1,,,,,0.113281,0.5882,,,,,8,2,26,,,,2.4999,,,,106.2142,398.554,,,,,9.0,,,,,,,,2,10,,,101.57,,,1.0,,,,
5,bbb_permeability,classification,NB05_bbb_permeability,gaboxadol,O=C2C1=C(CNCC1)ON2,,1,,,,,0.042969,0.5,,,,,3,2,10,,,,-0.3864,,,,34.7394,140.142,,,,,4.0,,,,,,,,2,0,,,58.03,,,1.0,,,,
5,bbb_permeability,classification,NB05_bbb_permeability,ganaxolone,[C@H]13[C@@H]([C@@]2([C@@H](CC1)C[C@](O)(CC2)C)C)CC[C@]4([C@H]3CC[C@@H]4C(=O)C)C,,0,,,,,0.070312,0.9545,,,,,2,1,24,,,,4.9853,,,,96.5218,332.528,,,,,2.0,,,,,,,,4,1,,,37.3,,,1.0,,,,
5,bbb_permeability,classification,NB05_bbb_permeability,gedocarnil,C1=NC(=C(C2=C1[NH]C3=C2C(=CC=C3)OC4=CC=C(C=C4)Cl)COC)C(OC(C)C)=O,,4,,,,,0.107422,0.2174,,,,,5,1,30,,,,5.8734,,,,116.3902,424.884,,,,,7.0,,,,,,,,4,6,,,73.44,,,1.0,,,,
5,bbb_permeability,classification,NB05_bbb_permeability,gemazocine,C1=C(O)C=CC4=C1C3(C(C(N(CC2CC2)CC3)C4)(C)C)CC,,1,,,,,0.082031,0.7,,,,,2,1,22,,,,4.1066,,,,90.2628,299.458,,,,,2.0,,,,,,,,4,3,,,23.47,,,1.0,,,,
5,bbb_permeability,classification,NB05_bbb_permeability,gepirone,[H+].C1=CC=NC(=N1)N2CCN(CC2)CCCCN3C(=O)CC(CC3=O)(C)C.[Cl-],,1,,,,,0.074219,0.6842,,,,,6,0,27,,,,-1.3295,,,,100.766,395.935,,,,,8.0,,,,,,,,3,6,,,69.64,,,1.0,,,,
5,bbb_permeability,classification,NB05_bbb_permeability,gevotroline,C1=C(F)C=CC2=C1C3=C([NH]2)CCN(C3)CCCC4=CN=CC=C4,,3,,,,,0.099609,0.3158,,,,,2,1,23,,,,3.6929,,,,89.7957,309.388,,,,,4.0,,,,,,,,4,4,,,31.92,,,1.0,,,,
5,bbb_permeability,classification,NB05_bbb_permeability,girisopam,C1=C(OC)C(=CC2=C1C(=NN=C(C2)C)C3=CC=CC(=C3)Cl)OC,,2,,,,,0.076172,0.2222,,,,,4,0,23,,,,4.1266,,,,93.45,328.799,,,,,5.0,,,,,,,,3,3,,,43.18,,,1.0,,,,
5,bbb_permeability,classification,NB05_bbb_permeability,halcinonide,[C@@]45([C@@]3([C@H]([C@H]2[C@]([C@@]1(C(=CC(=O)CC1)CC2)C)(F)[C@H](C3)O)C[C@H]4OC(O5)(C)C)C)C(CCl)=O,,0,,,,,0.113281,0.8333,,,,,5,1,31,,,,3.8893,,,,112.3268,454.966,,,,,7.0,,,,,,,,5,2,,,72.83,,,1.0,,,,
5,bbb_permeability,classification,NB05_bbb_permeability,halocortolone,[C@H]23C(Cl)([C@@]1(C(=CC(=O)C=C1)[C@@H](F)C2)C)[C@@H](F)C[C@]4([C@H]3C[C@H]([C@@H]4C(=O)CO)C)C,,0,,,,,0.103516,0.7273,,,,,3,1,28,,,,3.9753,,,,102.3978,412.904,,,,,6.0,,,,,,,,4,2,,,54.37,,,1.0,,,,
5,bbb_permeability,classification,NB05_bbb_permeability,halopemide,C1=CC(=CC4=C1N(C3CCN(CCNC(C2=CC=C(F)C=C2)=O)CC3)C(N4)=O)Cl,,3,,,,,0.105469,0.3333,,,,,4,2,29,,,,3.189,,,,111.0129,416.884,,,,,8.0,,,,,,,,4,5,,,70.13,,,1.0,,,,
5,bbb_permeability,classification,NB05_bbb_permeability,haloperidol-decanoate,C1=CC(=CC=C1C3(CCN(CCCC(C2=CC=C(C=C2)F)=O)CC3)OC(CCCCCCCCC)=O)Cl,,2,,,,,0.103516,0.5484,,,,,4,0,37,,,,8.1172,,,,147.4705,530.124,,,,,6.0,,,,,,,,3,15,,,46.61,,,1.0,,,,
5,bbb_permeability,classification,NB05_bbb_permeability,halopredone(halopredone-acetate),[C@]34([C@H]([C@H]2C([C@@]1(C(=CC(C(=C1)Br)=O)[C@@H](C2)F)C)([C@H](C3)O)F)CCC4(C(=O)CO)O)C,,0,,,,,0.105469,0.7143,,,,,5,3,29,,,,2.3203,,,,103.5464,475.326,,,,,8.0,,,,,,,,4,2,,,94.83,,,1.0,,,,
5,bbb_permeability,classification,NB05_bbb_permeability,haloxazolam,C1=C(Br)C=CC3=C1C2(N(CCO2)CC(=O)N3)C4=C(C=CC=C4)F,,2,,,,,0.083984,0.2353,,,,,3,1,23,,,,3.0736,,,,87.4767,377.213,,,,,6.0,,,,,,,,4,1,,,41.57,,,1.0,,,,
5,bbb_permeability,classification,NB05_bbb_permeability,hexapradol,C2=C(C(C1=CC=CC=C1)(C(CCCCC)N)O)C=CC=C2,,2,,,,,0.056641,0.3684,,,,,2,2,21,,,,3.8301,,,,88.0002,283.415,,,,,2.0,,,,,,,,2,7,,,46.25,,,1.0,,,,
5,bbb_permeability,classification,NB05_bbb_permeability,homopipramol,C3=C2N(C1=CC=CC=C1C=CC2=CC=C3)CCCN4C=CN(CC=C4)CCO,,2,,,,,0.076172,0.25,,,,,4,1,28,,,,4.2934,,,,117.0798,373.5,,,,,4.0,,,,,,,,4,6,,,29.95,,,1.0,,,,
5,bbb_permeability,classification,NB05_bbb_permeability,homprenorphine,C1=CC(=C5C2=C1CC6C34C2(C(C(OC)(C(C3)C(CC)(C)O)C=C4)O5)CCN6CC7CC7)OC,,1,,,,,0.121094,0.7143,,,,,5,1,33,,,,3.8567,,,,125.8288,451.607,,,,,5.0,,,,,,,,8,6,,,51.16,,,1.0,,,,
5,bbb_permeability,classification,NB05_bbb_permeability,hopantenic-acid,[C@H](C(NCCCC(O)=O)=O)(C(CO)(C)C)O,,0,,,,,0.054688,0.8,,,,,4,4,16,,,,-0.6532,,,,56.7531,233.264,,,,,6.0,,,,,,,,0,7,,,106.86,,,1.0,,,,
5,bbb_permeability,classification,NB05_bbb_permeability,hydrocortamate,[C@]34([C@H]([C@H]2[C@@H]([C@@]1(C(=CC(=O)CC1)CC2)C)[C@H](C3)O)CC[C@@]4(C(COC(CN(CC)CC)=O)=O)O)C,,0,,,,,0.115234,0.8148,,,,,7,2,34,,,,2.6743,,,,126.8036,475.626,,,,,7.0,,,,,,,,4,7,,,104.14,,,1.0,,,,
5,bbb_permeability,classification,NB05_bbb_permeability,hydrocortisone-aceponate,[C@@]4([C@@]3([C@H]([C@H]2[C@@H]([C@@]1(C(=CC(=O)CC1)CC2)C)[C@H](C3)O)CC4)C)(C(COC(C)=O)=O)OC(CC)=O,,0,,,,,0.111328,0.7692,,,,,7,1,33,,,,3.3133,,,,118.8538,460.567,,,,,7.0,,,,,,,,4,5,,,106.97,,,1.0,,,,
5,bbb_permeability,classification,NB05_bbb_permeability,hydrocortisonecypionate(hydrocortisone-cipionate),[C@]34([C@H]([C@H]2[C@@H]([C@@]1(C(=CC(=O)CC1)CC2)C)[C@@H](O)C3)CC[C@]4(O)C(=O)COC(=O)CCC(O)=O)C.O,,0,,,,,0.113281,0.76,,,,,7,3,34,,,,1.3726,,,,119.4992,480.554,,,,,9.0,,,,,,,,4,6,,,169.7,,,1.0,,,,
5,bbb_permeability,classification,NB05_bbb_permeability,hydrocortisone-hemisuccinate,[C@@]4(OC(=O)CCCC)(C3(C(C2C(C1(C(=CC(=O)CC1)CC2)C)C(O)C3)CC4)C)C(=O)CO,,0,,,,,0.109375,0.8077,,,,,6,2,32,,,,3.5227,,,,118.5406,446.584,,,,,6.0,,,,,,,,4,6,,,100.9,,,1.0,,,,
5,bbb_permeability,classification,NB05_bbb_permeability,hydrocortisone-valerate,CC14CCC(=O)C=C1CCC5C3CCC(O)(C(=O)COC(=O)CCC2CCCC2)C3(C)CC(O)C45,,0,,,,,0.117188,0.8276,,,,,6,2,35,,,,4.3029,,,,130.2076,486.649,,,,,6.0,,,,,,,,5,6,,,100.9,,,1.0,,,,
5,bbb_permeability,classification,NB05_bbb_permeability,hydromorphinol,[C@@]125C3=C4C[C@H]([C@@]1(CC[C@@H]([C@@H]2OC3=C(C=C4)O)O)O)N(C)CC5,,1,,,,,0.087891,0.6471,,,,,5,3,22,,,,0.537,,,,79.1304,303.358,,,,,5.0,,,,,,,,5,0,,,73.16,,,1.0,,,,
5,bbb_permeability,classification,NB05_bbb_permeability,hydroxindasol,C1=C(O)C=CC2=C1C(=C(C)[N]2CC3=CC=C(OC)C=C3)CCN,,3,,,,,0.082031,0.2632,,,,,4,2,23,,,,3.2134,,,,93.1942,310.397,,,,,4.0,,,,,,,,3,5,,,60.41,,,1.0,,,,
5,bbb_permeability,classification,NB05_bbb_permeability,ibrotamide,C(C(C(C)C)(C(N)=O)Br)C,,0,,,,,0.039062,0.8571,,,,,1,1,10,,,,1.6714,,,,45.9814,208.099,,,,,3.0,,,,,,,,0,3,,,43.09,,,1.0,,,,
5,bbb_permeability,classification,NB05_bbb_permeability,iclazepam,C1=C(Cl)C=CC2=C1C(=NCC(N2CCOCC3CC3)=O)C4=CC=CC=C4,,2,,,,,0.095703,0.3333,,,,,3,0,26,,,,3.9506,,,,104.296,368.864,,,,,5.0,,,,,,,,4,6,,,41.9,,,1.0,,,,
5,bbb_permeability,classification,NB05_bbb_permeability,ifoxetine,[C@@H]2(OC1=C(C(=CC=C1)C)C)[C@@H](CNCC2)O,,1,,,,,0.066406,0.5385,,,,,3,2,16,,,,1.405,,,,63.8255,221.3,,,,,3.0,,,,,,,,2,2,,,41.49,,,1.0,,,,
5,bbb_permeability,classification,NB05_bbb_permeability,ilepcimide,C1=C3C(=CC=C1\C=C\C(N2CCCCC2)=O)OCO3,,1,,,,,0.068359,0.4,,,,,3,0,19,,,,2.441,,,,72.03,259.305,,,,,4.0,,,,,,,,3,2,,,38.77,,,1.0,,,,
5,bbb_permeability,classification,NB05_bbb_permeability,iloperidone,C1=CC(=CC2=C1C(=NO2)C4CCN(CCCOC3=C(C=C(C(C)=O)C=C3)OC)CC4)F,,3,,,,,0.115234,0.4167,,,,,6,0,31,,,,4.8266,,,,115.4925,426.488,,,,,7.0,,,,,,,,4,8,,,64.8,,,1.0,,,,
5,bbb_permeability,classification,NB05_bbb_permeability,imiclopazine,C1=C(Cl)C=CC3=C1N(C2=C(C=CC=C2)S3)CCCN5CCN(CCN4C(N(C)CC4)=O)CC5,,2,,,,,0.095703,0.48,,,,,5,0,33,,,,4.3178,,,,136.119,486.085,,,,,8.0,,,,,,,,5,7,,,33.27,,,1.0,,,,
5,bbb_permeability,classification,NB05_bbb_permeability,imidoline,C2=C(N1C(N(CCN(C)C)CC1)=O)C=CC=C2Cl,,1,,,,,0.066406,0.4615,,,,,2,0,18,,,,2.1436,,,,74.321,267.76,,,,,5.0,,,,,,,,2,4,,,26.79,,,1.0,,,,
5,bbb_permeability,classification,NB05_bbb_permeability,imipraminoxide,C1=CC=CC2=C1N(C3=C(CC2)C=CC=C3)CCC[N+](C)(C)[O-],,2,,,,,0.058594,0.3684,,,,,2,0,22,,,,3.8876,,,,92.2574,296.414,,,,,3.0,,,,,,,,3,4,,,26.3,,,1.0,,,,
5,bbb_permeability,classification,NB05_bbb_permeability,indatraline,[C@@H]2(C1=CC=CC=C1[C@H](NC)C2)C3=CC=C(Cl)C(=C3)Cl.[H+].[Cl-],,2,,,,,0.068359,0.25,,,,,1,1,20,,,,1.906,,,,82.2767,328.67,,,,,4.0,,,,,,,,3,2,,,12.03,,,1.0,,,,
5,bbb_permeability,classification,NB05_bbb_permeability,indeloxazine,C2=C(C1=C(C=CC1)C=C2)OCC3CNCCO3,,1,,,,,0.078125,0.4286,,,,,3,1,17,,,,1.6231,,,,67.2847,231.295,,,,,3.0,,,,,,,,3,3,,,30.49,,,1.0,,,,
5,bbb_permeability,classification,NB05_bbb_permeability,indomethacin(indometacin),C1=CC(=CC2=C1[N](C(=C2CC(O)=O)C)C(C3=CC=C(Cl)C=C3)=O)OC,,3,,,,,0.087891,0.1579,,,,,4,1,25,,,,3.9273,,,,95.7473,357.793,,,,,6.0,,,,,,,,3,4,,,68.53,,,1.0,,,,
5,bbb_permeability,classification,NB05_bbb_permeability,indriline,C1=CC=CC3=C1C(C2=CC=CC=C2)(C=C3)CCN(C)C,,2,,,,,0.0625,0.2632,,,,,1,0,20,,,,3.9512,,,,85.869,263.384,,,,,1.0,,,,,,,,3,4,,,3.24,,,1.0,,,,
5,bbb_permeability,classification,NB05_bbb_permeability,iproclozide,C1=CC(=CC=C1OCC(NNC(C)C)=O)Cl,,1,,,,,0.060547,0.3636,,,,,3,2,16,,,,1.748,,,,63.3614,242.706,,,,,5.0,,,,,,,,1,5,,,50.36,,,1.0,,,,
5,bbb_permeability,classification,NB05_bbb_permeability,iprozilamine,CSC1=C(N=C(N=C1N2CCN(C)CC2)NC(C)C)Cl,,1,,,,,0.072266,0.6923,,,,,6,1,20,,,,2.424,,,,87.2917,315.874,,,,,7.0,,,,,,,,2,4,,,44.29,,,1.0,,,,
5,bbb_permeability,classification,NB05_bbb_permeability,ipsapirone,[H+].C1=CC=CC2=C1[S](=O)(=O)N(C2=O)CCCCN4CCN(C3=NC=CC=N3)CC4.[Cl-],,2,,,,,0.083984,0.4211,,,,,7,0,29,,,,-1.66,,,,105.6953,437.953,,,,,10.0,,,,,,,,4,6,,,86.71,,,1.0,,,,
5,bbb_permeability,classification,NB05_bbb_permeability,isocarboxazid,C1=C(C)ON=C1C(NNCC2=CC=CC=C2)=O,,2,,,,,0.068359,0.1667,,,,,4,2,17,,,,1.4176,,,,61.9879,231.255,,,,,5.0,,,,,,,,2,4,,,67.16,,,1.0,,,,
5,bbb_permeability,classification,NB05_bbb_permeability,isoflupredone,C(C(C1(CCC2C4C(C(CC12C)O)(F)C3(C=CC(C=C3CC4)=O)C)O)=O)O,,0,,,,,0.099609,0.7143,,,,,5,3,27,,,,1.6497,,,,95.3974,378.44,,,,,6.0,,,,,,,,4,2,,,94.83,,,1.0,,,,
5,bbb_permeability,classification,NB05_bbb_permeability,isoflupredone-acetate,[C@H]23[C@@]([C@@]1(C(=CC(=O)C=C1)CC2)C)([C@H](C[C@]4([C@H]3CC[C@@]4(C(COC(C)=O)=O)O)C)O)F,,0,,,,,0.109375,0.6957,,,,,6,2,30,,,,2.2205,,,,104.9446,420.477,,,,,7.0,,,,,,,,4,3,,,100.9,,,1.0,,,,
5,bbb_permeability,classification,NB05_bbb_permeability,itrocinonide,[C@]34([C@H]([C@H]2C(F)([C@@]1(C(=CC(=O)C=C1)[C@@H](F)C2)C)[C@@H](O)C3)C[C@H]5O[C@H](O[C@@]45C(O[C@@H](OC(OCC)=O)C)=O)CCC)C,,0,,,,,0.144531,0.7586,,,,,9,1,40,,,,4.2578,,,,135.0628,568.61,,,,,11.0,,,,,,,,5,6,,,117.59,,,1.0,,,,
5,bbb_permeability,classification,NB05_bbb_permeability,ivoqualine,[C@H]3(CCCC1=C2C(=NC=C1)C=CC(=C2)OC)[C@@H](CNCC3)C=C,,2,,,,,0.099609,0.45,,,,,3,1,23,,,,3.9778,,,,95.8967,310.441,,,,,3.0,,,,,,,,3,6,,,34.15,,,1.0,,,,
5,bbb_permeability,classification,NB05_bbb_permeability,ketazocine,[C@H]12N(CC[C@](C1C)(C3=C(C2=O)C=CC(=C3)O)C)CC4CC4,,1,,,,,0.080078,0.6111,,,,,3,1,21,,,,2.9666,,,,81.6553,285.387,,,,,3.0,,,,,,,,4,2,,,40.54,,,1.0,,,,
5,bbb_permeability,classification,NB05_bbb_permeability,ketazolam,C1=C(Cl)C=CC2=C1C3(N(CC(=O)N2C)C(C=C(O3)C)=O)C4=CC=CC=C4,,2,,,,,0.089844,0.2,,,,,3,0,26,,,,3.2801,,,,98.639,368.82,,,,,6.0,,,,,,,,4,1,,,49.85,,,1.0,,,,
5,bbb_permeability,classification,NB05_bbb_permeability,ketobemidone,C1=C(C=CC=C1C2(CCN(C)CC2)C(CC)=O)O,,1,,,,,0.066406,0.5333,,,,,3,1,18,,,,2.3347,,,,71.8138,247.338,,,,,3.0,,,,,,,,2,3,,,40.54,,,1.0,,,,
5,bbb_permeability,classification,NB05_bbb_permeability,lesopitron,C1=CC=NC(=N1)N3CCN(CCCC[N]2C=C(Cl)C=N2)CC3,,2,,,,,0.072266,0.5333,,,,,6,0,22,,,,1.9289,,,,87.156,320.828,,,,,7.0,,,,,,,,3,6,,,50.08,,,1.0,,,,
5,bbb_permeability,classification,NB05_bbb_permeability,levophenacylmorphan,C5=C(C(CN1C2C4C(CC1)(C3=C(C2)C=CC(=C3)O)CCCC4)=O)C=CC=C5,,2,,,,,0.095703,0.4583,,,,,3,1,27,,,,4.3335,,,,106.1973,361.485,,,,,3.0,,,,,,,,5,3,,,40.54,,,1.0,,,,
5,bbb_permeability,classification,NB05_bbb_permeability,linopirdine,C1=CC=CC2=C1C(C(N2C3=CC=CC=C3)=O)(CC4=CC=NC=C4)CC5=CC=NC=C5,,4,,,,,0.066406,0.1154,,,,,3,0,30,,,,4.8781,,,,117.59,391.474,,,,,4.0,,,,,,,,5,5,,,46.09,,,1.0,,,,
5,bbb_permeability,classification,NB05_bbb_permeability,lisuride,[C@@H]14C(=C[C@H](NC(N(CC)CC)=O)CN1C)C2=CC=CC3=C2C(=C[NH]3)C4,,2,,,,,0.101562,0.45,,,,,2,2,25,,,,2.8414,,,,101.6384,338.455,,,,,5.0,,,,,,,,4,3,,,51.37,,,1.0,,,,
5,bbb_permeability,classification,NB05_bbb_permeability,litracen,C1=CC=CC3=C1C(C2=C(C=CC=C2)C3(C)C)=CCCNC,,2,,,,,0.058594,0.3,,,,,1,1,21,,,,4.3671,,,,90.6347,277.411,,,,,1.0,,,,,,,,3,3,,,12.03,,,1.0,,,,
5,bbb_permeability,classification,NB05_bbb_permeability,lofendazam,C1=C(Cl)C=CC3=C1N(C2=CC=CC=C2)C(CCN3)=O,,2,,,,,0.070312,0.1333,,,,,2,1,19,,,,3.8203,,,,78.1467,272.735,,,,,4.0,,,,,,,,3,1,,,32.34,,,1.0,,,,
5,bbb_permeability,classification,NB05_bbb_permeability,lofentanil,[C@]3(N(C1=CC=CC=C1)C(=O)CC)(C(=O)OC)[C@H](CN(CCC2=CC=CC=C2)CC3)C,,2,,,,,0.09375,0.44,,,,,4,0,30,,,,3.9259,,,,119.333,408.542,,,,,5.0,,,,,,,,3,7,,,49.85,,,1.0,,,,
5,bbb_permeability,classification,NB05_bbb_permeability,lofepramine,[H+].C1=CC=CC2=C1N(C3=C(CC2)C=CC=C3)CCCN(CC(=O)C4=CC=C(Cl)C=C4)C.[Cl-],,3,,,,,0.087891,0.2692,,,,,3,0,31,,,,2.898,,,,126.3065,455.429,,,,,5.0,,,,,,,,4,7,,,23.55,,,1.0,,,,
5,bbb_permeability,classification,NB05_bbb_permeability,lometraline,C1=C(C2=C(C(=C1)OC)CCCC2N(C)C)Cl,,1,,,,,0.064453,0.5385,,,,,2,0,16,,,,3.2876,,,,67.37,239.746,,,,,3.0,,,,,,,,2,2,,,12.47,,,1.0,,,,
5,bbb_permeability,classification,NB05_bbb_permeability,lopirazepam,C3=C(C1=NC(C(=O)NC2=C1N=C(Cl)C=C2)O)C(=CC=C3)Cl,,2,,,,,0.078125,0.0714,,,,,4,2,21,,,,2.4963,,,,80.9745,322.151,,,,,7.0,,,,,,,,3,1,,,74.58,,,1.0,,,,
5,bbb_permeability,classification,NB05_bbb_permeability,loprazolam,C1=CC(=CC4=C1N2C(=NC(/C2=O)=C\N3CCN(C)CC3)CN=C4C5=C(C=CC=C5)Cl)[N+](=O)[O-],,2,,,,,0.113281,0.2609,,,,,7,0,33,,,,2.9331,,,,127.1284,464.913,,,,,10.0,,,,,,,,5,3,,,94.65,,,1.0,,,,
5,bbb_permeability,classification,NB05_bbb_permeability,loratadine,C1=CC(=CC2=C1C(C3=C(CC2)C=CC=N3)=C4CCN(C(OCC)=O)CC4)Cl,,2,,,,,0.09375,0.3636,,,,,3,0,27,,,,4.8878,,,,106.948,382.891,,,,,5.0,,,,,,,,4,1,,,42.43,,,1.0,,,,
5,bbb_permeability,classification,NB05_bbb_permeability,lormetazepam,C1=C(Cl)C=CC2=C1C(=NC(O)C(N2C)=O)C3=CC=CC=C3Cl,,2,,,,,0.080078,0.125,,,,,3,1,22,,,,3.1256,,,,87.9598,335.19,,,,,6.0,,,,,,,,3,1,,,52.9,,,1.0,,,,
5,bbb_permeability,classification,NB05_bbb_permeability,lorpiprazole,[C@H]23C1=NN=C([N]1C[C@H]2CCC3)CCN4CCN(CC4)C5=CC=CC(=C5)C(F)(F)F,,2,,,,,0.103516,0.619,,,,,5,0,29,,,,3.5589,,,,103.905,405.468,,,,,8.0,,,,,,,,5,4,,,37.19,,,1.0,,,,
5,bbb_permeability,classification,NB05_bbb_permeability,lortalamine,[C@@]123OC4=C(C(C1CN(CC2)C)CC(=O)N3)C=C(Cl)C=C4,,1,,,,,0.087891,0.5333,,,,,3,1,20,,,,1.9839,,,,75.9157,292.766,,,,,5.0,,,,,,,,4,0,,,41.57,,,1.0,,,,
5,bbb_permeability,classification,NB05_bbb_permeability,lorzafone,C1=CC(=CC(=C1N(C(=O)CNC(=O)CN)C)C(=O)C2=CC=CC=C2Cl)Cl.O,,2,,,,,0.085938,0.1667,,,,,4,2,27,,,,1.4374,,,,105.4244,412.273,,,,,9.0,,,,,,,,2,6,,,124.0,,,1.0,,,,
5,bbb_permeability,classification,NB05_bbb_permeability,losigamone,C2=C(C(C1C(=CC(O1)=O)OC)O)C(=CC=C2)Cl,,1,,,,,0.072266,0.25,,,,,4,1,17,,,,1.8291,,,,61.3838,254.669,,,,,5.0,,,,,,,,2,3,,,55.76,,,1.0,,,,
5,bbb_permeability,classification,NB05_bbb_permeability,loteprednol(loteprednol-etabonate),CCOC(=O)OC3(CCC4C2CCC1=CC(=O)C=CC1(C)C2C(O)CC34C)C(=O)OCCl,,0,,,,,0.109375,0.7083,,,,,7,1,32,,,,3.9165,,,,115.6558,466.958,,,,,8.0,,,,,,,,4,4,,,99.13,,,1.0,,,,
5,bbb_permeability,classification,NB05_bbb_permeability,loxapine,C1=C(Cl)C=CC2=C1C(=NC3=C(O2)C=CC=C3)N4CCN(CC4)C,,2,,,,,0.078125,0.2778,,,,,4,0,23,,,,3.7714,,,,93.235,327.815,,,,,5.0,,,,,,,,4,0,,,28.07,,,1.0,,,,
5,bbb_permeability,classification,NB05_bbb_permeability,lufuradom,C1=CC(=CC2=C1C(=NCC(N2C)CNC(C3=COC=C3)=O)C4=CC=CC=C4)F,,3,,,,,0.109375,0.1818,,,,,4,1,28,,,,3.5045,,,,106.5802,377.419,,,,,6.0,,,,,,,,4,4,,,57.84,,,1.0,,,,
5,bbb_permeability,classification,NB05_bbb_permeability,mazindol,C1=CC=CC2=C1C(N3C2=NCC3)(C4=CC=C(C=C4)Cl)O,,2,,,,,0.070312,0.1875,,,,,3,1,20,,,,2.6092,,,,79.0028,284.746,,,,,4.0,,,,,,,,4,1,,,35.83,,,1.0,,,,
5,bbb_permeability,classification,NB05_bbb_permeability,mazipredone,[C@]34([C@H]([C@H]2[C@@H]([C@@]1(C(=CC(=O)C=C1)CC2)C)[C@H](C3)O)CC[C@@]4(C(CN5CCN(C)CC5)=O)O)C,,0,,,,,0.107422,0.7692,,,,,6,2,32,,,,1.8127,,,,121.8996,442.6,,,,,6.0,,,,,,,,5,3,,,81.08,,,1.0,,,,
5,bbb_permeability,classification,NB05_bbb_permeability,mebanazine,C1=CC=CC=C1C(NN)C,,1,,,,,0.037109,0.25,,,,,2,2,10,,,,1.2109,,,,42.1801,136.198,,,,,2.0,,,,,,,,1,2,,,38.05,,,1.0,,,,
5,bbb_permeability,classification,NB05_bbb_permeability,mebutamate,C(C(C(CC)C)(COC(N)=O)C)OC(N)=O,,0,,,,,0.044922,0.8,,,,,4,2,16,,,,1.2294,,,,58.6328,232.28,,,,,6.0,,,,,,,,0,6,,,104.64,,,1.0,,,,
5,bbb_permeability,classification,NB05_bbb_permeability,meclonazepam,[C@H]2(N=C(C1=C(C=CC(=C1)[N+](=O)[O-])NC2=O)C3=CC=CC=C3Cl)C,,2,,,,,0.085938,0.125,,,,,4,1,23,,,,3.4262,,,,88.2791,329.743,,,,,7.0,,,,,,,,3,2,,,84.6,,,1.0,,,,
5,bbb_permeability,classification,NB05_bbb_permeability,mecloralurea,CNC(NC(C(Cl)(Cl)Cl)O)=O,,0,,,,,0.039062,0.75,,,,,2,3,11,,,,0.604,,,,43.8882,221.471,,,,,7.0,,,,,,,,0,1,,,61.36,,,1.0,,,,
5,bbb_permeability,classification,NB05_bbb_permeability,meclorisone(meclorisone-dibutyrate),[C@@]23(Cl)C(C1C([C@](O)([C@@H](C1)C)C(=O)CO)(CC2Cl)C)CCC4=CC(=O)C=CC34C,,0,,,,,0.101562,0.7273,,,,,4,2,28,,,,3.4115,,,,108.3236,427.368,,,,,6.0,,,,,,,,4,2,,,74.6,,,1.0,,,,
5,bbb_permeability,classification,NB05_bbb_permeability,medrysone,[C@@H]23[C@H]([C@H]1[C@]([C@@H](C(C)=O)CC1)(C)C[C@@H]2O)C[C@H](C)C4=CC(=O)CC[C@]34C,,0,,,,,0.091797,0.8182,,,,,3,1,25,,,,3.9403,,,,96.8178,344.495,,,,,3.0,,,,,,,,4,1,,,54.37,,,1.0,,,,
5,bbb_permeability,classification,NB05_bbb_permeability,mefexamide,[H+].C1=C(OCC(=O)NCCN(CC)CC)C=CC(=C1)OC.[Cl-],,1,,,,,0.072266,0.5333,,,,,4,1,21,,,,-1.3515,,,,80.3987,316.829,,,,,6.0,,,,,,,,1,9,,,50.8,,,1.0,,,,
5,bbb_permeability,classification,NB05_bbb_permeability,melitracen,C1=CC=CC3=C1C(C2=C(C=CC=C2)C3(C)C)=CCCN(C)C,,2,,,,,0.058594,0.3333,,,,,1,0,22,,,,4.7093,,,,95.262,291.438,,,,,1.0,,,,,,,,3,3,,,3.24,,,1.0,,,,
5,bbb_permeability,classification,NB05_bbb_permeability,melperone,C1=CC(=CC=C1C(CCCN2CCC(C)CC2)=O)F,,1,,,,,0.070312,0.5625,,,,,2,0,19,,,,3.5205,,,,74.8025,263.356,,,,,3.0,,,,,,,,2,5,,,20.31,,,1.0,,,,
5,bbb_permeability,classification,NB05_bbb_permeability,memantine,CC12CC3(CC(C1)(CC(C2)C3)N)C,,0,,,,,0.037109,1.0,,,,,1,1,13,,,,2.6941,,,,54.3244,179.307,,,,,1.0,,,,,,,,4,0,,,26.02,,,1.0,,,,
5,bbb_permeability,classification,NB05_bbb_permeability,mephenoxalone,C1=C(C(=CC=C1)OC)OCC2CNC(O2)=O,,1,,,,,0.066406,0.3636,,,,,4,1,16,,,,1.1824,,,,56.7607,223.228,,,,,5.0,,,,,,,,2,4,,,56.79,,,1.0,,,,
5,bbb_permeability,classification,NB05_bbb_permeability,meprotixol,C1=C(OC)C=CC3=C1C(C2=C(C=CC=C2)S3)(CCCN(C)C)O,,2,,,,,0.080078,0.3684,,,,,4,1,23,,,,3.7375,,,,94.3458,329.465,,,,,4.0,,,,,,,,3,5,,,32.7,,,1.0,,,,
5,bbb_permeability,classification,NB05_bbb_permeability,mequitazine,C1=CC=CC2=C1SC5=C(N2CC3C4CCN(C3)CC4)C=CC=C5,,2,,,,,0.066406,0.4,,,,,3,0,23,,,,4.6311,,,,96.667,322.477,,,,,3.0,,,,,,,,6,2,,,6.48,,,1.0,,,,
5,bbb_permeability,classification,NB05_bbb_permeability,mesulergine,[C@@H]34C1=CC=CC2=C1C(=C[N]2C)C[C@H]3N(C[C@H](C4)N[S](N(C)C)(=O)=O)C,,2,,,,,0.09375,0.5556,,,,,4,1,25,,,,1.2867,,,,99.9295,362.499,,,,,7.0,,,,,,,,4,3,,,57.58,,,1.0,,,,
5,bbb_permeability,classification,NB05_bbb_permeability,metacetamol,C1=C(C=CC=C1O)NC(C)=O,,1,,,,,0.041016,0.125,,,,,2,2,11,,,,1.3506,,,,42.4105,151.165,,,,,3.0,,,,,,,,1,1,,,49.33,,,1.0,,,,
5,bbb_permeability,classification,NB05_bbb_permeability,metaglycodol,C1=C(C(C(C)(C)O)(C)O)C=CC=C1Cl,,1,,,,,0.046875,0.4545,,,,,2,2,14,,,,2.3184,,,,57.3206,214.692,,,,,3.0,,,,,,,,1,2,,,40.46,,,1.0,,,,
5,bbb_permeability,classification,NB05_bbb_permeability,methapyrilene,C2=C(N(CC1=CC=CS1)CCN(C)C)N=CC=C2,,2,,,,,0.068359,0.3571,,,,,4,0,18,,,,2.7113,,,,78.16,261.394,,,,,4.0,,,,,,,,2,6,,,19.37,,,1.0,,,,
5,bbb_permeability,classification,NB05_bbb_permeability,metharbital,C(C1(C(NC(N(C1=O)C)=O)=O)CC)C,,0,,,,,0.042969,0.6667,,,,,3,1,14,,,,0.501,,,,49.3237,198.222,,,,,5.0,,,,,,,,1,2,,,66.48,,,1.0,,,,
5,bbb_permeability,classification,NB05_bbb_permeability,methitural,C(C1(C(NC(=S)NC1=O)=O)C(CCC)C)CSC,,0,,,,,0.060547,0.75,,,,,4,2,18,,,,1.693,,,,78.3874,288.438,,,,,6.0,,,,,,,,1,6,,,58.2,,,1.0,,,,
5,bbb_permeability,classification,NB05_bbb_permeability,methyldesorphine,C5=C3C1=C(OC4C12C(C(N(CC2)C)C3)CC=C4C)C(=C5)O,,1,,,,,0.089844,0.5556,,,,,3,1,21,,,,2.6174,,,,80.8038,283.371,,,,,3.0,,,,,,,,5,0,,,32.7,,,1.0,,,,
5,bbb_permeability,classification,NB05_bbb_permeability,methyldihydromorphine,[C@@H]25CC1=CC=C(C4=C1[C@@]3([C@H]2CC[C@@H]([C@@H]3O4)OC)CCN5C)O,,1,,,,,0.09375,0.6667,,,,,4,1,22,,,,2.0762,,,,82.4608,301.386,,,,,4.0,,,,,,,,5,1,,,41.93,,,1.0,,,,
5,bbb_permeability,classification,NB05_bbb_permeability,methylprednisolone21hemisuccinate(methylprednisolone-hemisuccinate),[C@@]4([C@@]3([C@H]([C@H]2[C@@H]([C@@]1(C(=CC(=O)C=C1)[C@H](C2)C)C)[C@H](C3)O)CC4)C)(C(COC(C)=O)=O)OC(CC)=O,,0,,,,,0.115234,0.7037,,,,,7,1,34,,,,3.3353,,,,123.3068,472.578,,,,,7.0,,,,,,,,4,5,,,106.97,,,1.0,,,,
5,bbb_permeability,classification,NB05_bbb_permeability,metiapine,C1=C(C)C=CC3=C1C(=NC2=C(C=CC=C2)S3)N4CCN(C)CC4,,2,,,,,0.076172,0.3158,,,,,4,0,23,,,,3.7853,,,,97.011,323.465,,,,,4.0,,,,,,,,4,0,,,18.84,,,1.0,,,,
5,bbb_permeability,classification,NB05_bbb_permeability,metofenazate,C1=C(Cl)C=CC3=C1N(C2=C(C=CC=C2)S3)CCCN5CCN(CCOC(C4=CC(=C(OC)C(=C4)OC)OC)=O)CC5,,3,,,,,0.111328,0.3871,,,,,9,0,41,,,,5.8332,,,,162.9005,598.165,,,,,10.0,,,,,,,,5,11,,,63.71,,,1.0,,,,
5,bbb_permeability,classification,NB05_bbb_permeability,metopimazine,C1=C([S](C)(=O)=O)C=CC3=C1N(C2=C(C=CC=C2)S3)CCCN4CCC(C(N)=O)CC4,,2,,,,,0.099609,0.4091,,,,,6,1,30,,,,3.2802,,,,120.0982,445.61,,,,,8.0,,,,,,,,4,6,,,83.71,,,1.0,,,,
5,bbb_permeability,classification,NB05_bbb_permeability,metopon,[C@@]125C3=C4C[C@H]([C@@H]1CCC([C@@]2(OC3=C(C=C4)O)C)=O)N(C)CC5,,1,,,,,0.09375,0.6111,,,,,4,1,22,,,,2.0204,,,,81.2878,299.37,,,,,4.0,,,,,,,,5,0,,,49.77,,,1.0,,,,
5,bbb_permeability,classification,NB05_bbb_permeability,metoserpate,C5=C4C3=C(C2N(CC1CC(OC)C(C(C1C2)C(OC)=O)OC)CC3)[NH]C4=CC(=C5)OC,,2,,,,,0.115234,0.625,,,,,6,1,31,,,,2.9347,,,,116.1827,428.529,,,,,7.0,,,,,,,,5,4,,,73.02,,,1.0,,,,
5,bbb_permeability,classification,NB05_bbb_permeability,metoxepin,C1=C(OC)C=CC3=C1C(=CC2=C(C=CC=C2)O3)N4CCN(C)CC4,,2,,,,,0.080078,0.3,,,,,4,0,24,,,,3.5464,,,,96.451,322.408,,,,,4.0,,,,,,,,4,2,,,24.94,,,1.0,,,,
5,bbb_permeability,classification,NB05_bbb_permeability,metralindole,C1=C(OC)C=CC2=C1C4=C3[N]2CCN(C3=NCC4)C,,2,,,,,0.080078,0.4,,,,,4,0,19,,,,1.898,,,,76.228,255.321,,,,,4.0,,,,,,,,4,1,,,29.76,,,1.0,,,,
5,bbb_permeability,classification,NB05_bbb_permeability,mevastatin,[C@@H]23[C@@H](CC[C@@H]1C[C@H](CC(O1)=O)O)[C@H](C=CC2=CCC[C@@H]3OC([C@H](CC)C)=O)C,,0,,,,,0.113281,0.7391,,,,,5,1,28,,,,3.9495,,,,106.2908,390.52,,,,,5.0,,,,,,,,3,6,,,72.83,,,1.0,,,,
5,bbb_permeability,classification,NB05_bbb_permeability,mexazolam,C1=C(Cl)C=CC3=C1C2(N(C(C)CO2)CC(=O)N3)C4=CC=CC=C4Cl,,2,,,,,0.087891,0.2778,,,,,3,1,24,,,,3.8673,,,,94.4337,363.244,,,,,6.0,,,,,,,,4,1,,,41.57,,,1.0,,,,
5,bbb_permeability,classification,NB05_bbb_permeability,mezilamine,CSC2=C(N1CCN(C)CC1)N=C(NC)N=C2Cl,,1,,,,,0.066406,0.6364,,,,,6,1,18,,,,1.6454,,,,78.0797,287.82,,,,,7.0,,,,,,,,2,3,,,44.29,,,1.0,,,,
5,bbb_permeability,classification,NB05_bbb_permeability,miconazole,C1=C(C=CC(=C1Cl)COC(C[N]2C=NC=C2)C3=C(C=C(C=C3)Cl)Cl)Cl,,3,,,,,0.082031,0.1667,,,,,3,0,25,,,,6.4548,,,,102.681,416.135,,,,,7.0,,,,,,,,3,6,,,27.05,,,1.0,,,,
5,bbb_permeability,classification,NB05_bbb_permeability,midaflur,C1(=NC(NC1(C(F)(F)F)C(F)(F)F)(C(F)(F)F)C(F)(F)F)N,,0,,,,,0.041016,0.8571,,,,,3,2,22,,,,2.6311,,,,44.4401,357.098,,,,,15.0,,,,,,,,1,0,,,50.41,,,1.0,,,,
5,bbb_permeability,classification,NB05_bbb_permeability,milacemide,C(NCC(N)=O)CCCC,,0,,,,,0.041016,0.8571,,,,,2,2,10,,,,0.2515,,,,41.5891,144.218,,,,,3.0,,,,,,,,0,6,,,55.12,,,1.0,,,,
5,bbb_permeability,classification,NB05_bbb_permeability,milameline,CN1CC(=CCC1)\C=N\OC,,0,,,,,0.054688,0.625,,,,,3,0,11,,,,0.8805,,,,45.698,154.213,,,,,3.0,,,,,,,,1,2,,,24.83,,,1.0,,,,
5,bbb_permeability,classification,NB05_bbb_permeability,minaprine,C1=C(C(=NN=C1C2=CC=CC=C2)NCCN3CCOCC3)C,,2,,,,,0.082031,0.4118,,,,,5,1,22,,,,2.1961,,,,87.9537,298.39,,,,,5.0,,,,,,,,3,5,,,50.28,,,1.0,,,,
5,bbb_permeability,classification,NB05_bbb_permeability,minaxolone,[C@@H]23[C@H]([C@H]1[C@]([C@@H](C(C)=O)CC1)(C)C[C@H]2N(C)C)CC[C@@H]4[C@@]3(C[C@H](OCC)[C@H](C4)O)C,,0,,,,,0.097656,0.96,,,,,4,1,29,,,,4.1503,,,,115.5598,405.623,,,,,4.0,,,,,,,,4,4,,,49.77,,,1.0,,,,
5,bbb_permeability,classification,NB05_bbb_permeability,mirisetron,[C@@H]45N([C@@H](CC(NC(=O)C1=CN(C2=C(C1=O)C=CC=C2)C3CCCCC3)C4)CC5)C,,2,,,,,0.087891,0.5833,,,,,4,1,29,,,,3.8617,,,,115.3912,393.531,,,,,5.0,,,,,,,,5,3,,,54.34,,,1.0,,,,
5,bbb_permeability,classification,NB05_bbb_permeability,moclobemide,C2=C(C(NCCN1CCOCC1)=O)C=CC(=C2)Cl,,1,,,,,0.066406,0.4615,,,,,3,1,18,,,,1.402,,,,71.0442,268.744,,,,,5.0,,,,,,,,2,4,,,41.57,,,1.0,,,,
5,bbb_permeability,classification,NB05_bbb_permeability,modafinil,C2=C(C(C1=CC=CC=C1)[S](CC(N)=O)=O)C=CC=C2,,2,,,,,0.050781,0.1333,,,,,2,1,19,,,,2.01,,,,76.9308,273.357,,,,,4.0,,,,,,,,2,5,,,60.16,,,1.0,,,,
5,bbb_permeability,classification,NB05_bbb_permeability,mometasone(mometasone-furoate),[C@H]34[C@H]2[C@@](Cl)([C@@]1(C(=CC(=O)C=C1)CC2)C)[C@@H](O)C[C@@]3([C@](O)([C@@H](C4)C)C(=O)CCl)C,,0,,,,,0.105469,0.7273,,,,,4,2,28,,,,3.4115,,,,108.3236,427.368,,,,,6.0,,,,,,,,4,2,,,74.6,,,1.0,,,,
5,bbb_permeability,classification,NB05_bbb_permeability,monometacrine,C1=CC=CC3=C1N(C2=C(C=CC=C2)C3(C)C)CCCNC,,2,,,,,0.058594,0.3684,,,,,2,1,21,,,,4.0735,,,,90.5617,280.415,,,,,2.0,,,,,,,,3,4,,,15.27,,,1.0,,,,
5,bbb_permeability,classification,NB05_bbb_permeability,morsuximide,C3=C(C2(C(N(CN1CCOCC1)C(C2)=O)=O)C)C=CC=C3,,1,,,,,0.072266,0.5,,,,,4,0,21,,,,0.9929,,,,77.523,288.347,,,,,5.0,,,,,,,,3,3,,,49.85,,,1.0,,,,
5,bbb_permeability,classification,NB05_bbb_permeability,mosapramine,C1=C(Cl)C=CC5=C1N(CCCN4CCC3(N2C(CCCC2)NC3=O)CC4)C6=C(CC5)C=CC=C6,,2,,,,,0.109375,0.5357,,,,,4,1,34,,,,4.7432,,,,137.8177,479.068,,,,,6.0,,,,,,,,6,4,,,38.82,,,1.0,,,,
5,bbb_permeability,classification,NB05_bbb_permeability,motrazepam,C1=C([N+](=O)[O-])C=CC2=C1C(=NCC(N2COC)=O)C3=CC=CC=C3,,2,,,,,0.089844,0.1765,,,,,5,0,24,,,,2.3827,,,,89.4064,325.324,,,,,7.0,,,,,,,,3,4,,,85.04,,,1.0,,,,
5,bbb_permeability,classification,NB05_bbb_permeability,moxadolen,[C@@H]13C=C[C@@H]([C@@]2([C@H]1[C@H](OC2=O)OC(NC)=O)C)C3,,0,,,,,0.078125,0.6667,,,,,4,1,17,,,,1.0537,,,,57.7547,237.255,,,,,5.0,,,,,,,,3,1,,,64.63,,,1.0,,,,
5,bbb_permeability,classification,NB05_bbb_permeability,moxiraprine,C(N1CCOCC1)CNC2=NNC(C=C2C)=C3C=CC(=O)C=C3,,0,,,,,0.087891,0.4118,,,,,6,2,23,,,,0.7204,,,,89.9024,314.389,,,,,6.0,,,,,,,,3,3,,,65.96,,,1.0,,,,
5,bbb_permeability,classification,NB05_bbb_permeability,myrophine,[C@@]126C3=C4C[C@H]([C@@H]1C=C[C@@H]([C@@H]2OC3=C(C=C4)OCC5=CC=CC=C5)OC(CCCCCCCCCCCCC)=O)N(CC6)C,,2,,,,,0.128906,0.6053,,,,,5,0,43,,,,8.3235,,,,171.637,585.829,,,,,5.0,,,,,,,,6,16,,,48.0,,,1.0,,,,
5,bbb_permeability,classification,NB05_bbb_permeability,nabazenil,C1=C(C(C(CCCCC)C)C)C=C(C2=C1OC(C3=C2CC(C)CC3)(C)C)OC(CCCN4CCCCCC4)=O,,1,,,,,0.134766,0.7429,,,,,4,0,39,,,,9.3127,,,,162.582,537.829,,,,,4.0,,,,,,,,4,11,,,38.77,,,1.0,,,,
5,bbb_permeability,classification,NB05_bbb_permeability,nabilone,[C@H]23C1=C(C=C(C(CCCCCC)(C)C)C=C1O)OC([C@@H]2CCC(C3)=O)(C)C,,1,,,,,0.097656,0.7083,,,,,3,1,27,,,,6.264,,,,109.6878,372.549,,,,,3.0,,,,,,,,3,6,,,46.53,,,1.0,,,,
5,bbb_permeability,classification,NB05_bbb_permeability,nafimidone,C2=C(C(C[N]1C=CN=C1)=O)C=CC3=CC=CC=C23,,3,,,,,0.068359,0.0667,,,,,3,0,18,,,,2.9192,,,,70.5055,236.274,,,,,3.0,,,,,,,,3,3,,,34.89,,,1.0,,,,
5,bbb_permeability,classification,NB05_bbb_permeability,naflocort,[C@]14([C@H]([C@H]3[C@](F)([C@@H](O)C1)[C@@]2(C(=CC(=O)C=C2)CC3)C)C[C@@H]6[C@]4(CC5=CC=CC=C5C6)C(=O)CO)C.O,,1,,,,,0.123047,0.5862,,,,,4,2,35,,,,3.1052,,,,129.2174,482.592,,,,,6.0,,,,,,,,6,2,,,106.1,,,1.0,,,,
5,bbb_permeability,classification,NB05_bbb_permeability,nalbuphine,OC1CCC2(O)C3Cc5ccc(O)c6OC1C2(CCN3CC4CCC4)c56,,1,,,,,0.097656,0.7143,,,,,5,3,26,,,,1.7073,,,,95.4144,357.45,,,,,5.0,,,,,,,,6,2,,,73.16,,,1.0,,,,
5,bbb_permeability,classification,NB05_bbb_permeability,nalmefene,[C@@]126C3=C4C[C@H]([C@@]1(CCC([C@@H]2OC3=C(C=C4)O)=C)O)N(CC5CC5)CC6,,1,,,,,0.095703,0.619,,,,,4,2,25,,,,2.5125,,,,93.9306,339.435,,,,,4.0,,,,,,,,6,2,,,52.93,,,1.0,,,,
5,bbb_permeability,classification,NB05_bbb_permeability,nalmexone,[C@@]125C3=C4C[C@H]([C@@]1(CCC([C@@H]2OC3=C(C=C4)O)=O)O)N(CC=C(C)C)CC5,,1,,,,,0.101562,0.5714,,,,,5,2,26,,,,2.0816,,,,96.5046,355.434,,,,,5.0,,,,,,,,5,2,,,70.0,,,1.0,,,,
5,bbb_permeability,classification,NB05_bbb_permeability,napactadine,C1=C(C=CC2=C1C=CC=C2)CC([NH2+]C)=NC.[Cl-],,2,,,,,0.056641,0.2143,,,,,1,1,17,,,,-1.3922,,,,68.8604,248.757,,,,,3.0,,,,,,,,2,2,,,28.97,,,1.0,,,,
5,bbb_permeability,classification,NB05_bbb_permeability,napamezole,C1=C2C(=CC=C1)CCC(=C2)CC3=NCNC3,,1,,,,,0.066406,0.3571,,,,,2,1,16,,,,2.408,,,,67.6617,212.296,,,,,2.0,,,,,,,,3,2,,,24.39,,,1.0,,,,
5,bbb_permeability,classification,NB05_bbb_permeability,naprodoxime,C2=C1C(=CC=CC1=CC=C2)OC(\C(=N\O)N)C,,2,,,,,0.0625,0.1538,,,,,3,2,17,,,,2.3535,,,,67.4469,230.267,,,,,4.0,,,,,,,,2,3,,,67.84,,,1.0,,,,
5,bbb_permeability,classification,NB05_bbb_permeability,nefazodone,[H+].C4=C(N3CCN(CCCN1N=C(N(C1=O)CCOC2=CC=CC=C2)CC)CC3)C=CC=C4Cl.[Cl-],,3,,,,,0.109375,0.44,,,,,7,0,34,,,,0.6684,,,,133.636,506.478,,,,,9.0,,,,,,,,4,10,,,55.53,,,1.0,,,,
5,bbb_permeability,classification,NB05_bbb_permeability,nefiracetam,C1=CC=C(C(=C1C)NC(CN2C(CCC2)=O)=O)C,,1,,,,,0.068359,0.4286,,,,,2,1,18,,,,1.8643,,,,70.3597,246.31,,,,,4.0,,,,,,,,2,3,,,49.41,,,1.0,,,,
5,bbb_permeability,classification,NB05_bbb_permeability,neflumozide,Fc5ccc4c(CCCN1CCC(CC1)n2c(=O)[nH]c3ccccc23)noc4c5,,4,,,,,0.113281,0.3636,,,,,5,1,29,,,,3.8796,,,,109.5577,394.45,,,,,7.0,,,,,,,,5,5,,,67.06,,,1.0,,,,
5,bbb_permeability,classification,NB05_bbb_permeability,nialamide,C1=CN=CC=C1C(NNCCC(NCC2=CC=CC=C2)=O)=O,,2,,,,,0.074219,0.1875,,,,,4,3,22,,,,1.0225,,,,82.6116,298.346,,,,,6.0,,,,,,,,2,7,,,83.12,,,1.0,,,,
5,bbb_permeability,classification,NB05_bbb_permeability,niaprazine,C1=CC(=CC=C1N3CCN(CCC(NC(C2=CC=CN=C2)=O)C)CC3)F,,2,,,,,0.091797,0.4,,,,,4,1,26,,,,2.5513,,,,100.8352,356.445,,,,,6.0,,,,,,,,3,6,,,48.47,,,1.0,,,,
5,bbb_permeability,classification,NB05_bbb_permeability,nicocortonide,[C@]125OC(O[C@@]([C@]1(C[C@H](O)[C@H]3[C@H]2CCC4=CC(=O)CC[C@]34C)C)(CC5)C(=O)COC(=O)C6=CC=NC=C6)\C=C/C,,1,,,,,0.130859,0.6129,,,,,8,1,39,,,,4.1206,,,,140.3703,535.637,,,,,8.0,,,,,,,,6,5,,,112.02,,,1.0,,,,
5,bbb_permeability,classification,NB05_bbb_permeability,nicomorphine,[C@@]127C3=C4C[C@H]([C@@H]1C=C[C@@H]([C@@H]2OC3=C(C=C4)OC(C5=CN=CC=C5)=O)OC(C6=CN=CC=C6)=O)N(C)CC7,,3,,,,,0.117188,0.3103,,,,,8,0,37,,,,3.3664,,,,132.541,495.535,,,,,8.0,,,,,,,,7,4,,,90.85,,,1.0,,,,
5,bbb_permeability,classification,NB05_bbb_permeability,nicopholine,C1=CC=NC=C1C(N2CCOCC2)=O,,1,,,,,0.056641,0.4,,,,,3,0,14,,,,0.554,,,,50.9595,192.218,,,,,4.0,,,,,,,,2,1,,,42.43,,,1.0,,,,
5,bbb_permeability,classification,NB05_bbb_permeability,nicotinamide,C(C1=CN=CC=C1)(=O)N,,1,,,,,0.042969,0.0,,,,,2,1,9,,,,0.1805,,,,32.7549,122.127,,,,,3.0,,,,,,,,1,1,,,55.98,,,1.0,,,,
5,bbb_permeability,classification,NB05_bbb_permeability,nikethamide,C1=CC=NC=C1C(N(CC)CC)=O,,1,,,,,0.054688,0.4,,,,,2,0,13,,,,1.5636,,,,51.4885,178.235,,,,,3.0,,,,,,,,1,3,,,33.2,,,1.0,,,,
5,bbb_permeability,classification,NB05_bbb_permeability,nimetazepam,C1=C([N+]([O-])=O)C=CC2=C1C(=NCC(=O)N2C)C3=CC=CC=C3,,2,,,,,0.080078,0.125,,,,,4,0,22,,,,2.4086,,,,83.4544,295.298,,,,,6.0,,,,,,,,3,2,,,75.81,,,1.0,,,,
5,bbb_permeability,classification,NB05_bbb_permeability,nisobamate,C(C(COC(N)=O)(C(CC)C)C)OC(NC(C)C)=O,,0,,,,,0.058594,0.8462,,,,,4,2,19,,,,2.2687,,,,72.7171,274.361,,,,,6.0,,,,,,,,0,7,,,90.65,,,1.0,,,,
5,bbb_permeability,classification,NB05_bbb_permeability,nisoxetine,C1=CC=CC=C1C(OC2=CC=CC=C2OC)CCNC,,2,,,,,0.0625,0.2941,,,,,3,1,20,,,,3.4248,,,,81.3487,271.36,,,,,3.0,,,,,,,,2,7,,,30.49,,,1.0,,,,
5,bbb_permeability,classification,NB05_bbb_permeability,nitrafudam,NC(=N)c1ccc(o1)c2ccccc2N(=O)=O,,2,,,,,0.066406,0.0,,,,,4,2,17,,,,2.1389,,,,61.8145,231.211,,,,,6.0,,,,,,,,2,3,,,106.15,,,1.0,,,,
5,bbb_permeability,classification,NB05_bbb_permeability,nivazol(nivacortol),[C@H]12C([C@@](O)(CC1)C#C)(CC[C@H]3C2CCC4=CC5=C(CC34C)C=N[N]5C6=CC=C(F)C=C6)C,,2,,,,,0.107422,0.5357,,,,,3,1,32,,,,5.5578,,,,123.3718,430.567,,,,,4.0,,,,,,,,6,1,,,38.05,,,1.0,,,,
5,bbb_permeability,classification,NB05_bbb_permeability,nomelidine,C1=CC(=CC=C1\C(C2=CC=CN=C2)=C\CNC)Br,,2,,,,,0.068359,0.1333,,,,,2,1,18,,,,3.4952,,,,79.3847,303.203,,,,,3.0,,,,,,,,2,4,,,24.92,,,1.0,,,,
5,bbb_permeability,classification,NB05_bbb_permeability,nomifensine,C1=CC=C(C3=C1C(C2=CC=CC=C2)CN(C)C3)N,,2,,,,,0.064453,0.25,,,,,2,1,18,,,,2.8461,,,,75.4734,238.334,,,,,2.0,,,,,,,,3,1,,,29.26,,,1.0,,,,
5,bbb_permeability,classification,NB05_bbb_permeability,nonapyrimine,C1=C[NH]C2=C1C(=NC=N2)NCCCCCCCCC,,2,,,,,0.0625,0.6,,,,,3,2,19,,,,4.1204,,,,80.3714,260.385,,,,,4.0,,,,,,,,2,9,,,53.6,,,1.0,,,,
5,bbb_permeability,classification,NB05_bbb_permeability,norflurane,C(C(F)(F)F)F,,0,,,,,0.015625,1.0,,,,,0,0,6,,,,1.5182,,,,12.03,102.03,,,,,4.0,,,,,,,,0,0,,,0.0,,,1.0,,,,
5,bbb_permeability,classification,NB05_bbb_permeability,norlevorphanol,C1=C(O)C=CC3=C1C24C(C(NCC2)C3)CCCC4,,1,,,,,0.070312,0.625,,,,,2,2,18,,,,2.7382,,,,71.8545,243.35,,,,,2.0,,,,,,,,4,0,,,32.26,,,1.0,,,,
5,bbb_permeability,classification,NB05_bbb_permeability,normorphine,C1=CC(=C3C2=C1CC5C4C2(C(O3)C(O)C=C4)CCN5)O,,1,,,,,0.083984,0.5,,,,,4,3,20,,,,0.8559,,,,72.9493,271.316,,,,,4.0,,,,,,,,5,0,,,61.72,,,1.0,,,,
5,bbb_permeability,classification,NB05_bbb_permeability,nortetrazepam,C1=C(Cl)C=CC2=C1C(=NCC(=O)N2)C3=CCCCC3,,1,,,,,0.080078,0.3333,,,,,2,1,19,,,,3.5816,,,,78.0367,274.751,,,,,4.0,,,,,,,,3,1,,,41.46,,,1.0,,,,
5,bbb_permeability,classification,NB05_bbb_permeability,noscapine,[C@@H]3(C1=C(C=C2C(=C1OC)OCO2)CCN3C)[C@@H]5C4=C(C(=C(OC)C=C4)OC)C(O5)=O,,2,,,,,0.107422,0.4091,,,,,8,0,30,,,,2.8818,,,,105.8945,413.426,,,,,8.0,,,,,,,,5,4,,,75.69,,,1.0,,,,
5,bbb_permeability,classification,NB05_bbb_permeability,noxiptiline,C1=CC=CC2=C1C(C3=C(CC2)C=CC=C3)=NOCCN(C)C,,2,,,,,0.0625,0.3158,,,,,3,0,22,,,,3.1158,,,,90.437,294.398,,,,,3.0,,,,,,,,3,4,,,24.83,,,1.0,,,,
5,bbb_permeability,classification,NB05_bbb_permeability,nuclotixene,C1=C(Cl)C=CC3=C1\C(C2=C(C=CC=C2)S3)=C\C4C5CCN(C4)CC5,,2,,,,,0.080078,0.3333,,,,,2,0,24,,,,5.5781,,,,101.75,353.918,,,,,3.0,,,,,,,,6,1,,,3.24,,,1.0,,,,
5,bbb_permeability,classification,NB05_bbb_permeability,ocaperidone,C1=CC(=CC2=C1C(=NO2)C5CCN(CCC3=C(N=C4N(C3=O)C=CC=C4C)C)CC5)F,,4,,,,,0.117188,0.375,,,,,6,0,31,,,,4.0137,,,,117.022,420.488,,,,,7.0,,,,,,,,5,4,,,63.64,,,1.0,,,,
5,bbb_permeability,classification,NB05_bbb_permeability,ocinaplon,C1=N[N]3C(=C1C(C2=NC=CC=C2)=O)N=CC=C3C4=CC=NC=C4,,4,,,,,0.076172,0.0,,,,,6,0,23,,,,2.4173,,,,83.8875,301.309,,,,,6.0,,,,,,,,4,3,,,73.04,,,1.0,,,,
5,bbb_permeability,classification,NB05_bbb_permeability,octamoxin,C(C(NN)C)CCCCC,,0,,,,,0.039062,1.0,,,,,2,2,10,,,,1.8086,,,,45.5441,144.262,,,,,2.0,,,,,,,,0,6,,,38.05,,,1.0,,,,
5,bbb_permeability,classification,NB05_bbb_permeability,octriptyline,CNCCC=C3c1ccccc1C2CC2c4ccccc34,,2,,,,,0.0625,0.3,,,,,1,1,21,,,,4.3123,,,,88.6057,275.395,,,,,1.0,,,,,,,,4,3,,,12.03,,,1.0,,,,
5,bbb_permeability,classification,NB05_bbb_permeability,omiloxetine,[C@H]2([C@H](CN(CC(C1=CC=C(F)C=C1)=O)CC2)COC4=CC3=C(OCO3)C=C4)C5=CC=C(F)C=C5,,3,,,,,0.103516,0.2963,,,,,5,0,34,,,,5.0609,,,,122.4785,465.496,,,,,7.0,,,,,,,,5,7,,,48.0,,,1.0,,,,
5,bbb_permeability,classification,NB05_bbb_permeability,oxaflozane,C2=C(C1CN(CCO1)C(C)C)C=CC(=C2)C(F)(F)F,,1,,,,,0.066406,0.5714,,,,,2,0,19,,,,3.4871,,,,66.846,273.298,,,,,5.0,,,,,,,,2,2,,,12.47,,,1.0,,,,
5,bbb_permeability,classification,NB05_bbb_permeability,oxcarbazepine,C1=CC=CC3=C1N(C2=C(C=CC=C2)CC3=O)C(N)=O,,2,,,,,0.058594,0.0667,,,,,2,1,19,,,,2.6422,,,,72.6409,252.273,,,,,4.0,,,,,,,,3,0,,,63.4,,,1.0,,,,
5,bbb_permeability,classification,NB05_bbb_permeability,oxifentorex,C1=CC=CC=C1C[N+](C(CC2=CC=CC=C2)C)(C)[O-],,2,,,,,0.050781,0.2941,,,,,1,0,19,,,,3.7622,,,,79.3054,255.361,,,,,2.0,,,,,,,,2,5,,,23.06,,,1.0,,,,
5,bbb_permeability,classification,NB05_bbb_permeability,oxiracetam,C(N1CC(O)CC1=O)C(N)=O,,0,,,,,0.050781,0.6667,,,,,3,2,11,,,,-1.9351,,,,36.3982,158.157,,,,,5.0,,,,,,,,1,2,,,83.63,,,1.0,,,,
5,bbb_permeability,classification,NB05_bbb_permeability,oxisopred,[C@H]34C1[C@@H](C2(C(C(=O)CC1)C(=O)C=C2)C)C(O)CC3([C@](O)(CC4)C(OC)=O)C,,0,,,,,0.09375,0.7619,,,,,6,2,27,,,,1.4281,,,,95.3856,376.449,,,,,6.0,,,,,,,,4,1,,,100.9,,,1.0,,,,
5,bbb_permeability,classification,NB05_bbb_permeability,oxitriptan,C1=C(O)C=CC2=C1C(=C[NH]2)CC(C(O)=O)N,,2,,,,,0.064453,0.1818,,,,,3,4,16,,,,0.8279,,,,59.2787,220.228,,,,,5.0,,,,,,,,2,3,,,99.34,,,1.0,,,,
5,bbb_permeability,classification,NB05_bbb_permeability,oxitriptyline,CN(C)C(=O)COC2c1ccccc1CCc3ccccc23,,2,,,,,0.060547,0.3158,,,,,2,0,22,,,,2.9794,,,,86.781,295.382,,,,,3.0,,,,,,,,3,3,,,29.54,,,1.0,,,,
5,bbb_permeability,classification,NB05_bbb_permeability,pagoclone,C4=C3C(N(C1=CC=C2C(=N1)N=C(Cl)C=C2)C(=O)C3=CC=C4)CC(CCC(C)C)=O,,3,,,,,0.101562,0.3043,,,,,4,0,29,,,,5.3801,,,,114.2365,407.901,,,,,6.0,,,,,,,,4,6,,,63.16,,,1.0,,,,
5,bbb_permeability,classification,NB05_bbb_permeability,panadiplon,C1=NC(=C3[N]1C2=C(C=CC=C2)N(C3=O)C(C)C)C4=NOC(=N4)C5CC5,,4,,,,,0.095703,0.3333,,,,,7,0,25,,,,3.1575,,,,92.61,335.367,,,,,7.0,,,,,,,,5,3,,,78.22,,,1.0,,,,
5,bbb_permeability,classification,NB05_bbb_permeability,panamesine,[C@H]5(CN3CCC(C2=CC1=C(OCO1)C=C2)(CC3)O)CN(C4=CC=C(OC)C=C4)C(O5)=O,,2,,,,,0.107422,0.4348,,,,,7,1,31,,,,2.7327,,,,112.7448,426.469,,,,,8.0,,,,,,,,5,5,,,80.7,,,1.0,,,,
5,bbb_permeability,classification,NB05_bbb_permeability,pancopride,C3=C(C(NC1C2CCN(C1)CC2)=O)C(=CC(=C3Cl)N)OCC4CC4,,1,,,,,0.09375,0.6111,,,,,4,2,24,,,,2.535,,,,94.5016,349.862,,,,,6.0,,,,,,,,5,5,,,67.59,,,1.0,,,,
5,bbb_permeability,classification,NB05_bbb_permeability,panuramine,C1=C4C(=CC=C1CN3CCC(NC(NC(C2=CC=CC=C2)=O)=O)CC3)C=CC=C4,,3,,,,,0.085938,0.25,,,,,3,2,29,,,,3.9438,,,,114.6869,387.483,,,,,5.0,,,,,,,,4,4,,,61.44,,,1.0,,,,
5,bbb_permeability,classification,NB05_bbb_permeability,paraldehyde,CC1OC(C)OC(O1)C,,0,,,,,0.015625,1.0,,,,,3,0,9,,,,1.0878,,,,31.641,132.159,,,,,3.0,,,,,,,,1,0,,,27.69,,,1.0,,,,
5,bbb_permeability,classification,NB05_bbb_permeability,paramethasone-acetate,[C@]34([C@H]([C@H]2[C@@H]([C@@]1(C(=CC(=O)C=C1)[C@H](C2)F)C)[C@H](C3)O)C[C@H]([C@@]4(C(COC(C)=O)=O)O)C)C,,0,,,,,0.111328,0.7083,,,,,6,2,31,,,,2.3224,,,,109.4216,434.504,,,,,7.0,,,,,,,,4,3,,,100.9,,,1.0,,,,
5,bbb_permeability,classification,NB05_bbb_permeability,pargyline,C1=CC=CC=C1CN(CC#C)C,,1,,,,,0.046875,0.2727,,,,,1,0,12,,,,1.7516,,,,51.609,159.232,,,,,1.0,,,,,,,,1,3,,,3.24,,,1.0,,,,
5,bbb_permeability,classification,NB05_bbb_permeability,paroxetine,[C@@H]3([C@H](COC1=CC=C2C(=C1)OCO2)CNCC3)C4=CC=C(C=C4)F,,2,,,,,0.082031,0.3684,,,,,4,1,24,,,,3.3265,,,,88.1777,329.371,,,,,5.0,,,,,,,,4,4,,,39.72,,,1.0,,,,
5,bbb_permeability,classification,NB05_bbb_permeability,pazinaclone,C1=CC=CC2=C1C(N(C2=O)C3=NC4=C(C=C3)C=CC(=N4)Cl)CC(=O)N6CCC5(OCCO5)CC6,,3,,,,,0.111328,0.36,,,,,6,0,34,,,,3.7403,,,,125.6065,478.936,,,,,9.0,,,,,,,,6,3,,,84.86,,,1.0,,,,
5,bbb_permeability,classification,NB05_bbb_permeability,penfluridol,C4=C(C(CCCN1CCC(CC1)(C2=CC=C(C(=C2)C(F)(F)F)Cl)O)C3=CC=C(C=C3)F)C=CC(=C4)F,,3,,,,,0.095703,0.3571,,,,,2,1,36,,,,7.5327,,,,129.9018,523.973,,,,,8.0,,,,,,,,4,7,,,23.47,,,1.0,,,,
5,bbb_permeability,classification,NB05_bbb_permeability,pentabamate,CC(C(C(OC(N)=O)C)C)OC(N)=O,,0,,,,,0.033203,0.75,,,,,4,2,14,,,,0.5901,,,,49.4248,204.226,,,,,6.0,,,,,,,,0,4,,,104.64,,,1.0,,,,
5,bbb_permeability,classification,NB05_bbb_permeability,pentamorphone,[C@]135[C@@]4([C@@H](CC2=C1C(=C(C=C2)O)O[C@H]3C(=O)C=C4)N(C)CC5)NCCCCC,,1,,,,,0.105469,0.5909,,,,,5,2,27,,,,2.3087,,,,103.3455,368.477,,,,,5.0,,,,,,,,5,5,,,61.8,,,1.0,,,,
5,bbb_permeability,classification,NB05_bbb_permeability,penthrichloral,C(C1(COC(C(Cl)(Cl)Cl)OC1)CO)O,,0,,,,,0.042969,1.0,,,,,4,2,14,,,,0.7005,,,,52.5866,265.52,,,,,7.0,,,,,,,,1,2,,,58.92,,,1.0,,,,
5,bbb_permeability,classification,NB05_bbb_permeability,pentiapine,CN1CCN(CC1)C3=Nc2ccccc2Sc4nccn34,,2,,,,,0.078125,0.3333,,,,,6,0,21,,,,2.1309,,,,84.355,299.403,,,,,6.0,,,,,,,,4,0,,,36.66,,,1.0,,,,
5,bbb_permeability,classification,NB05_bbb_permeability,perafensine,C2=C1C(=NC(=CC1=CC=C2)N3CCNCC3)C4=CC=CC=C4,,3,,,,,0.066406,0.2105,,,,,3,1,22,,,,3.3114,,,,92.2617,289.382,,,,,3.0,,,,,,,,4,2,,,28.16,,,1.0,,,,
5,bbb_permeability,classification,NB05_bbb_permeability,perospirone,[C@@H]45C(N(CCCCN3CCN(C1=NSC2=C1C=CC=C2)CC3)C([C@@H]4CCCC5)=O)=O,,2,,,,,0.085938,0.6087,,,,,6,0,30,,,,3.3737,,,,119.675,426.586,,,,,7.0,,,,,,,,5,6,,,56.75,,,1.0,,,,
5,bbb_permeability,classification,NB05_bbb_permeability,perphenazine,C1=C(Cl)C=CC3=C1N(C2=C(C=CC=C2)S3)CCCN4CCN(CCO)CC4,,2,,,,,0.080078,0.4286,,,,,5,1,27,,,,3.9427,,,,113.6058,403.979,,,,,6.0,,,,,,,,4,6,,,29.95,,,1.0,,,,
5,bbb_permeability,classification,NB05_bbb_permeability,petrichloral,C(C(COC(C(Cl)(Cl)Cl)O)(COC(C(Cl)(Cl)Cl)O)COC(C(Cl)(Cl)Cl)O)OC(C(Cl)(Cl)Cl)O,,0,,,,,0.035156,1.0,,,,,8,4,33,,,,4.7936,,,,131.4282,725.699,,,,,20.0,,,,,,,,0,12,,,117.84,,,1.0,,,,
5,bbb_permeability,classification,NB05_bbb_permeability,phenacemide,C1=CC=CC=C1CC(NC(N)=O)=O,,1,,,,,0.044922,0.1111,,,,,2,2,13,,,,0.424,,,,47.8721,178.191,,,,,4.0,,,,,,,,1,2,,,72.19,,,1.0,,,,
5,bbb_permeability,classification,NB05_bbb_permeability,phenazocine,C1=C(C=CC2=C1C3(C)C(C)C(C2)N(CC3)CCC4=CC=CC=C4)O,,2,,,,,0.087891,0.4545,,,,,2,1,24,,,,4.1591,,,,98.4508,321.464,,,,,2.0,,,,,,,,4,3,,,23.47,,,1.0,,,,
5,bbb_permeability,classification,NB05_bbb_permeability,pheneturide,C1=CC=CC=C1C(C(NC(N)=O)=O)CC,,1,,,,,0.056641,0.2727,,,,,2,2,15,,,,1.3751,,,,57.2001,206.245,,,,,4.0,,,,,,,,1,3,,,72.19,,,1.0,,,,
5,bbb_permeability,classification,NB05_bbb_permeability,phenmetrazine,C2=C(C1C(C)NCCO1)C=CC=C2,,1,,,,,0.050781,0.4545,,,,,2,1,13,,,,1.736,,,,52.5997,177.247,,,,,2.0,,,,,,,,2,1,,,21.26,,,1.0,,,,
5,bbb_permeability,classification,NB05_bbb_permeability,phenoxypropazine(fenoxypropazine),C1=C(OCC(NN)C)C=CC=C1,,1,,,,,0.048828,0.3333,,,,,3,2,12,,,,0.9172,,,,48.7221,166.224,,,,,3.0,,,,,,,,1,4,,,47.28,,,1.0,,,,
5,bbb_permeability,classification,NB05_bbb_permeability,phensuximide,C1=CC=CC=C1C2C(N(C)C(C2)=O)=O,,1,,,,,0.050781,0.2727,,,,,2,0,14,,,,1.1589,,,,51.577,189.214,,,,,3.0,,,,,,,,2,1,,,37.38,,,1.0,,,,
5,bbb_permeability,classification,NB05_bbb_permeability,phenyl-salicylate,C1(=CC=CC=C1)OC2=CC=CC=C2C(=O)[O-],,2,,,,,0.048828,0.0,,,,,3,0,16,,,,1.8424,,,,57.2885,213.212,,,,,3.0,,,,,,,,2,3,,,49.36,,,1.0,,,,
5,bbb_permeability,classification,NB05_bbb_permeability,phenytoin,C1=CC=CC=C1C3(C2=CC=CC=C2)NC(=O)NC3=O,,2,,,,,0.042969,0.0667,,,,,2,2,19,,,,1.7696,,,,70.3384,252.273,,,,,4.0,,,,,,,,3,2,,,58.2,,,1.0,,,,
5,bbb_permeability,classification,NB05_bbb_permeability,phetharbital,C1=CC=CC=C1N2C(C(C(NC2=O)=O)(CC)CC)=O,,1,,,,,0.056641,0.3571,,,,,3,1,19,,,,2.0758,,,,70.4817,260.293,,,,,5.0,,,,,,,,2,3,,,66.48,,,1.0,,,,
5,bbb_permeability,classification,NB05_bbb_permeability,piberaline,C3=C(C(N2CCN(CC1=CC=CC=C1)CC2)=O)N=CC=C3,,2,,,,,0.068359,0.2941,,,,,3,0,21,,,,2.0396,,,,81.8595,281.359,,,,,4.0,,,,,,,,3,3,,,36.44,,,1.0,,,,
5,bbb_permeability,classification,NB05_bbb_permeability,picenadol,[C@]2(C1=CC(=CC=C1)O)([C@H](CN(C)CC2)C)CCC,,1,,,,,0.076172,0.625,,,,,2,1,18,,,,3.4017,,,,75.9708,247.382,,,,,2.0,,,,,,,,2,3,,,23.47,,,1.0,,,,
5,bbb_permeability,classification,NB05_bbb_permeability,pidolacetamol,[C@H]2(C(OC1=CC=C(NC(C)=O)C=C1)=O)NC(=O)CC2,,1,,,,,0.070312,0.3077,,,,,4,2,19,,,,0.829,,,,67.5454,262.265,,,,,6.0,,,,,,,,2,3,,,84.5,,,1.0,,,,
5,bbb_permeability,classification,NB05_bbb_permeability,pipequaline,C2=C(C1=CC=CC=C1)N=C4C(=C2CCC3CCNCC3)C=CC=C4,,3,,,,,0.072266,0.3182,,,,,2,1,24,,,,4.834,,,,101.0937,316.448,,,,,2.0,,,,,,,,4,4,,,24.92,,,1.0,,,,
5,bbb_permeability,classification,NB05_bbb_permeability,piperacetazine,C1=C(C(C)=O)C=CC3=C1N(C2=C(C=CC=C2)S3)CCCN4CCC(CCO)CC4,,2,,,,,0.099609,0.4583,,,,,5,1,29,,,,4.9764,,,,119.5013,410.583,,,,,5.0,,,,,,,,4,7,,,43.78,,,1.0,,,,
5,bbb_permeability,classification,NB05_bbb_permeability,piperilate(pipethanate),C3=C(C(C1=CC=CC=C1)(C(OCCN2CCCCC2)=O)O)C=CC=C3,,2,,,,,0.068359,0.381,,,,,4,1,25,,,,2.9516,,,,97.1328,339.435,,,,,4.0,,,,,,,,3,6,,,49.77,,,1.0,,,,
5,bbb_permeability,classification,NB05_bbb_permeability,pipofezine,C2=C(N1CCN(C)CC1)N=NC3=C2N(C4=C(O3)C=CC=C4)C,,2,,,,,0.072266,0.375,,,,,6,0,22,,,,2.102,,,,86.321,297.362,,,,,6.0,,,,,,,,4,1,,,44.73,,,1.0,,,,
5,bbb_permeability,classification,NB05_bbb_permeability,pipotiazine-palmitate,C1=C([S](N(C)C)(=O)=O)C=CC3=C1N(C2=C(C=CC=C2)S3)CCCN4CCC(CCOC(CCCCCCCCCCCCCCC)=O)CC4,,2,,,,,0.128906,0.675,,,,,7,0,49,,,,10.0563,,,,204.5548,714.095,,,,,9.0,,,,,,,,4,23,,,70.16,,,1.0,,,,
5,bbb_permeability,classification,NB05_bbb_permeability,piquindone,[C@H]12C(C3=C(C[C@@H]1CCN(C2)C)[NH]C(=C3CC)C)=O,,1,,,,,0.078125,0.6667,,,,,2,1,18,,,,2.1922,,,,72.0362,246.354,,,,,3.0,,,,,,,,3,1,,,36.1,,,1.0,,,,
5,bbb_permeability,classification,NB05_bbb_permeability,piracetam,C(N1C(CCC1)=O)C(N)=O,,0,,,,,0.046875,0.6667,,,,,2,1,10,,,,-0.9059,,,,35.0084,142.158,,,,,4.0,,,,,,,,1,2,,,63.4,,,1.0,,,,
5,bbb_permeability,classification,NB05_bbb_permeability,pirandamine,C1=CC=CC2=C1C3=C(C2)CCOC3(CCN(C)C)C,,1,,,,,0.076172,0.5294,,,,,2,0,19,,,,3.127,,,,79.211,257.377,,,,,2.0,,,,,,,,3,3,,,12.47,,,1.0,,,,
5,bbb_permeability,classification,NB05_bbb_permeability,piriqualone,C1=CC=CC(=C1N2C(=NC3=C(C2=O)C=CC=C3)\C=C\C4=NC=CC=C4)C,,4,,,,,0.082031,0.0455,,,,,4,0,26,,,,4.2595,,,,105.242,339.398,,,,,4.0,,,,,,,,4,3,,,47.78,,,1.0,,,,
5,bbb_permeability,classification,NB05_bbb_permeability,piritramide,C1=CC=CC=C1C(C2=CC=CC=C2)(CCN4CCC(N3CCCCC3)(C(N)=O)CC4)C#N,,2,,,,,0.087891,0.4815,,,,,4,1,32,,,,3.6922,,,,126.9174,430.596,,,,,5.0,,,,,,,,4,7,,,73.36,,,1.0,,,,
5,bbb_permeability,classification,NB05_bbb_permeability,pirlindole,[N]14C3=C(C2=C1C=CC(=C2)C)CCCC3NCC4.[H+].[Cl-],,2,,,,,0.078125,0.4667,,,,,2,1,18,,,,0.0468,,,,71.4687,262.784,,,,,3.0,,,,,,,,4,0,,,16.96,,,1.0,,,,
5,bbb_permeability,classification,NB05_bbb_permeability,pivagabine,C(NC(C(C)(C)C)=O)CCC(O)=O,,0,,,,,0.044922,0.7778,,,,,2,2,13,,,,1.0135,,,,49.3345,187.239,,,,,4.0,,,,,,,,0,4,,,66.4,,,1.0,,,,
5,bbb_permeability,classification,NB05_bbb_permeability,pivoxazepam,C1=C(Cl)C=CC2=C1C(=NC(C(=O)N2)OC(C(C)(C)C)=O)C3=CC=CC=C3,,2,,,,,0.091797,0.25,,,,,4,1,26,,,,4.0449,,,,101.4977,370.836,,,,,6.0,,,,,,,,3,2,,,67.76,,,1.0,,,,
5,bbb_permeability,classification,NB05_bbb_permeability,pramiracetam,C(N1C(CCC1)=O)C(NCCN(C(C)C)C(C)C)=O,,0,,,,,0.072266,0.8571,,,,,3,1,19,,,,0.8438,,,,75.8017,269.389,,,,,5.0,,,,,,,,1,7,,,52.65,,,1.0,,,,
5,bbb_permeability,classification,NB05_bbb_permeability,prazitone,C1=CC=CC=C1C3(CC2CCCCN2)C(NC(=O)NC3=O)=O,,1,,,,,0.070312,0.4375,,,,,4,3,22,,,,0.8226,,,,80.0601,301.346,,,,,6.0,,,,,,,,3,3,,,87.3,,,1.0,,,,
5,bbb_permeability,classification,NB05_bbb_permeability,prednicarbate,[C@@]4([C@@]3([C@H]([C@H]2[C@@H]([C@@]1(C(=CC(=O)C=C1)CC2)C)[C@H](C3)O)CC4)C)(C(COC(CC)=O)=O)OC(OCC)=O,,0,,,,,0.117188,0.7037,,,,,8,1,35,,,,3.6993,,,,125.1008,488.577,,,,,8.0,,,,,,,,4,6,,,116.2,,,1.0,,,,
5,bbb_permeability,classification,NB05_bbb_permeability,prednisolamate,C(C(C4(C3(C(C2C(C1(C(=CC(=O)C=C1)CC2)C)C(C3)O)CC4)C)O)=O)OC(CN(CC)CC)=O,,0,,,,,0.115234,0.7407,,,,,7,2,34,,,,2.4503,,,,126.7096,473.61,,,,,7.0,,,,,,,,4,7,,,104.14,,,1.0,,,,
5,bbb_permeability,classification,NB05_bbb_permeability,prednisolone-steaglate,[C@H]34[C@H]2[C@@H]([C@@]1(C(=CC(=O)C=C1)CC2)C)[C@@H](O)C[C@@]3([C@](C(COC(COC(CCCCCCCCCCCCCCCCC)=O)=O)=O)(O)CC4)C,,0,,,,,0.117188,0.8049,,,,,8,2,49,,,,7.9132,,,,189.4266,684.955,,,,,8.0,,,,,,,,4,21,,,127.2,,,1.0,,,,
5,bbb_permeability,classification,NB05_bbb_permeability,prednisolone-tebutate,[C@]34([C@H]([C@H]2[C@@H]([C@@]1(C(=CC(=O)C=C1)CC2)C)[C@H](C3)O)CC[C@@]4(C(COC(CC(C)(C)C)=O)=O)O)C,,0,,,,,0.109375,0.7407,,,,,6,2,33,,,,3.5447,,,,122.9936,458.595,,,,,6.0,,,,,,,,4,4,,,100.9,,,1.0,,,,
5,bbb_permeability,classification,NB05_bbb_permeability,prednylidene,C(C(C3(C(CC4C2CCC1=CC(C=CC1(C)C2C(CC34C)O)=O)=C)O)=O)O,,0,,,,,0.097656,0.6364,,,,,5,3,27,,,,1.7237,,,,99.5714,372.461,,,,,5.0,,,,,,,,4,2,,,94.83,,,1.0,,,,
5,bbb_permeability,classification,NB05_bbb_permeability,pregabalin,[C@@H](CC(=O)O)(CC(C)C)CN,,0,,,,,0.042969,0.875,,,,,2,2,11,,,,1.0821,,,,44.2522,159.229,,,,,3.0,,,,,,,,0,5,,,63.32,,,1.0,,,,
5,bbb_permeability,classification,NB05_bbb_permeability,pregnenolone-succinate,C(C(OC4CC3=CCC2C1C(C(CC1)C(C)=O)(CCC2C3(CC4)C)C)=O)CC(O)=O,,0,,,,,0.097656,0.8,,,,,4,1,30,,,,4.931,,,,112.6238,416.558,,,,,5.0,,,,,,,,4,5,,,80.67,,,1.0,,,,
5,bbb_permeability,classification,NB05_bbb_permeability,pridefine,[H+].C3=C(C(=C1CCN(C1)CC)C2=CC=CC=C2)C=CC=C3.[Cl-],,2,,,,,0.058594,0.2632,,,,,1,0,21,,,,1.3306,,,,86.749,299.845,,,,,2.0,,,,,,,,3,3,,,3.24,,,1.0,,,,
5,bbb_permeability,classification,NB05_bbb_permeability,procarbazine,C1=CC(=CC=C1C(NC(C)C)=O)CNNC,,1,,,,,0.058594,0.4167,,,,,3,3,16,,,,1.0488,,,,64.9436,221.304,,,,,4.0,,,,,,,,1,5,,,53.16,,,1.0,,,,
5,bbb_permeability,classification,NB05_bbb_permeability,procymate,C(C(C1CCCCC1)OC(N)=O)C,,0,,,,,0.052734,0.9,,,,,2,1,13,,,,2.4406,,,,51.3224,185.267,,,,,3.0,,,,,,,,1,3,,,52.32,,,1.0,,,,
5,bbb_permeability,classification,NB05_bbb_permeability,proflazepam,C1=C(Cl)C=CC2=C1C(=NCC(N2CC(CO)O)=O)C3=CC=CC=C3F,,2,,,,,0.095703,0.2222,,,,,4,2,25,,,,2.0163,,,,93.8036,362.788,,,,,7.0,,,,,,,,3,4,,,73.13,,,1.0,,,,
5,bbb_permeability,classification,NB05_bbb_permeability,progabide,C2=C(\C(NCCCC(=O)N)=C/1C=C(F)C=CC1=O)C=CC(=C2)Cl,,1,,,,,0.080078,0.1765,,,,,3,2,23,,,,2.8985,,,,88.1411,334.778,,,,,6.0,,,,,,,,2,6,,,72.19,,,1.0,,,,
5,bbb_permeability,classification,NB05_bbb_permeability,prolintane,C1=CC=CC=C1CC(N2CCCC2)CCC,,1,,,,,0.056641,0.6,,,,,1,0,16,,,,3.4936,,,,69.649,217.356,,,,,1.0,,,,,,,,2,5,,,3.24,,,1.0,,,,
5,bbb_permeability,classification,NB05_bbb_permeability,promoxolane,C(C1OC(C(C)C)(C(C)C)OC1)O,,0,,,,,0.046875,1.0,,,,,3,1,13,,,,1.4024,,,,50.3178,188.267,,,,,3.0,,,,,,,,1,3,,,38.69,,,1.0,,,,
5,bbb_permeability,classification,NB05_bbb_permeability,propacetamol,C1=CC(=CC=C1OC(CN(CC)CC)=O)NC(C)=O,,1,,,,,0.0625,0.4286,,,,,4,1,19,,,,1.8922,,,,74.1687,264.325,,,,,5.0,,,,,,,,1,6,,,58.64,,,1.0,,,,
5,bbb_permeability,classification,NB05_bbb_permeability,propanidid,[CH2-][CH-]C,,0,,,,,0.011719,0.3333,,,,,0,0,3,,,,1.0447,,,,15.331,42.081,,,,,0.0,,,,,,,,0,0,,,0.0,,,1.0,,,,
5,bbb_permeability,classification,NB05_bbb_permeability,propizepine,C1=CC=CC2=C1N(C(C3=C(N2)N=CC=C3)=O)CC(N(C)C)C,,2,,,,,0.082031,0.2941,,,,,4,1,22,,,,2.7355,,,,88.7872,296.374,,,,,5.0,,,,,,,,3,3,,,48.47,,,1.0,,,,
5,bbb_permeability,classification,NB05_bbb_permeability,propofol,C1=CC=C(C(=C1C(C)C)O)C(C)C,,1,,,,,0.033203,0.5,,,,,1,1,13,,,,3.639,,,,56.2848,178.275,,,,,1.0,,,,,,,,1,2,,,20.23,,,1.0,,,,
5,bbb_permeability,classification,NB05_bbb_permeability,propyperone,C1=CC(=CC=C1C(CCCN3CCC(N2CCCCC2)(CC3)C(CC)=O)=O)F,,1,,,,,0.085938,0.6522,,,,,4,0,28,,,,4.0882,,,,109.0915,388.527,,,,,5.0,,,,,,,,3,8,,,40.62,,,1.0,,,,
5,bbb_permeability,classification,NB05_bbb_permeability,prothixene,C1=CC=CC3=C1C(C2=C(C=CC=C2)S3)=CCCN(C)C,,2,,,,,0.056641,0.2222,,,,,2,0,20,,,,4.5346,,,,87.257,281.424,,,,,2.0,,,,,,,,3,3,,,3.24,,,1.0,,,,
5,bbb_permeability,classification,NB05_bbb_permeability,proxibarbal,C(C1(C(NC(=O)NC1=O)=O)CC=C)C(C)O,,0,,,,,0.056641,0.5,,,,,4,3,16,,,,-0.3142,,,,55.2262,226.232,,,,,6.0,,,,,,,,1,4,,,95.5,,,1.0,,,,
5,bbb_permeability,classification,NB05_bbb_permeability,proxorphan,Oc5ccc4CC2C1CCOCC1(CCN2CC3CC3)c4c5,,1,,,,,0.087891,0.6842,,,,,3,1,22,,,,2.7069,,,,85.1168,299.414,,,,,3.0,,,,,,,,5,2,,,32.7,,,1.0,,,,
5,bbb_permeability,classification,NB05_bbb_permeability,proxyphylline,C1=NC2=C([N]1CC(C)O)C(N(C)C(N2C)=O)=O,,2,,,,,0.060547,0.5,,,,,7,1,17,,,,-1.1855,,,,61.8958,238.247,,,,,7.0,,,,,,,,2,2,,,82.05,,,1.0,,,,
5,bbb_permeability,classification,NB05_bbb_permeability,psilocybine,C1=CC=C(C2=C1[NH]C=C2CCN(C)C)O[P](O)(O)=O,,2,,,,,0.076172,0.3333,,,,,3,3,19,,,,1.7435,,,,73.2288,284.252,,,,,7.0,,,,,,,,2,5,,,85.79,,,1.0,,,,
5,bbb_permeability,classification,NB05_bbb_permeability,pyridarone,C2=C(C1=CC=NC=C1)OC3=C2C=CC=C3,,3,,,,,0.050781,0.0,,,,,2,0,15,,,,3.4948,,,,59.445,195.221,,,,,2.0,,,,,,,,3,1,,,26.03,,,1.0,,,,
5,bbb_permeability,classification,NB05_bbb_permeability,pyritinol,C1=C(C(=C(C(=N1)C)O)CO)CSSCC2=CN=C(C(=C2CO)O)C,,2,,,,,0.050781,0.375,,,,,8,4,24,,,,2.5708,,,,95.7132,368.48,,,,,8.0,,,,,,,,2,7,,,106.7,,,1.0,,,,
5,bbb_permeability,classification,NB05_bbb_permeability,quetiapine,C1=CC=CC3=C1C(=NC2=CC=CC=C2S3)N4CCN(CCOCCO)CC4,,2,,,,,0.083984,0.381,,,,,6,1,27,,,,2.856,,,,109.1218,383.517,,,,,6.0,,,,,,,,4,5,,,48.3,,,1.0,,,,
5,bbb_permeability,classification,NB05_bbb_permeability,quilostigmine,[C@@]45(C1=C(C=CC(=C1)OC(N3CC2=CC=CC=C2CC3)=O)N([C@H]4N(C)CC5)C)C,,2,,,,,0.097656,0.4348,,,,,4,0,28,,,,3.6128,,,,109.812,377.488,,,,,5.0,,,,,,,,5,1,,,36.02,,,1.0,,,,
5,bbb_permeability,classification,NB05_bbb_permeability,quinagolide,C1=CC=C(C2=C1CC3C(C2)CC(N[S](N(CC)CC)(=O)=O)CN3CCC)O,,1,,,,,0.09375,0.7,,,,,4,2,27,,,,2.1361,,,,108.0383,395.569,,,,,7.0,,,,,,,,3,7,,,72.88,,,1.0,,,,
5,bbb_permeability,classification,NB05_bbb_permeability,ramciclane,C1=CC=CC=C1CC2(C3(C(C)(C)C(C2)CC3)C)OCCN(C)C,,1,,,,,0.082031,0.7143,,,,,2,0,23,,,,4.3923,,,,96.612,315.501,,,,,2.0,,,,,,,,3,6,,,12.47,,,1.0,,,,
5,bbb_permeability,classification,NB05_bbb_permeability,rasagiline,[C@@H]1(C2=C(CC1)C=CC=C2)NCC#C,,1,,,,,0.056641,0.3333,,,,,1,1,13,,,,1.8967,,,,54.3397,171.243,,,,,1.0,,,,,,,,2,2,,,12.03,,,1.0,,,,
5,bbb_permeability,classification,NB05_bbb_permeability,reclazepam,C1=CC(=CC3=C1N(C2=NC(=O)CO2)CCN=C3C4=CC=CC=C4Cl)Cl,,2,,,,,0.089844,0.1667,,,,,4,0,25,,,,3.5636,,,,99.15,374.227,,,,,7.0,,,,,,,,4,1,,,54.26,,,1.0,,,,
5,bbb_permeability,classification,NB05_bbb_permeability,remacemide,C1=CC=CC=C1C(CC2=CC=CC=C2)(NC(CN)=O)C,,2,,,,,0.0625,0.2353,,,,,2,2,20,,,,2.2194,,,,81.1371,268.36,,,,,3.0,,,,,,,,2,5,,,55.12,,,1.0,,,,
5,bbb_permeability,classification,NB05_bbb_permeability,remifentanil,C1=CC=CC=C1N(C2(CCN(CCC(OC)=O)CC2)C(OC)=O)C(CC)=O,,1,,,,,0.085938,0.55,,,,,6,0,27,,,,2.0003,,,,101.273,376.453,,,,,7.0,,,,,,,,2,7,,,76.15,,,1.0,,,,
5,bbb_permeability,classification,NB05_bbb_permeability,resocortol,CCC(=O)C1(O)CCC2C3CCC4=CC(=O)CCC4(C)C3C(O)CC21C,,0,,,,,0.091797,0.8182,,,,,4,2,26,,,,3.1993,,,,98.3476,360.494,,,,,4.0,,,,,,,,4,2,,,74.6,,,1.0,,,,
5,bbb_permeability,classification,NB05_bbb_permeability,retigabine,C1=CC(=CC(=C1NC(OCC)=O)N)NCC2=CC=C(C=C2)F,,2,,,,,0.078125,0.1875,,,,,4,3,22,,,,3.5884,,,,85.2258,303.337,,,,,6.0,,,,,,,,2,5,,,76.38,,,1.0,,,,
5,bbb_permeability,classification,NB05_bbb_permeability,ricasetron,C3(NC(N1C2=C(C(C)(C)C1)C=CC=C2)=O)C[C@@H]4N(C)[C@H](C3)CC4,,1,,,,,0.080078,0.6316,,,,,2,1,23,,,,3.119,,,,92.9407,313.445,,,,,4.0,,,,,,,,4,1,,,35.58,,,1.0,,,,
5,bbb_permeability,classification,NB05_bbb_permeability,rilmazafone,C2=C([N]1C(=NC(=N1)C(N(C)C)=O)CNC(CN)=O)C(=CC(=C2)Cl)C(C3=C(C=CC=C3)Cl)=O,,3,,,,,0.103516,0.1905,,,,,7,2,32,,,,2.0818,,,,120.1721,475.336,,,,,11.0,,,,,,,,3,7,,,123.21,,,1.0,,,,
5,bbb_permeability,classification,NB05_bbb_permeability,rimcazole,CC4CN(CCCn2c1ccccc1c3ccccc23)CC(C)N4,,3,,,,,0.064453,0.4286,,,,,3,1,24,,,,3.8668,,,,102.5607,321.468,,,,,3.0,,,,,,,,4,4,,,20.2,,,1.0,,,,
5,bbb_permeability,classification,NB05_bbb_permeability,rimexolone,[C@H]12[C@@]([C@](C(CC)=O)(C)[C@@H](C1)C)(C[C@H](O)[C@H]3[C@H]2CCC4=CC(=O)C=C[C@]34C)C,,0,,,,,0.097656,0.75,,,,,3,1,27,,,,4.4965,,,,105.9578,370.533,,,,,3.0,,,,,,,,4,2,,,54.37,,,1.0,,,,
5,bbb_permeability,classification,NB05_bbb_permeability,ripazepam,C1=CC=CC=C1C2=NCC(NC3=C2[N](N=C3C)CC)=O,,2,,,,,0.074219,0.2667,,,,,4,1,20,,,,2.0009,,,,78.2157,268.32,,,,,5.0,,,,,,,,3,2,,,59.28,,,1.0,,,,
5,bbb_permeability,classification,NB05_bbb_permeability,rivastigmine,[C@H](C1=CC(=CC=C1)OC(N(CC)C)=O)(N(C)C)C,,1,,,,,0.068359,0.5,,,,,3,0,18,,,,2.7597,,,,72.872,250.342,,,,,4.0,,,,,,,,1,4,,,32.78,,,1.0,,,,
5,bbb_permeability,classification,NB05_bbb_permeability,robalzotan,[C@@H]3(N(C1CCC1)C2CCC2)CC4=C(OC3)C(=CC=C4C(=O)N)F,,1,,,,,0.074219,0.6111,,,,,3,1,23,,,,2.6351,,,,85.0219,318.392,,,,,5.0,,,,,,,,4,4,,,55.56,,,1.0,,,,
5,bbb_permeability,classification,NB05_bbb_permeability,rociclovir,C1=NC2=C([N]1COC(COC(C)C)COC(C)C)N=C(N)N=C2,,2,,,,,0.076172,0.6667,,,,,8,1,23,,,,1.6012,,,,86.7844,323.397,,,,,8.0,,,,,,,,2,9,,,97.31,,,1.0,,,,
5,bbb_permeability,classification,NB05_bbb_permeability,rofelodine,C3=C(C2CN1C(CCN=C1C2)=O)C=CC=C3,,1,,,,,0.064453,0.3846,,,,,2,0,16,,,,1.8047,,,,62.432,214.268,,,,,3.0,,,,,,,,3,1,,,32.67,,,1.0,,,,
5,bbb_permeability,classification,NB05_bbb_permeability,rofleponide,[C@H]23[C@@]([C@@]1(O[C@@H](O[C@@H]1C2)CCC)C(=O)CO)(C[C@H](O)[C@@]4(F)[C@H]3C[C@H](F)C5=CC(=O)CC[C@]45C)C,,0,,,,,0.123047,0.84,,,,,6,2,33,,,,2.9809,,,,113.5886,468.537,,,,,8.0,,,,,,,,5,4,,,93.06,,,1.0,,,,
5,bbb_permeability,classification,NB05_bbb_permeability,rolicyprine,C3=C(C2C(NC(=O)C1NC(CC1)=O)C2)C=CC=C3,,1,,,,,0.068359,0.4286,,,,,2,2,18,,,,0.9373,,,,66.8954,244.294,,,,,4.0,,,,,,,,3,3,,,58.2,,,1.0,,,,
5,bbb_permeability,classification,NB05_bbb_permeability,rolipram,C1=C(C(=CC=C1C2CNC(C2)=O)OC)OC3CCCC3,,1,,,,,0.076172,0.5625,,,,,3,1,20,,,,2.6201,,,,76.2457,275.348,,,,,4.0,,,,,,,,3,4,,,47.56,,,1.0,,,,
5,bbb_permeability,classification,NB05_bbb_permeability,romergoline,[C@@H]25C(=C[C@@H](CN1CC(NC(C1)=O)=O)CN2C)C3=CC=CC4=C3C(=C[NH]4)C5,,2,,,,,0.097656,0.4,,,,,4,2,26,,,,0.996,,,,99.4774,350.422,,,,,6.0,,,,,,,,5,2,,,68.44,,,1.0,,,,
5,bbb_permeability,classification,NB05_bbb_permeability,romifidine,C1=C(C(=C(C=C1)Br)NC2=NCCN2)F,,1,,,,,0.064453,0.2222,,,,,3,2,14,,,,1.9593,,,,58.0274,258.094,,,,,5.0,,,,,,,,2,1,,,36.42,,,1.0,,,,
5,bbb_permeability,classification,NB05_bbb_permeability,ropinirole,C2=C(C1=C(NC(C1)=O)C=C2)CCN(CCC)CCC,,1,,,,,0.068359,0.5625,,,,,2,1,19,,,,2.8457,,,,79.5017,260.381,,,,,3.0,,,,,,,,2,7,,,32.34,,,1.0,,,,
5,bbb_permeability,classification,NB05_bbb_permeability,roxoperone,C1=CC(=CC=C1C(CCCN3CCC2(C(N(C)C(C2)=O)=O)CC3)=O)F,,1,,,,,0.080078,0.5263,,,,,4,0,25,,,,2.2595,,,,90.4655,346.402,,,,,6.0,,,,,,,,3,5,,,57.69,,,1.0,,,,
5,bbb_permeability,classification,NB05_bbb_permeability,sabcomeline,CON=C(C#N)C1CN2CCC1CC2,,0,,,,,0.060547,0.8,,,,,4,0,14,,,,0.8542,,,,52.711,193.25,,,,,4.0,,,,,,,,3,2,,,48.62,,,1.0,,,,
5,bbb_permeability,classification,NB05_bbb_permeability,salicin,[C@@H]2(OC1=C(C=CC=C1)CO)O[C@@H]([C@@H](O)[C@@H]([C@H]2O)O)CO,,1,,,,,0.0625,0.5385,,,,,7,5,20,,,,-1.6424,,,,66.76,286.28,,,,,7.0,,,,,,,,2,4,,,119.61,,,1.0,,,,
5,bbb_permeability,classification,NB05_bbb_permeability,salicylamide,C(C1=CC=CC=C1O)(=O)N,,1,,,,,0.035156,0.0,,,,,2,2,10,,,,0.4911,,,,36.6247,137.138,,,,,3.0,,,,,,,,1,1,,,63.32,,,1.0,,,,
5,bbb_permeability,classification,NB05_bbb_permeability,salsalate(salsalic-acid),C1=CC=CC(=C1OC(C2=C(C=CC=C2)O)=O)C(O)=O,,2,,,,,0.050781,0.0,,,,,4,2,19,,,,2.3096,,,,66.4666,258.229,,,,,5.0,,,,,,,,2,3,,,83.83,,,1.0,,,,
5,bbb_permeability,classification,NB05_bbb_permeability,sameridine,C1=CC=CC=C1C2(C(N(CC)C)=O)CCN(CCCCCC)CC2,,1,,,,,0.074219,0.6667,,,,,2,0,24,,,,4.0788,,,,101.247,330.516,,,,,3.0,,,,,,,,2,8,,,23.55,,,1.0,,,,
5,bbb_permeability,classification,NB05_bbb_permeability,saripidem,C3=C(C1=C([N]2C(=N1)C=CC=C2)CN(C(CCC)=O)C)C=CC(=C3)Cl,,3,,,,,0.085938,0.2632,,,,,3,0,24,,,,4.4132,,,,97.02,341.842,,,,,5.0,,,,,,,,3,5,,,37.61,,,1.0,,,,
5,bbb_permeability,classification,NB05_bbb_permeability,savoxepin,N#Cc5ccc4Oc1ccccc1C2=C(CCN(CC2)CC3CCCC3)c4c5,,2,,,,,0.087891,0.4,,,,,3,0,28,,,,5.8608,,,,112.119,370.496,,,,,3.0,,,,,,,,5,2,,,36.26,,,1.0,,,,
5,bbb_permeability,classification,NB05_bbb_permeability,selegiline,[C@@H](CC1=CC=CC=C1)(N(CC#C)C)C,,1,,,,,0.054688,0.3846,,,,,1,0,14,,,,2.1826,,,,61.071,187.286,,,,,1.0,,,,,,,,1,4,,,3.24,,,1.0,,,,
5,bbb_permeability,classification,NB05_bbb_permeability,semorphone,[C@@]125C3=C4C[C@H]([C@@]1(CCC([C@@H]2OC3=C(C=C4)O)=O)O)N(CCOC)CC5,,1,,,,,0.101562,0.6316,,,,,6,2,25,,,,0.7618,,,,88.9496,345.395,,,,,6.0,,,,,,,,5,3,,,79.23,,,1.0,,,,
5,bbb_permeability,classification,NB05_bbb_permeability,sertindole,C2=C(C1=C(C=CC(=C1)Cl)[N]2C3=CC=C(C=C3)F)C5CCN(CCN4C(NCC4)=O)CC5,,3,,,,,0.103516,0.375,,,,,3,1,31,,,,4.6276,,,,121.6297,440.95,,,,,7.0,,,,,,,,5,5,,,40.51,,,1.0,,,,
5,bbb_permeability,classification,NB05_bbb_permeability,setiptiline,C1=CC=CC3=C1C4=C(C2=C(C=CC=C2)C3)CN(C)CC4,,2,,,,,0.054688,0.2632,,,,,1,0,20,,,,3.8371,,,,84.618,261.368,,,,,1.0,,,,,,,,4,0,,,3.24,,,1.0,,,,
5,bbb_permeability,classification,NB05_bbb_permeability,sibopirdine,C1=CC=NC2=C1C(C3=C2N=CC=C3)(CC4=CC=NC=C4)CC5=CN=CC=C5.O,,4,,,,,0.0625,0.1304,,,,,4,0,28,,,,3.1938,,,,107.7438,368.44,,,,,5.0,,,,,,,,5,4,,,83.06,,,1.0,,,,
5,bbb_permeability,classification,NB05_bbb_permeability,sibutramine,C1=CC(=CC=C1C2(C(CC(C)C)N(C)C)CCC2)Cl,,1,,,,,0.0625,0.6471,,,,,1,0,19,,,,4.738,,,,83.911,279.855,,,,,2.0,,,,,,,,2,5,,,3.24,,,1.0,,,,
5,bbb_permeability,classification,NB05_bbb_permeability,sifaprazine,C1=CC=CC(=C1N2CCN(C)CC2)CC3=CC=CC=C3,,2,,,,,0.056641,0.3333,,,,,2,0,20,,,,3.0292,,,,85.4,266.388,,,,,2.0,,,,,,,,3,3,,,6.48,,,1.0,,,,
5,bbb_permeability,classification,NB05_bbb_permeability,simvastatin,[C@H]12[C@@H](OC(C(CC)(C)C)=O)C[C@@H](C)C=C1C=C[C@@H]([C@@H]2CC[C@@H]3C[C@H](CC(O3)=O)O)C,,0,,,,,0.109375,0.76,,,,,5,1,30,,,,4.5856,,,,115.4548,418.574,,,,,5.0,,,,,,,,3,6,,,72.83,,,1.0,,,,
5,bbb_permeability,classification,NB05_bbb_permeability,soretolide,C1=CC=C(C(=C1C)C(NC2=NOC(=C2)C)=O)C,,2,,,,,0.058594,0.2308,,,,,3,1,17,,,,2.8522,,,,65.1092,230.267,,,,,4.0,,,,,,,,2,2,,,55.13,,,1.0,,,,
5,bbb_permeability,classification,NB05_bbb_permeability,spiperone,C1=CC=CC=C1N2C4(C(NC2)=O)CCN(CCCC(C3=CC=C(F)C=C3)=O)CC4,,2,,,,,0.091797,0.3913,,,,,4,1,29,,,,3.2171,,,,110.3002,395.478,,,,,6.0,,,,,,,,4,6,,,52.65,,,1.0,,,,
5,bbb_permeability,classification,NB05_bbb_permeability,spiradoline,[C@]24(C[C@@H]([C@@H](N(C(CC1=CC(=C(Cl)C=C1)Cl)=O)C)CC2)N3CCCC3)CCCO4,,1,,,,,0.095703,0.6818,,,,,3,0,28,,,,4.5604,,,,113.087,425.4,,,,,6.0,,,,,,,,4,4,,,32.78,,,1.0,,,,
5,bbb_permeability,classification,NB05_bbb_permeability,spiramide,C4=C(N1C3(C(NC1)=O)CCN(CCCOC2=CC=C(C=C2)F)CC3)C=CC=C4,,2,,,,,0.087891,0.4091,,,,,4,1,28,,,,3.0231,,,,106.8477,383.467,,,,,6.0,,,,,,,,4,6,,,44.81,,,1.0,,,,
5,bbb_permeability,classification,NB05_bbb_permeability,spirilene,C1=CC=CC=C1N2C4(C(NC2)=O)CCN(CC\C=C(C3=CC=C(F)C=C3)\C)CC4,,2,,,,,0.09375,0.375,,,,,3,1,29,,,,4.0476,,,,115.0037,393.506,,,,,5.0,,,,,,,,4,5,,,35.58,,,1.0,,,,
5,bbb_permeability,classification,NB05_bbb_permeability,spiroxepin,C1=CC=CC2=C1C4(C3=C(OC2)C=CC=C3)OC(CN(C)C)CO4,,2,,,,,0.072266,0.3684,,,,,4,0,23,,,,2.7571,,,,87.375,311.381,,,,,4.0,,,,,,,,4,2,,,30.93,,,1.0,,,,
5,bbb_permeability,classification,NB05_bbb_permeability,stacofylline,C(C1=NC2=C([N]1C)C(N(C)C(N2C)=O)=O)CCN3CCN(C(N(CC)CC)=O)CC3,,2,,,,,0.087891,0.7,,,,,8,0,30,,,,-0.0173,,,,115.847,419.53,,,,,10.0,,,,,,,,3,6,,,88.61,,,1.0,,,,
5,bbb_permeability,classification,NB05_bbb_permeability,stiripentol,C1=C2C(=CC=C1\C=C\C(C(C)(C)C)O)OCO2,,1,,,,,0.0625,0.4286,,,,,3,1,17,,,,2.8355,,,,67.0608,234.295,,,,,3.0,,,,,,,,2,2,,,38.69,,,1.0,,,,
5,bbb_permeability,classification,NB05_bbb_permeability,suclofenide,C3=C(N2C(C(C1=CC=CC=C1)CC2=O)=O)C(=CC(=C3)[S](N)(=O)=O)Cl,,2,,,,,0.078125,0.125,,,,,4,1,24,,,,2.0345,,,,89.1182,364.81,,,,,8.0,,,,,,,,3,3,,,97.54,,,1.0,,,,
5,bbb_permeability,classification,NB05_bbb_permeability,sulfamethoxazole(tiabendazole),C1=CC(=CC=C1[S](NC2=NOC(=C2)C)(=O)=O)N,,2,,,,,0.060547,0.1,,,,,5,2,17,,,,1.366,,,,62.9029,253.283,,,,,7.0,,,,,,,,2,3,,,98.22,,,1.0,,,,
5,bbb_permeability,classification,NB05_bbb_permeability,sulfonmethane,C([S](C(C)(C)[S](=O)(=O)CC)(=O)=O)C,,0,,,,,0.025391,1.0,,,,,4,0,13,,,,0.5919,,,,53.0006,228.335,,,,,6.0,,,,,,,,0,4,,,68.28,,,1.0,,,,
5,bbb_permeability,classification,NB05_bbb_permeability,sulmepride,C1=C(C(=CC=C1[S](N)(=O)=O)OC)C(NCC2N(CCC2)C)=O,,1,,,,,0.09375,0.5,,,,,5,2,22,,,,0.1666,,,,82.3524,327.406,,,,,8.0,,,,,,,,2,5,,,101.73,,,1.0,,,,
5,bbb_permeability,classification,NB05_bbb_permeability,sulthiame(sultiame),C1=CC(=CC=C1N2[S](CCCC2)(=O)=O)[S](N)(=O)=O,,1,,,,,0.060547,0.4,,,,,4,1,18,,,,0.264,,,,68.182,290.366,,,,,8.0,,,,,,,,2,2,,,97.54,,,1.0,,,,
5,bbb_permeability,classification,NB05_bbb_permeability,sultopride,C1=C([S](CC)(=O)=O)C=CC(=C1C(NCC2N(CCC2)CC)=O)OC,,1,,,,,0.09375,0.5882,,,,,5,1,24,,,,1.7029,,,,93.323,354.472,,,,,7.0,,,,,,,,2,7,,,75.71,,,1.0,,,,
5,bbb_permeability,classification,NB05_bbb_permeability,sumacetamol,[C@H](C(=O)OC1=CC=C(C=C1)NC(=O)C)(NC(=O)C)CCSC,,1,,,,,0.072266,0.4,,,,,5,2,22,,,,1.8082,,,,86.9844,324.402,,,,,7.0,,,,,,,,1,7,,,84.5,,,1.0,,,,
5,bbb_permeability,classification,NB05_bbb_permeability,sunepitron,O=C1CCC(=O)N1CC1CCC2CN(CCN2C1)c1ncccn1,,1,,,,,0.080078,0.6471,,,,,6,0,24,,,,0.5262,,,,88.284,329.404,,,,,7.0,,,,,,,,4,3,,,69.64,,,1.0,,,,
5,bbb_permeability,classification,NB05_bbb_permeability,suproclone,C4=C(N2C(C1=C(SCCS1)C2=O)OC(N3CCN(C(CC)=O)CC3)=O)N=C5C(=C4)C=CC(=N5)Cl,,2,,,,,0.109375,0.4091,,,,,8,0,34,,,,3.3383,,,,132.689,520.036,,,,,12.0,,,,,,,,5,3,,,95.94,,,1.0,,,,
5,bbb_permeability,classification,NB05_bbb_permeability,suriclone,C4=C(N2C(C1=C(SCCS1)C2=O)OC(N3CCN(C)CC3)=O)N=C5C(=C4)C=CC(=N5)Cl,,2,,,,,0.107422,0.4,,,,,8,0,31,,,,3.0315,,,,123.315,477.999,,,,,11.0,,,,,,,,5,2,,,78.87,,,1.0,,,,
5,bbb_permeability,classification,NB05_bbb_permeability,suritozole,C1=C(C=CC=C1C2=NN(C)C(N2C)=S)F,,2,,,,,0.060547,0.2,,,,,4,0,15,,,,2.2942,,,,58.407,223.276,,,,,5.0,,,,,,,,2,1,,,22.75,,,1.0,,,,
5,bbb_permeability,classification,NB05_bbb_permeability,taglutimide(biglumide),O=C3C1C(C2CCC1C2)C(=O)N3C4C(NC(=O)CC4)=O,,0,,,,,0.058594,0.7143,,,,,4,1,20,,,,-0.1773,,,,65.8357,276.292,,,,,6.0,,,,,,,,4,1,,,83.55,,,1.0,,,,
5,bbb_permeability,classification,NB05_bbb_permeability,talopram,C1=CC=CC3=C1C(C2=CC=CC=C2)(OC3(C)C)CCCNC,,2,,,,,0.064453,0.4,,,,,2,1,22,,,,4.1951,,,,90.9357,295.426,,,,,2.0,,,,,,,,3,5,,,21.26,,,1.0,,,,
5,bbb_permeability,classification,NB05_bbb_permeability,talsupram,C1=CC=CC3=C1C(C2=CC=CC=C2)(SC3(C)C)CCCNC,,2,,,,,0.0625,0.4,,,,,2,1,22,,,,4.9117,,,,97.4417,311.494,,,,,2.0,,,,,,,,3,5,,,12.03,,,1.0,,,,
5,bbb_permeability,classification,NB05_bbb_permeability,taltrimide,C1=CC=CC2=C1C(N(CC[S](NC(C)C)(=O)=O)C2=O)=O,,1,,,,,0.0625,0.3846,,,,,4,1,20,,,,0.6104,,,,73.8675,296.348,,,,,7.0,,,,,,,,2,5,,,83.55,,,1.0,,,,
5,bbb_permeability,classification,NB05_bbb_permeability,tameridone,C1=NC5=C([N]1CCN4CCC(C2=C[NH]C3=C2C=CC=C3)CC4)C(N(C)C(N5C)=O)=O,,4,,,,,0.101562,0.4091,,,,,7,1,30,,,,1.7946,,,,116.9287,406.49,,,,,8.0,,,,,,,,5,4,,,80.85,,,1.0,,,,
5,bbb_permeability,classification,NB05_bbb_permeability,tametraline,CNC2CCC(c1ccccc1)c3ccccc23,,2,,,,,0.050781,0.2941,,,,,1,1,18,,,,3.8728,,,,75.7617,237.346,,,,,1.0,,,,,,,,3,2,,,12.03,,,1.0,,,,
5,bbb_permeability,classification,NB05_bbb_permeability,tamitinol,C1=C(C(=C(O)C(=N1)C)CNCC)CSC,,1,,,,,0.0625,0.5455,,,,,4,2,15,,,,2.0681,,,,65.2385,226.345,,,,,4.0,,,,,,,,1,5,,,45.15,,,1.0,,,,
5,bbb_permeability,classification,NB05_bbb_permeability,tamolarizine,C4=C(C(N2CCN(CC(C1=CC=C(C(=C1)OC)OC)O)CC2)C3=CC=CC=C3)C=CC=C4,,3,,,,,0.080078,0.3333,,,,,5,1,32,,,,4.1444,,,,127.2458,432.564,,,,,5.0,,,,,,,,4,8,,,45.17,,,1.0,,,,
5,bbb_permeability,classification,NB05_bbb_permeability,tampramine,CN(C)CCCN2c1ccccc1C(=Nc3cccnc23)c4ccccc4,,3,,,,,0.085938,0.2174,,,,,4,0,27,,,,4.6539,,,,112.597,356.473,,,,,4.0,,,,,,,,4,5,,,31.73,,,1.0,,,,
5,bbb_permeability,classification,NB05_bbb_permeability,tandamine,C1=CC=CC2=C1C3=C([N]2CC)C(SCC3)(CCN(C)C)C,,2,,,,,0.078125,0.5556,,,,,3,0,21,,,,4.1174,,,,94.297,302.487,,,,,3.0,,,,,,,,3,4,,,8.17,,,1.0,,,,
5,bbb_permeability,classification,NB05_bbb_permeability,tandospirone,[C@H]13[C@H]([C@H]2C[C@@H]1CC2)C(=O)N(C3=O)CCCCN4CCN(CC4)C5=NC=CC=N5.C(C(O)(C(=O)O)CC(=O)O)C(=O)O,,1,,,,,0.101562,0.6667,,,,,10,4,41,,,,0.1614,,,,141.5412,575.619,,,,,14.0,,,,,,,,5,11,,,201.77,,,1.0,,,,
5,bbb_permeability,classification,NB05_bbb_permeability,taniplon,C2=C(C1=NOC(=N1)C)N=C3[N]2C4=C(C(=N3)OC)CCCC4,,3,,,,,0.080078,0.4286,,,,,7,0,21,,,,1.9751,,,,74.21,285.307,,,,,7.0,,,,,,,,4,2,,,78.34,,,1.0,,,,
5,bbb_permeability,classification,NB05_bbb_permeability,tasosartan,C3=C(CN2C1=NC(=NC(=C1CCC2=O)C)C)C=CC(=C3)C4=CC=CC=C4C5=N[NH]N=N5,,4,,,,,0.097656,0.2174,,,,,6,1,31,,,,3.4199,,,,116.0667,411.469,,,,,8.0,,,,,,,,5,4,,,100.55,,,1.0,,,,
5,bbb_permeability,classification,NB05_bbb_permeability,tazomeline,C(SC1=NSN=C1C2=CCCN(C2)C)CCCCC,,1,,,,,0.082031,0.7143,,,,,5,0,19,,,,3.9294,,,,84.866,297.493,,,,,5.0,,,,,,,,2,7,,,29.02,,,1.0,,,,
5,bbb_permeability,classification,NB05_bbb_permeability,tefludazine,[C@@H]2(C3=C([C@H](C1=CC=C(C=C1)F)C2)C=CC(=C3)C(F)(F)F)N4CCN(CCO)CC4,,2,,,,,0.089844,0.4545,,,,,3,1,29,,,,4.0311,,,,102.1438,408.439,,,,,7.0,,,,,,,,4,4,,,26.71,,,1.0,,,,
5,bbb_permeability,classification,NB05_bbb_permeability,teflutixol,C1=C(C(F)(F)F)C=CC3=C1C(C2=C(C=C(F)C=C2)S3)CCCN4CCN(CCO)CC4,,2,,,,,0.095703,0.4783,,,,,4,1,31,,,,4.8311,,,,113.0098,454.533,,,,,8.0,,,,,,,,4,6,,,26.71,,,1.0,,,,
5,bbb_permeability,classification,NB05_bbb_permeability,tenilsetam,C2=C(C1C(NCCN1)=O)SC=C2,,1,,,,,0.052734,0.375,,,,,3,2,12,,,,0.5086,,,,48.0724,182.248,,,,,4.0,,,,,,,,2,1,,,41.13,,,1.0,,,,
5,bbb_permeability,classification,NB05_bbb_permeability,tepirindole,C3=C(C1=CCN(CCC)CC1)C2=CC(=CC=C2[NH]3)Cl,,2,,,,,0.082031,0.375,,,,,1,1,19,,,,4.3204,,,,82.6337,274.795,,,,,3.0,,,,,,,,3,3,,,19.03,,,1.0,,,,
5,bbb_permeability,classification,NB05_bbb_permeability,terguride,[C@@H]34C1=CC=CC2=C1C(=C[NH]2)C[C@H]3N(C[C@H](C4)NC(N(CC)CC)=O)C,,2,,,,,0.101562,0.55,,,,,2,2,25,,,,2.9317,,,,101.0194,340.471,,,,,5.0,,,,,,,,4,3,,,51.37,,,1.0,,,,
5,bbb_permeability,classification,NB05_bbb_permeability,tetrabarbital,C(C1(C(CCC)CC)C(NC(=O)NC1=O)=O)C,,0,,,,,0.048828,0.75,,,,,3,2,17,,,,1.5751,,,,63.0944,240.303,,,,,5.0,,,,,,,,1,5,,,75.27,,,1.0,,,,
5,bbb_permeability,classification,NB05_bbb_permeability,tetrabenazine(tetrabenzine),C1=C(OC)C(=CC3=C1C2N(CC(CC(C)C)C(C2)=O)CC3)OC,,1,,,,,0.082031,0.6316,,,,,4,0,23,,,,3.2381,,,,90.133,317.429,,,,,4.0,,,,,,,,3,4,,,38.77,,,1.0,,,,
5,bbb_permeability,classification,NB05_bbb_permeability,tetrantoin,C1=CC=CC2=C1CC3(CC2)NC(=O)NC3=O,,1,,,,,0.050781,0.3333,,,,,2,2,16,,,,0.7535,,,,57.8724,216.24,,,,,4.0,,,,,,,,3,0,,,58.2,,,1.0,,,,
5,bbb_permeability,classification,NB05_bbb_permeability,thalidomide,C1=CC=CC3=C1C(N(C2C(NC(=O)CC2)=O)C3=O)=O,,1,,,,,0.056641,0.2308,,,,,4,1,19,,,,0.0878,,,,63.1137,258.233,,,,,6.0,,,,,,,,3,1,,,83.55,,,1.0,,,,
5,bbb_permeability,classification,NB05_bbb_permeability,thebacon,C1=CC(=C4C2=C1CC5C3C2(C(C(=CC3)OC(C)=O)O4)CCN5C)OC,,1,,,,,0.103516,0.55,,,,,5,0,25,,,,2.4211,,,,91.783,341.407,,,,,5.0,,,,,,,,5,2,,,48.0,,,1.0,,,,
5,bbb_permeability,classification,NB05_bbb_permeability,thialbarbital,C(C2(C1CCCC=C1)C(NC(=S)NC2=O)=O)C=C,,0,,,,,0.070312,0.4615,,,,,3,2,18,,,,1.4361,,,,72.6114,264.35,,,,,5.0,,,,,,,,2,3,,,58.2,,,1.0,,,,
5,bbb_permeability,classification,NB05_bbb_permeability,thiamylal,C(C1(C(NC(=S)NC1=O)=O)C(CCC)C)C=C,,0,,,,,0.056641,0.5833,,,,,3,2,17,,,,1.516,,,,70.2024,254.355,,,,,5.0,,,,,,,,1,5,,,58.2,,,1.0,,,,
5,bbb_permeability,classification,NB05_bbb_permeability,thiazesim(tiazesim),C1=CC=CC2=C1N(C(CC(S2)C3=CC=CC=C3)=O)CCN(C)C,,2,,,,,0.078125,0.3158,,,,,3,0,23,,,,3.8183,,,,97.006,326.465,,,,,4.0,,,,,,,,3,4,,,23.55,,,1.0,,,,
5,bbb_permeability,classification,NB05_bbb_permeability,thiopropazate,C1=C(Cl)C=CC3=C1N(C2=C(C=CC=C2)S3)CCCN4CCN(CCOC(C)=O)CC4,,2,,,,,0.09375,0.4348,,,,,6,0,30,,,,4.5135,,,,123.153,446.016,,,,,7.0,,,,,,,,4,7,,,36.02,,,1.0,,,,
5,bbb_permeability,classification,NB05_bbb_permeability,thioproperazine,C1=CC=CC2=C1N(C3=C(S2)C=CC(=C3)[S](N(C)C)(=O)=O)CCCN4CCN(CC4)C,,2,,,,,0.09375,0.4545,,,,,6,0,30,,,,3.1771,,,,123.4398,446.642,,,,,8.0,,,,,,,,4,6,,,47.1,,,1.0,,,,
5,bbb_permeability,classification,NB05_bbb_permeability,thozalinone(tozalinone),C1=CC=CC=C1C2OC(=NC2=O)N(C)C,,1,,,,,0.056641,0.2727,,,,,3,0,15,,,,1.2021,,,,56.397,204.229,,,,,4.0,,,,,,,,2,1,,,41.9,,,1.0,,,,
5,bbb_permeability,classification,NB05_bbb_permeability,tiagabine,[C@@H]3(CN(CCC=C(C1=C(C=CS1)C)C2=C(C=CS2)C)CCC3)C(O)=O,,2,,,,,0.087891,0.45,,,,,4,1,25,,,,5.0448,,,,106.6078,375.559,,,,,5.0,,,,,,,,3,6,,,40.54,,,1.0,,,,
5,bbb_permeability,classification,NB05_bbb_permeability,tianeptine,C1=CC(=CC2=C1C(C3=C(N(C)[S]2(=O)=O)C=CC=C3)NCCCCCCC(O)=O)Cl,,2,,,,,0.097656,0.381,,,,,4,2,29,,,,4.1926,,,,114.0493,436.961,,,,,8.0,,,,,,,,3,8,,,86.71,,,1.0,,,,
5,bbb_permeability,classification,NB05_bbb_permeability,tienocarbine,C1=C4C(=C2C(=C1)SC=C2C)C3=C(CCN(C3)C)[NH]4,,3,,,,,0.076172,0.3333,,,,,2,1,18,,,,3.6789,,,,78.4567,256.374,,,,,3.0,,,,,,,,4,0,,,19.03,,,1.0,,,,
5,bbb_permeability,classification,NB05_bbb_permeability,tifemoxone,C2=C(OCC1OC(NCC1)=S)C=CC=C2,,1,,,,,0.064453,0.3636,,,,,3,1,15,,,,1.7288,,,,62.0277,223.297,,,,,4.0,,,,,,,,2,3,,,30.49,,,1.0,,,,
5,bbb_permeability,classification,NB05_bbb_permeability,tilidine,[H+].C2=C(C1(C(N(C)C)C=CCC1)C(OCC)=O)C=CC=C2.[Cl-],,1,,,,,0.078125,0.4706,,,,,3,0,21,,,,-0.1158,,,,81.714,309.837,,,,,4.0,,,,,,,,2,4,,,29.54,,,1.0,,,,
5,bbb_permeability,classification,NB05_bbb_permeability,timelotem,C1=C(F)C=CC2=C1N4C(CN=C2C3=CC=CS3)CN(C)CC4,,2,,,,,0.089844,0.3529,,,,,4,0,22,,,,2.8586,,,,89.856,315.417,,,,,5.0,,,,,,,,4,1,,,18.84,,,1.0,,,,
5,bbb_permeability,classification,NB05_bbb_permeability,timiperone,C1=CC=CC4=C1N(C3CCN(CCCC(C2=CC=C(F)C=C2)=O)CC3)C(N4)=S,,3,,,,,0.09375,0.3636,,,,,4,1,28,,,,5.138,,,,111.7982,397.519,,,,,6.0,,,,,,,,4,6,,,41.03,,,1.0,,,,
5,bbb_permeability,classification,NB05_bbb_permeability,timirdine,C2=C(N1C(SCC1)=N)C(=CC(=C2)Cl)N,,1,,,,,0.058594,0.2222,,,,,3,2,14,,,,2.4102,,,,63.3951,227.72,,,,,5.0,,,,,,,,2,1,,,53.11,,,1.0,,,,
5,bbb_permeability,classification,NB05_bbb_permeability,timobesone-acetate,[C@H]12[C@@](C(OC(=O)C)([C@H](C1)C)C(SC)=O)(C[C@H](O)C3(F)[C@H]2CCC4=CC(=O)C=C[C@]34C)C,,0,,,,,0.109375,0.7083,,,,,6,1,31,,,,3.7947,,,,115.9208,450.572,,,,,7.0,,,,,,,,4,2,,,80.67,,,1.0,,,,
5,bbb_permeability,classification,NB05_bbb_permeability,tinidazole,C1=C([N](CC[S](CC)(=O)=O)C(=N1)C)[N+](=O)[O-],,1,,,,,0.064453,0.625,,,,,6,0,16,,,,0.5344,,,,57.9462,247.276,,,,,8.0,,,,,,,,1,5,,,95.1,,,1.0,,,,
5,bbb_permeability,classification,NB05_bbb_permeability,tiomergine,C5=C2C1=C([NH]C=C1CC4C2=CC(CSC3=NC=CC=C3)CN4C)C=C5,,3,,,,,0.103516,0.2857,,,,,3,1,25,,,,4.2249,,,,104.8487,347.487,,,,,4.0,,,,,,,,5,3,,,31.92,,,1.0,,,,
5,bbb_permeability,classification,NB05_bbb_permeability,tioperidone,C4=C(N3CCN(CCCCN2C(C1=C(C=CC=C1)NC2=O)=O)CC3)C(=CC=C4)SCCC,,3,,,,,0.099609,0.44,,,,,6,1,32,,,,3.7943,,,,134.1727,452.624,,,,,7.0,,,,,,,,4,9,,,61.34,,,1.0,,,,
5,bbb_permeability,classification,NB05_bbb_permeability,tiospirone,C2=C1C(=NSC1=CC=C2)N5CCN(CCCCN3C(CC4(CC3=O)CCCC4)=O)CC5,,2,,,,,0.091797,0.625,,,,,6,0,31,,,,3.9079,,,,124.362,440.613,,,,,7.0,,,,,,,,5,6,,,56.75,,,1.0,,,,
5,bbb_permeability,classification,NB05_bbb_permeability,tipredane,[C@]23([C@H]([C@H]1[C@]([C@@](SCC)(SC)CC1)(C)C[C@@H]2O)CCC4=CC(=O)C=C[C@]34C)F,,0,,,,,0.101562,0.7727,,,,,4,1,27,,,,5.1696,,,,112.7328,410.62,,,,,5.0,,,,,,,,4,3,,,37.3,,,1.0,,,,
5,bbb_permeability,classification,NB05_bbb_permeability,tisocromide,C1=C(OC)C(=CC2=C1[S](OC(C2)C(NC(CC(N(C)C)(C)C)C)=O)(=O)=O)OC,,1,,,,,0.099609,0.6316,,,,,7,1,28,,,,1.5688,,,,105.2965,414.524,,,,,9.0,,,,,,,,2,7,,,94.17,,,1.0,,,,
5,bbb_permeability,classification,NB05_bbb_permeability,tixadil,C1=CC=CC=C1CC(C)NCCC3C2=C(C=CC=C2)SC4=C3C=CC=C4,,3,,,,,0.070312,0.25,,,,,2,1,26,,,,5.894,,,,111.0777,359.538,,,,,2.0,,,,,,,,4,6,,,12.03,,,1.0,,,,
5,bbb_permeability,classification,NB05_bbb_permeability,tixocortol,[C@H]34[C@H]2[C@@H]([C@@]1(C(=CC(=O)CC1)CC2)C)[C@@H](O)C[C@@]3([C@](C(CS)=O)(O)CC4)C,,0,,,,,0.09375,0.8095,,,,,5,3,26,,,,2.7191,,,,101.9096,378.534,,,,,5.0,,,,,,,,4,2,,,74.6,,,1.0,,,,
5,bbb_permeability,classification,NB05_bbb_permeability,tixocortol-pivalate,[C@@H]23[C@H]([C@H]1[C@]([C@](C(CSC(C(C)(C)C)=O)=O)(O)CC1)(C)C[C@@H]2O)CCC4=CC(=O)CC[C@]34C,,0,,,,,0.105469,0.8077,,,,,6,2,32,,,,4.0952,,,,124.9766,462.652,,,,,6.0,,,,,,,,4,3,,,91.67,,,1.0,,,,
5,bbb_permeability,classification,NB05_bbb_permeability,tofenacin,C2=C(C(C1=CC=CC=C1)OCCNC)C(=CC=C2)C,,2,,,,,0.0625,0.2941,,,,,2,1,19,,,,3.3204,,,,79.3427,255.361,,,,,2.0,,,,,,,,2,6,,,21.26,,,1.0,,,,
5,bbb_permeability,classification,NB05_bbb_permeability,tofisopam,C1=C(OC)C(=CC2=C1C(=NN=C(C2CC)C)C3=CC=C(C(=C3)OC)OC)OC,,2,,,,,0.072266,0.3636,,,,,6,0,28,,,,4.4415,,,,110.872,382.46,,,,,6.0,,,,,,,,3,6,,,61.64,,,1.0,,,,
5,bbb_permeability,classification,NB05_bbb_permeability,toloxychlorinol,C1=CC=CC(=C1OCC(COC(C(Cl)(Cl)Cl)O)OC(C(Cl)(Cl)Cl)O)C,,1,,,,,0.070312,0.5714,,,,,5,2,25,,,,4.1528,,,,100.0926,476.995,,,,,11.0,,,,,,,,1,8,,,68.15,,,1.0,,,,
5,bbb_permeability,classification,NB05_bbb_permeability,tolpiprazole,C1=C(C=CC=C1N3CCN(CCC2=N[NH]C(=C2)C)CC3)C,,2,,,,,0.076172,0.4706,,,,,3,1,21,,,,2.3912,,,,86.8607,284.407,,,,,4.0,,,,,,,,3,4,,,35.16,,,1.0,,,,
5,bbb_permeability,classification,NB05_bbb_permeability,tolquinzole,C1=C(C)C=CC2=C1C3N(CC2)CCC(C3)(CC)O,,1,,,,,0.076172,0.625,,,,,2,1,18,,,,2.8291,,,,73.6718,245.366,,,,,2.0,,,,,,,,3,1,,,23.47,,,1.0,,,,
5,bbb_permeability,classification,NB05_bbb_permeability,tolufazepam,C1=C(Cl)C=CC2=C1C(=NCC(N2CC[S](C3=CC=C(C)C=C3)(=O)=O)=O)C4=CC=CC=C4Cl,,3,,,,,0.103516,0.1667,,,,,4,0,32,,,,4.9597,,,,128.9948,487.408,,,,,8.0,,,,,,,,4,5,,,66.81,,,1.0,,,,
5,bbb_permeability,classification,NB05_bbb_permeability,tonazocine,[C@]1([C@]2(C3=C(C[C@@H]1N(CC2)C)C=CC(=C3)O)C)(CCC(=O)CCCCC)C,,1,,,,,0.095703,0.6957,,,,,3,1,26,,,,4.846,,,,106.6878,357.538,,,,,3.0,,,,,,,,3,7,,,40.54,,,1.0,,,,
5,bbb_permeability,classification,NB05_bbb_permeability,topiramate,[C@@]23([C@H]([C@H]1[C@H](OC(O1)(C)C)CO2)OC(O3)(C)C)CO[S](N)(=O)=O,,0,,,,,0.076172,1.0,,,,,8,1,22,,,,-0.3954,,,,71.6042,339.366,,,,,10.0,,,,,,,,3,3,,,115.54,,,1.0,,,,
5,bbb_permeability,classification,NB05_bbb_permeability,tracazolate,C1=N[N](C2=C1C(=C(C(=N2)C)C(OCC)=O)NCCCC)CC,,2,,,,,0.083984,0.5625,,,,,6,1,22,,,,3.1483,,,,87.2932,304.394,,,,,6.0,,,,,,,,2,7,,,69.04,,,1.0,,,,
5,bbb_permeability,classification,NB05_bbb_permeability,tralonide,[C@]12(OC(O[C@@H]1CC3C2(C[C@H](Cl)[C@@]4(Cl)C3C[C@H](F)C5=CC(=O)C=CC45C)C)(C)C)C(=O)CF,,0,,,,,0.111328,0.75,,,,,4,0,32,,,,4.8598,,,,116.146,489.386,,,,,8.0,,,,,,,,5,2,,,52.6,,,1.0,,,,
5,bbb_permeability,classification,NB05_bbb_permeability,tramadol,[C@H]1([C@](O)(CCCC1)C2=CC(=CC=C2)OC)CN(C)C.[H+].[Cl-],,1,,,,,0.078125,0.625,,,,,3,1,20,,,,-0.2489,,,,78.5148,299.842,,,,,4.0,,,,,,,,2,4,,,32.7,,,1.0,,,,
5,bbb_permeability,classification,NB05_bbb_permeability,trebenzomine,C1=CC=CC2=C1CC(N(C)C)C(O2)C,,1,,,,,0.052734,0.5,,,,,2,0,14,,,,1.9402,,,,57.711,191.274,,,,,2.0,,,,,,,,2,1,,,12.47,,,1.0,,,,
5,bbb_permeability,classification,NB05_bbb_permeability,trefentanil,[H+].C4=C(C2(N(C1=C(F)C=CC=C1)C(=O)CC)CCN(CC2)CCN3N=NN(C3=O)CC)C=CC=C4.[Cl-],,3,,,,,0.105469,0.44,,,,,7,0,35,,,,0.1498,,,,129.039,503.022,,,,,10.0,,,,,,,,4,8,,,76.26,,,1.0,,,,
5,bbb_permeability,classification,NB05_bbb_permeability,triamcinolone-benetonide,[C@@]45([C@@]3([C@H]([C@H]2[C@]([C@@]1(C(=CC(=O)C=C1)CC2)C)(F)[C@H](C3)O)C[C@H]4OC(O5)(C)C)C)C(COC(C(CNC(C6=CC=CC=C6)=O)C)=O)=O,,1,,,,,0.154297,0.6,,,,,8,2,45,,,,4.0358,,,,160.411,623.718,,,,,10.0,,,,,,,,6,7,,,128.23,,,1.0,,,,
5,bbb_permeability,classification,NB05_bbb_permeability,triamcinolone-furetonide,[C@@]45([C@@]3([C@H]([C@H]2[C@]([C@@]1(C(=CC(=O)C=C1)CC2)C)(F)[C@H](C3)O)C[C@H]4OC(O5)(C)C)C)C(COC(C6=CC7=C(O6)C=CC=C7)=O)=O,,2,,,,,0.146484,0.5455,,,,,8,1,42,,,,5.0297,,,,148.0093,578.633,,,,,9.0,,,,,,,,7,4,,,112.27,,,1.0,,,,
5,bbb_permeability,classification,NB05_bbb_permeability,tribromoethanol,BrCC(O)(Br)Br,,0,,,,,0.019531,1.0,,,,,1,1,6,,,,1.8172,,,,36.5978,282.757,,,,,4.0,,,,,,,,0,1,,,20.23,,,1.0,,,,
5,bbb_permeability,classification,NB05_bbb_permeability,tricetamide,C1=C(C(=C(C=C1C(NCC(N(CC)CC)=O)=O)OC)OC)OC,,1,,,,,0.066406,0.5,,,,,5,1,23,,,,1.3106,,,,86.3592,324.377,,,,,7.0,,,,,,,,1,8,,,77.1,,,1.0,,,,
5,bbb_permeability,classification,NB05_bbb_permeability,triclodazol,C3=C(C2(C1=CC=CC=C1)C(N(C(C(Cl)(Cl)Cl)O)CN2)=O)C=CC=C3,,2,,,,,0.064453,0.2353,,,,,3,2,24,,,,3.0081,,,,94.8095,385.678,,,,,7.0,,,,,,,,3,3,,,52.57,,,1.0,,,,
5,bbb_permeability,classification,NB05_bbb_permeability,triclofos,O=[P](O)(OCC(Cl)(Cl)Cl)O,,0,,,,,0.033203,1.0,,,,,2,2,10,,,,1.4659,,,,38.2861,229.383,,,,,8.0,,,,,,,,0,2,,,66.76,,,1.0,,,,
5,bbb_permeability,classification,NB05_bbb_permeability,triclonide,[C@H]23C([C@@]1(OC(O[C@@H]1C2)(C)C)C(=O)CCl)(C[C@H](Cl)[C@@]4(Cl)C3C[C@H](F)C5=CC(=O)C=CC45C)C,,0,,,,,0.111328,0.75,,,,,4,0,32,,,,5.1291,,,,120.891,505.841,,,,,8.0,,,,,,,,5,2,,,52.6,,,1.0,,,,
5,bbb_permeability,classification,NB05_bbb_permeability,trimetrexate,C1=C3C(=C(C(=C1)CNC2=CC(=C(C(=C2)OC)OC)OC)C)C(=NC(=N3)N)N,,3,,,,,0.082031,0.2632,,,,,8,3,27,,,,2.7405,,,,106.5245,369.425,,,,,8.0,,,,,,,,3,6,,,117.54,,,1.0,,,,
5,bbb_permeability,classification,NB05_bbb_permeability,trizoxime,C3=C2N(CC1=CC=CC=C1)C(=O)\C(NNC2=CC=C3)=C(\N)N=O,,2,,,,,0.074219,0.0625,,,,,6,3,23,,,,2.0441,,,,87.8408,309.329,,,,,7.0,,,,,,,,3,3,,,99.82,,,1.0,,,,
5,bbb_permeability,classification,NB05_bbb_permeability,trocimine,C2=C(C(N1CCCCCCC1)=O)C=C(OC)C(=C2OC)OC,,1,,,,,0.056641,0.5882,,,,,4,0,22,,,,3.1187,,,,85.0865,307.39,,,,,5.0,,,,,,,,2,4,,,48.0,,,1.0,,,,
5,bbb_permeability,classification,NB05_bbb_permeability,tryptophan(l-tryptophan),N[C@@H](CC1=C[NH]C2=CC=CC=C12)C(=O)O,,2,,,,,0.0625,0.1818,,,,,2,3,15,,,,1.1223,,,,57.6139,204.229,,,,,4.0,,,,,,,,2,3,,,79.11,,,1.0,,,,
5,bbb_permeability,classification,NB05_bbb_permeability,uldazepam,C1=C(Cl)C=CC2=C1C(=NCC(=N2)NOCC=C)C3=CC=CC=C3Cl,,2,,,,,0.087891,0.1111,,,,,4,1,24,,,,4.5816,,,,99.7897,360.244,,,,,6.0,,,,,,,,3,4,,,45.98,,,1.0,,,,
5,bbb_permeability,classification,NB05_bbb_permeability,umespirone,C4=C(N3CCN(CCCCN1C(C2C(C(C1=O)C(=O)N(C2=O)CCCC)(C)C)=O)CC3)C(=CC=C4)OC,,1,,,,,0.091797,0.6429,,,,,7,0,37,,,,2.3937,,,,139.99,512.651,,,,,9.0,,,,,,,,4,10,,,90.47,,,1.0,,,,
5,bbb_permeability,classification,NB05_bbb_permeability,urethane,NC(=O)OCC,,0,,,,,0.027344,0.6667,,,,,2,1,6,,,,0.1016,,,,21.2094,89.094,,,,,3.0,,,,,,,,0,1,,,52.32,,,1.0,,,,
5,bbb_permeability,classification,NB05_bbb_permeability,valaciclovir,[C@@H](N)(C(OCCOC[N]1C2=C(N=C1)C(=O)N=C(N2)N)=O)C(C)C,,2,,,,,0.091797,0.5385,,,,,9,3,23,,,,-0.7976,,,,82.2855,324.341,,,,,10.0,,,,,,,,2,7,,,151.14,,,1.0,,,,
5,bbb_permeability,classification,NB05_bbb_permeability,valdipromide,C(C(C(N)=O)(CCC)CCC)CC,,0,,,,,0.033203,0.9091,,,,,1,1,13,,,,2.8584,,,,56.3514,185.311,,,,,2.0,,,,,,,,0,7,,,43.09,,,1.0,,,,
5,bbb_permeability,classification,NB05_bbb_permeability,valganciclovir(RS790702),[C@@H](N)(C(OCC(OC[N]1C2=C(N=C1)C(=O)N=C(N2)N)CO)=O)C(C)C,,2,,,,,0.099609,0.5714,,,,,10,4,25,,,,-1.4367,,,,88.2923,354.367,,,,,11.0,,,,,,,,2,8,,,171.37,,,1.0,,,,
5,bbb_permeability,classification,NB05_bbb_permeability,valproatepivoxil,C(C(C(OCOC(C(C)(C)C)=O)=O)CCC)CC,,0,,,,,0.050781,0.8571,,,,,4,0,18,,,,3.2928,,,,69.812,258.358,,,,,4.0,,,,,,,,0,7,,,52.6,,,1.0,,,,
5,bbb_permeability,classification,NB05_bbb_permeability,valtrate,[C@@]13([C@@H]2C(=C[C@@H]1OC(CC(C)C)=O)C(=CO[C@H]2OC(CC(C)C)=O)COC(C)=O)CO3,,0,,,,,0.085938,0.6818,,,,,8,0,30,,,,2.6621,,,,104.727,422.474,,,,,8.0,,,,,,,,3,8,,,100.66,,,1.0,,,,
5,bbb_permeability,classification,NB05_bbb_permeability,velnacrine,C1=CC=CC2=C1C(=C3C(=N2)CCCC3O)N,,2,,,,,0.0625,0.3077,,,,,3,2,16,,,,2.1867,,,,64.0532,214.268,,,,,3.0,,,,,,,,3,0,,,59.14,,,1.0,,,,
5,bbb_permeability,classification,NB05_bbb_permeability,venlafaxine,C1=CC(=CC=C1C(C2(CCCCC2)O)CN(C)C)OC,,1,,,,,0.068359,0.6471,,,,,3,1,20,,,,3.0356,,,,82.3238,277.408,,,,,3.0,,,,,,,,2,5,,,32.7,,,1.0,,,,
5,bbb_permeability,classification,NB05_bbb_permeability,veralipride,C1=C([S](N)(=O)=O)C=C(C(=C1C(NCC2N(CCC2)CC=C)=O)OC)OC,,1,,,,,0.105469,0.4706,,,,,6,2,26,,,,0.7314,,,,98.0444,383.47,,,,,9.0,,,,,,,,2,8,,,110.96,,,1.0,,,,
5,bbb_permeability,classification,NB05_bbb_permeability,vigabatrin,C(C(C=C)N)CC(O)=O,,0,,,,,0.041016,0.5,,,,,2,2,9,,,,0.3645,,,,35.0422,129.159,,,,,3.0,,,,,,,,0,4,,,63.32,,,1.0,,,,
5,bbb_permeability,classification,NB05_bbb_permeability,viloxazine,C1=CC=CC(=C1OCC2CNCCO2)OCC,,1,,,,,0.066406,0.5385,,,,,4,1,17,,,,1.4525,,,,65.7157,237.299,,,,,4.0,,,,,,,,2,5,,,39.72,,,1.0,,,,
5,bbb_permeability,classification,NB05_bbb_permeability,vinyl-ether,C(=C)OC=C,,0,,,,,0.015625,0.0,,,,,1,0,5,,,,1.29,,,,21.479,70.091,,,,,1.0,,,,,,,,0,2,,,9.23,,,1.0,,,,
5,bbb_permeability,classification,NB05_bbb_permeability,vitamine(alpha-tocopherol),[C@]2(OC1=C(C(=C(C(=C1CC2)C)O)C)C)(CCC[C@@H](CCC[C@@H](CCCC(C)C)C)C)C,,1,,,,,0.074219,0.7931,,,,,2,1,31,,,,8.8403,,,,134.3908,430.717,,,,,2.0,,,,,,,,2,12,,,29.46,,,1.0,,,,
5,bbb_permeability,classification,NB05_bbb_permeability,xaliproden,C1=C(C(F)(F)F)C=CC=C1C2=CCN(CC2)CCC4=CC3=CC=CC=C3C=C4,,3,,,,,0.085938,0.25,,,,,1,0,28,,,,6.1904,,,,108.13,381.441,,,,,4.0,,,,,,,,4,4,,,3.24,,,1.0,,,,
5,bbb_permeability,classification,NB05_bbb_permeability,xanthiol,OCCCN4CCN(CCCC2c1ccccc1Sc3ccc(Cl)cc23)CC4,,2,,,,,0.082031,0.4783,,,,,4,1,28,,,,4.7167,,,,117.6768,417.018,,,,,5.0,,,,,,,,4,7,,,26.71,,,1.0,,,,
5,bbb_permeability,classification,NB05_bbb_permeability,xorphanol,[C@]135[C@H]([C@H](N(CC1)CC2CCC2)CC4=C3C=C(O)C=C4)[C@H](CC(C5)=C)C,,1,,,,,0.099609,0.6522,,,,,2,1,25,,,,4.6628,,,,101.8358,337.507,,,,,2.0,,,,,,,,5,2,,,23.47,,,1.0,,,,
5,bbb_permeability,classification,NB05_bbb_permeability,xylazine,C1=C(C(=C(C=C1)C)NC2=NCCCS2)C,,1,,,,,0.058594,0.4167,,,,,3,1,15,,,,3.2082,,,,68.9157,220.341,,,,,3.0,,,,,,,,2,1,,,24.39,,,1.0,,,,
5,bbb_permeability,classification,NB05_bbb_permeability,zafuleptine,C1=CC(=CC=C1CNC(C(C)C)CCCCCC(O)=O)F,,1,,,,,0.066406,0.5882,,,,,2,2,21,,,,3.975,,,,82.5865,295.398,,,,,4.0,,,,,,,,1,10,,,49.33,,,1.0,,,,
5,bbb_permeability,classification,NB05_bbb_permeability,zalospirone,[C@H]14[C@H]([C@@H]2[C@@H]3[C@H]([C@H]1C=C2)C=C3)C(=O)N(C4=O)CCCCN6CCN(C5=NC=CC=N5)CC6,,1,,,,,0.074219,0.5833,,,,,6,0,31,,,,1.598,,,,115.859,419.529,,,,,7.0,,,,,,,,7,6,,,69.64,,,1.0,,,,
5,bbb_permeability,classification,NB05_bbb_permeability,zetidoline,C1=C(C=CC=C1N3C(N(CCN2CC(C)(C)C2)CC3)=O)Cl,,1,,,,,0.072266,0.5625,,,,,2,0,21,,,,2.9238,,,,85.988,307.825,,,,,5.0,,,,,,,,3,4,,,26.79,,,1.0,,,,
5,bbb_permeability,classification,NB05_bbb_permeability,ziprasidone,C1=CC=CC2=C1C(=NS2)N5CCN(CCC4=CC3=C(NC(C3)=O)C=C4Cl)CC5,,3,,,,,0.103516,0.3333,,,,,5,1,28,,,,3.809,,,,115.7627,412.946,,,,,7.0,,,,,,,,5,4,,,48.47,,,1.0,,,,
5,bbb_permeability,classification,NB05_bbb_permeability,zolazepam,C1=CC=CC(=C1C2=NCC(N(C3=C2C(=N[N]3C)C)C)=O)F,,2,,,,,0.080078,0.2667,,,,,4,0,21,,,,1.6814,,,,78.261,286.31,,,,,6.0,,,,,,,,3,1,,,50.49,,,1.0,,,,
5,bbb_permeability,classification,NB05_bbb_permeability,zoloperone,C4=C(C3=C(CCN2CCN(C1=C(C=CC=C1)OC)CC2)OC(N3)=O)C=CC(=C4)F,,3,,,,,0.097656,0.3182,,,,,5,1,29,,,,3.1473,,,,110.0737,397.45,,,,,7.0,,,,,,,,4,6,,,61.71,,,1.0,,,,
5,bbb_permeability,classification,NB05_bbb_permeability,zoniclezole,C1=C(Cl)C=CC2=C1C(=NO2)C([N]3C=CN=C3)C,,3,,,,,0.076172,0.1667,,,,,4,0,17,,,,3.287,,,,65.059,247.685,,,,,5.0,,,,,,,,3,2,,,43.85,,,1.0,,,,
5,bbb_permeability,classification,NB05_bbb_permeability,zopiclone,C1=CC(=CN=C1N2C(C3=C(C2=O)N=CC=N3)OC(N4CCN(C)CC4)=O)Cl,,2,,,,,0.097656,0.3529,,,,,7,0,27,,,,1.568,,,,96.3805,388.815,,,,,10.0,,,,,,,,4,2,,,91.76,,,1.0,,,,
5,bbb_permeability,classification,NB05_bbb_permeability,zotepine,C1=C(Cl)C=CC2=C1C(=CC3=C(S2)C=CC=C3)OCCN(C)C,,2,,,,,0.078125,0.2222,,,,,3,0,22,,,,4.8809,,,,94.394,331.868,,,,,4.0,,,,,,,,3,4,,,12.47,,,1.0,,,,
5,bbb_permeability,classification,NB05_bbb_permeability,zylofuramine,[C@@H]1(CCCO1)[C@@H](CC2=CC=CC=C2)NCC,,1,,,,,0.068359,0.5714,,,,,2,1,16,,,,2.3862,,,,66.5847,219.328,,,,,2.0,,,,,,,,2,5,,,21.26,,,1.0,,,,
5,bbb_permeability,classification,NB05_bbb_permeability,aceprometazine,C1=CC2=C(C=C1)SC3=C(N2CC(C)N(C)C)C=C(C=C3)C(=O)C,,2,,,,,0.080078,0.3158,,,,,4,0,23,,,,4.442,,,,97.1665,326.465,,,,,4.0,,,,,,,,3,4,,,23.55,,,1.0,,,,
5,bbb_permeability,classification,NB05_bbb_permeability,adinazolam,C1=CC(=CC3=C1[N]2C(=NN=C2CN(C)C)CN=C3C4=CC=CC=C4)Cl,,3,,,,,0.085938,0.2105,,,,,5,0,25,,,,3.3333,,,,99.545,351.841,,,,,6.0,,,,,,,,4,3,,,46.31,,,1.0,,,,
5,bbb_permeability,classification,NB05_bbb_permeability,albutoin,C(N1C(C(CC(C)C)NC1=S)=O)C=C,,0,,,,,0.0625,0.6,,,,,2,1,14,,,,1.3038,,,,60.8867,212.318,,,,,4.0,,,,,,,,1,4,,,32.34,,,1.0,,,,
5,bbb_permeability,classification,NB05_bbb_permeability,alclometasone,[C@H]24[C@H]1[C@@]([C@](O)([C@@H](C1)C)C(=O)CO)(C[C@H](O)[C@@H]2[C@@]3(C(=CC(=O)C=C3)C[C@H]4Cl)C)C,,0,,,,,0.103516,0.7273,,,,,5,3,28,,,,2.0209,,,,104.6194,408.922,,,,,6.0,,,,,,,,4,2,,,94.83,,,1.0,,,,
5,bbb_permeability,classification,NB05_bbb_permeability,aletamine(alfetamine),C1=C(CC(CC=C)N)C=CC=C1,,1,,,,,0.046875,0.2727,,,,,1,1,12,,,,2.1325,,,,52.9354,161.248,,,,,1.0,,,,,,,,1,4,,,26.02,,,1.0,,,,
5,bbb_permeability,classification,NB05_bbb_permeability,algestone,[C@H]34[C@H]2[C@@H]([C@@]1(C(=CC(=O)CC1)CC2)C)CC[C@@]3([C@](O)([C@H](O)C4)C(=O)C)C,,0,,,,,0.083984,0.8095,,,,,4,2,25,,,,2.8092,,,,93.7306,346.467,,,,,4.0,,,,,,,,4,1,,,74.6,,,1.0,,,,
5,bbb_permeability,classification,NB05_bbb_permeability,alimemazine,C1=CC=CC3=C1N(C2=C(C=CC=C2)S3)CC(CN(C)C)C,,2,,,,,0.060547,0.3333,,,,,3,0,21,,,,4.487,,,,91.731,298.455,,,,,3.0,,,,,,,,3,4,,,6.48,,,1.0,,,,
5,bbb_permeability,classification,NB05_bbb_permeability,alpertine,C1=C(OC)C(=CC2=C1C(=C(C(OCC)=O)[NH]2)CCN4CCN(C3=CC=CC=C3)CC4)OC,,3,,,,,0.099609,0.4,,,,,6,1,32,,,,3.7265,,,,126.1582,437.54,,,,,7.0,,,,,,,,4,8,,,67.03,,,1.0,,,,
5,bbb_permeability,classification,NB05_bbb_permeability,alphaprodine(betaprodine),C2=C(C1(C(CN(C)CC1)C)OC(CC)=O)C=CC=C2,,1,,,,,0.074219,0.5625,,,,,3,0,19,,,,2.8067,,,,75.781,261.365,,,,,3.0,,,,,,,,2,3,,,29.54,,,1.0,,,,
5,bbb_permeability,classification,NB05_bbb_permeability,alpidem,C3=C(C1=C([N]2C(=N1)C=CC(=C2)Cl)CC(N(CCC)CCC)=O)C=CC(=C3)Cl,,3,,,,,0.082031,0.3333,,,,,3,0,27,,,,5.4992,,,,111.514,404.341,,,,,6.0,,,,,,,,3,7,,,37.61,,,1.0,,,,
5,bbb_permeability,classification,NB05_bbb_permeability,amebucort,[C@@]4([C@@]3([C@H]([C@H]2[C@@H]([C@@]1(C(=CC(=O)CC1)[C@H](C2)C)C)[C@H](C3)O)CC4)C)(C(COC(C)=O)=O)OC(CCC)=O,,0,,,,,0.121094,0.7857,,,,,7,1,35,,,,3.9494,,,,128.0178,488.621,,,,,7.0,,,,,,,,4,6,,,106.97,,,1.0,,,,
5,bbb_permeability,classification,NB05_bbb_permeability,amedalin,CNCCCC2(C)C(=O)N(c1ccccc1)c3ccccc23,,2,,,,,0.072266,0.3158,,,,,2,1,22,,,,3.6222,,,,90.5427,294.398,,,,,3.0,,,,,,,,3,5,,,32.34,,,1.0,,,,
5,bbb_permeability,classification,NB05_bbb_permeability,amfonelic-acid,C1=CC(=NC2=C1C(C(=CN2CC)C(O)=O)=O)CC3=CC=CC=C3,,3,,,,,0.080078,0.1667,,,,,4,1,23,,,,2.7054,,,,87.8843,308.337,,,,,5.0,,,,,,,,3,4,,,72.19,,,1.0,,,,
5,bbb_permeability,classification,NB05_bbb_permeability,amiflamine,[C@@H](O)([C@@H](O)C(=O)O)C(=O)O.[C@@H](N)(CC1=CC=C(N(C)C)C=C1C)C,,1,,,,,0.072266,0.5,,,,,6,5,24,,,,-0.1719,,,,90.1446,342.392,,,,,8.0,,,,,,,,1,6,,,144.32,,,1.0,,,,
5,bbb_permeability,classification,NB05_bbb_permeability,aminoglutethimide,C1=CC(=CC=C1C2(C(NC(=O)CC2)=O)CC)N,,1,,,,,0.058594,0.3846,,,,,3,2,17,,,,1.3532,,,,65.2071,232.283,,,,,4.0,,,,,,,,2,2,,,72.19,,,1.0,,,,
5,bbb_permeability,classification,NB05_bbb_permeability,aminopromazine,C1=CC=CC3=C1N(C2=C(C=CC=C2)S3)CC(CN(C)C)N(C)C,,2,,,,,0.0625,0.3684,,,,,4,0,23,,,,3.7811,,,,100.042,327.497,,,,,4.0,,,,,,,,3,5,,,9.72,,,1.0,,,,
5,bbb_permeability,classification,NB05_bbb_permeability,amiperone,C1=CC(=CC=C1C3(CCN(CCCC(C2=CC=C(F)C=C2)=O)CC3)C(N(C)C)=O)Cl,,2,,,,,0.09375,0.4167,,,,,3,0,30,,,,4.564,,,,117.4625,430.951,,,,,6.0,,,,,,,,3,7,,,40.62,,,1.0,,,,
5,bbb_permeability,classification,NB05_bbb_permeability,amoxapine,C1=C(Cl)C=CC2=C1C(=NC3=C(O2)C=CC=C3)N4CCNCC4,,2,,,,,0.078125,0.2353,,,,,4,1,22,,,,3.4292,,,,88.6077,313.788,,,,,5.0,,,,,,,,4,0,,,36.86,,,1.0,,,,
5,bbb_permeability,classification,NB05_bbb_permeability,anisopirol,C3=C(N2CCN(CCCC(C1=CC=C(F)C=C1)O)CC2)C(=CC=C3)OC,,2,,,,,0.082031,0.4286,,,,,4,1,26,,,,3.4701,,,,102.2408,358.457,,,,,5.0,,,,,,,,3,7,,,35.94,,,1.0,,,,
5,bbb_permeability,classification,NB05_bbb_permeability,aptazapine,[N]12C(=CC=C1)C4N(C3=C(C2)C=CC=C3)CCN(C4)C.O=C(O)\C=C/C(=O)O,,2,,,,,0.083984,0.3,,,,,5,2,27,,,,2.0547,,,,101.9716,369.421,,,,,7.0,,,,,,,,4,2,,,86.01,,,1.0,,,,
5,bbb_permeability,classification,NB05_bbb_permeability,arfendazam,C1=C(Cl)C=CC3=C1N(C2=CC=CC=C2)C(CCN3C(OCC)=O)=O,,2,,,,,0.082031,0.2222,,,,,3,0,24,,,,4.3713,,,,94.025,344.798,,,,,6.0,,,,,,,,3,2,,,49.85,,,1.0,,,,
5,bbb_permeability,classification,NB05_bbb_permeability,asimadoline,[C@H](N(C(C(C1=CC=CC=C1)C2=CC=CC=C2)=O)C)(C3=CC=CC=C3)CN4CC[C@@H](C4)O,,3,,,,,0.082031,0.2963,,,,,3,1,31,,,,4.0848,,,,123.7438,414.549,,,,,4.0,,,,,,,,4,7,,,43.78,,,1.0,,,,
5,bbb_permeability,classification,NB05_bbb_permeability,atibeprone,C2=C(OCC1=NN=C(S1)C(C)C)C=CC3=C2OC(=O)C(=C3C)C,,3,,,,,0.083984,0.3529,,,,,6,0,23,,,,3.9637,,,,90.288,330.409,,,,,6.0,,,,,,,,3,4,,,65.22,,,1.0,,,,
5,bbb_permeability,classification,NB05_bbb_permeability,atropine(hyoscyamine),C1=CC=CC=C1C(C(OC2CC3N(C)C(C2)CC3)=O)CO,,1,,,,,0.072266,0.5882,,,,,4,1,21,,,,1.9309,,,,79.9558,289.375,,,,,4.0,,,,,,,,3,4,,,49.77,,,1.0,,,,
5,bbb_permeability,classification,NB05_bbb_permeability,bazinaprine,C1=C(C(=NN=C1C2=CC=CC=C2)NCCN3CCOCC3)C#N,,2,,,,,0.085938,0.3529,,,,,6,1,23,,,,1.7594,,,,87.9317,309.373,,,,,6.0,,,,,,,,3,5,,,74.07,,,1.0,,,,
5,bbb_permeability,classification,NB05_bbb_permeability,beclomethasonedipropionate(beclometasone-dipropionate),[C@@]4([C@@]3([C@H]([C@H]2[C@]([C@@]1(C(=CC(=O)C=C1)CC2)C)(Cl)[C@H](C3)O)C[C@@H]4C)C)(C(COC(CC)=O)=O)OC(CC)=O,,0,,,,,0.115234,0.7143,,,,,7,1,36,,,,4.0868,,,,133.0178,521.05,,,,,8.0,,,,,,,,4,6,,,106.97,,,1.0,,,,
5,bbb_permeability,classification,NB05_bbb_permeability,befuraline,C3=C(C(N2CCN(CC1=CC=CC=C1)CC2)=O)OC4=C3C=CC=C4,,3,,,,,0.070312,0.25,,,,,3,0,24,,,,3.3908,,,,93.8365,320.392,,,,,4.0,,,,,,,,4,3,,,36.69,,,1.0,,,,
5,bbb_permeability,classification,NB05_bbb_permeability,beloxepin,[C@@H]24[C@@](C1=CC=CC=C1OC3=C(C=CC=C23)C)(CCN(C4)C)O,,2,,,,,0.082031,0.3684,,,,,3,1,22,,,,3.4076,,,,86.4468,295.382,,,,,3.0,,,,,,,,4,0,,,32.7,,,1.0,,,,
5,bbb_permeability,classification,NB05_bbb_permeability,benmoxin,C2=C(C(NNC(C1=CC=CC=C1)=O)C)C=CC=C2,,2,,,,,0.052734,0.1333,,,,,2,2,18,,,,2.6822,,,,71.9009,240.306,,,,,3.0,,,,,,,,2,4,,,41.13,,,1.0,,,,
5,bbb_permeability,classification,NB05_bbb_permeability,benzobarbital,C1=CC=CC=C1C3(C(N(C(C2=CC=CC=C2)=O)C(=O)NC3=O)=O)CC,,2,,,,,0.070312,0.1579,,,,,4,1,25,,,,2.2532,,,,89.5682,336.347,,,,,6.0,,,,,,,,3,3,,,83.55,,,1.0,,,,
5,bbb_permeability,classification,NB05_bbb_permeability,benzoclidine,C3=C(C(OC1C2CCN(C1)CC2)=O)C=CC=C3,,1,,,,,0.060547,0.5,,,,,3,0,17,,,,1.9376,,,,64.8095,231.295,,,,,3.0,,,,,,,,4,2,,,29.54,,,1.0,,,,
5,bbb_permeability,classification,NB05_bbb_permeability,benzoctamine,C1=CC=C2C(=C1)C3C4=C(C2(CNC)CC3)C=CC=C4,,2,,,,,0.058594,0.3333,,,,,1,1,19,,,,3.4312,,,,78.6677,249.357,,,,,1.0,,,,,,,,5,2,,,12.03,,,1.0,,,,
5,bbb_permeability,classification,NB05_bbb_permeability,benzphetamine(benzfetamine),C1=CC(=CC=C1)CC(N(C)CC2=CC=CC=C2)C,,2,,,,,0.046875,0.2941,,,,,1,0,18,,,,3.7496,,,,77.517,239.362,,,,,1.0,,,,,,,,2,5,,,3.24,,,1.0,,,,
5,bbb_permeability,classification,NB05_bbb_permeability,besipirdine,[H+].C1=CC3=C([N]1N(C2=CC=NC=C2)CCC)C=CC=C3.[Cl-],,3,,,,,0.070312,0.1875,,,,,3,0,20,,,,0.8325,,,,80.322,287.794,,,,,4.0,,,,,,,,3,4,,,21.06,,,1.0,,,,
5,bbb_permeability,classification,NB05_bbb_permeability,betamethadol,C2=C(C(CC(N(C)C)C)(C(CC)O)C1=CC=CC=C1)C=CC=C2,,2,,,,,0.058594,0.4286,,,,,2,1,23,,,,4.0838,,,,97.7278,311.469,,,,,2.0,,,,,,,,2,7,,,23.47,,,1.0,,,,
5,bbb_permeability,classification,NB05_bbb_permeability,betamethasone-acetate(dexamethasone-acetate),[C@@]4([C@@]3([C@H]([C@H]2[C@]([C@@]1(C(=CC(=O)C=C1)CC2)C)(F)[C@H](C3)O)C[C@@H]4C)C)(C(COC(C)=O)=O)OC(C(C)C)=O,,0,,,,,0.123047,0.7143,,,,,7,1,36,,,,3.6734,,,,128.2028,504.595,,,,,8.0,,,,,,,,4,5,,,106.97,,,1.0,,,,
5,bbb_permeability,classification,NB05_bbb_permeability,betamethasone-dipropionate(dexamethasone-dipropionate),[C@H]34[C@H]2[C@@]([C@@]1(C(=CC(=O)C=C1)CC2)C)([C@@H](O)C[C@@]3([C@](C(COC(C)=O)=O)(O)[C@H](C4)C)C)F,,0,,,,,0.115234,0.7083,,,,,6,2,31,,,,2.4665,,,,109.4916,434.504,,,,,7.0,,,,,,,,4,3,,,100.9,,,1.0,,,,
5,bbb_permeability,classification,NB05_bbb_permeability,betamethasone-valerate,[C@@]4([C@@]3([C@H]([C@H]2[C@]([C@@]1(C(=CC(=O)C=C1)CC2)C)(F)[C@H](C3)O)C[C@@H]4C)C)(C(COC(CC)=O)=O)OC(CC)=O,,0,,,,,0.117188,0.7143,,,,,7,1,36,,,,3.8175,,,,128.2728,504.595,,,,,8.0,,,,,,,,4,6,,,106.97,,,1.0,,,,
5,bbb_permeability,classification,NB05_bbb_permeability,bifemelane,[H+].C2=C(CC1=CC=CC=C1)C(=CC=C2)OCCCCNC.[Cl-],,2,,,,,0.0625,0.3333,,,,,2,1,21,,,,0.7723,,,,85.4577,305.849,,,,,3.0,,,,,,,,2,8,,,21.26,,,1.0,,,,
5,bbb_permeability,classification,NB05_bbb_permeability,binedaline,C2=C(C1=C(C=CC=C1)[N]2N(CCN(C)C)C)C3=CC=CC=C3,,3,,,,,0.064453,0.2632,,,,,3,0,22,,,,3.4377,,,,94.936,293.414,,,,,3.0,,,,,,,,3,5,,,11.41,,,1.0,,,,
5,bbb_permeability,classification,NB05_bbb_permeability,brallobarbital,C(C1(C(NC(=O)NC1=O)=O)CC=C)C(=C)Br,,0,,,,,0.052734,0.3,,,,,3,2,16,,,,1.2136,,,,61.6124,287.113,,,,,6.0,,,,,,,,1,4,,,75.27,,,1.0,,,,
5,bbb_permeability,classification,NB05_bbb_permeability,brifentanil,[C@@H]3(N(C1=C(C=CC=C1)F)C(COC)=O)[C@@H](CN(CCN2C(N(CC)N=N2)=O)CC3)C,,2,,,,,0.113281,0.6,,,,,8,0,30,,,,0.9888,,,,109.727,420.489,,,,,10.0,,,,,,,,3,8,,,85.49,,,1.0,,,,
5,bbb_permeability,classification,NB05_bbb_permeability,brofaromine,C2=C(C1CCNCC1)OC3=C2C=C(OC)C=C3Br,,2,,,,,0.070312,0.4286,,,,,3,1,18,,,,3.6709,,,,75.3107,310.191,,,,,4.0,,,,,,,,3,2,,,34.4,,,1.0,,,,
5,bbb_permeability,classification,NB05_bbb_permeability,bromamid,C1=CC(=CC=C1NCCC(N(C)C)=O)Br,,1,,,,,0.052734,0.3636,,,,,2,1,15,,,,2.3393,,,,65.9427,271.158,,,,,4.0,,,,,,,,1,4,,,32.34,,,1.0,,,,
5,bbb_permeability,classification,NB05_bbb_permeability,bromodiphenhydramine(bromazine),C2=C(C(OCCN(C)C)C1=CC=CC=C1)C=CC(=C2)Br,,2,,,,,0.060547,0.2941,,,,,2,0,20,,,,4.1167,,,,86.933,334.257,,,,,3.0,,,,,,,,2,6,,,12.47,,,1.0,,,,
5,bbb_permeability,classification,NB05_bbb_permeability,bromopride,C1=C(Br)C(=CC(=C1C(NCCN(CC)CC)=O)OC)N,,1,,,,,0.080078,0.5,,,,,4,2,20,,,,2.1115,,,,85.2276,344.253,,,,,6.0,,,,,,,,1,7,,,67.59,,,1.0,,,,
5,bbb_permeability,classification,NB05_bbb_permeability,bromperidol-decanoate,C1=CC(=CC=C1C3(CCN(CCCC(C2=CC=C(C=C2)F)=O)CC3)OC(CCCCCCCCC)=O)Br,,2,,,,,0.103516,0.5484,,,,,4,0,37,,,,8.2263,,,,150.1605,574.575,,,,,6.0,,,,,,,,3,15,,,46.61,,,1.0,,,,
5,bbb_permeability,classification,NB05_bbb_permeability,budesonide,[C@@]45([C@@]3([C@H]([C@H]2[C@@H]([C@@]1(C(=CC(=O)C=C1)CC2)C)[C@H](C3)O)C[C@H]4OC(O5)CCC)C)C(CO)=O,,0,,,,,0.119141,0.76,,,,,6,2,31,,,,2.7168,,,,112.8666,430.541,,,,,6.0,,,,,,,,5,4,,,93.06,,,1.0,,,,
5,bbb_permeability,classification,NB05_bbb_permeability,budipine,C1=CC=CC=C1C3(C2=CC=CC=C2)CCN(C(C)(C)C)CC3,,2,,,,,0.048828,0.4286,,,,,1,0,22,,,,4.867,,,,94.224,293.454,,,,,1.0,,,,,,,,3,2,,,3.24,,,1.0,,,,
5,bbb_permeability,classification,NB05_bbb_permeability,bufenadrine,C2=C(C(C1=CC=CC=C1)OCCN(C)C)C(=CC=C2)C(C)(C)C,,2,,,,,0.068359,0.4286,,,,,2,0,23,,,,4.6517,,,,97.933,311.469,,,,,2.0,,,,,,,,2,6,,,12.47,,,1.0,,,,
5,bbb_permeability,classification,NB05_bbb_permeability,buspirone,C1=NC(=NC=C1)N4CCN(CCCCN2C(CC3(CC2=O)CCCC3)=O)CC4,,1,,,,,0.074219,0.7143,,,,,6,0,28,,,,2.0882,,,,106.774,385.512,,,,,7.0,,,,,,,,4,6,,,69.64,,,1.0,,,,
5,bbb_permeability,classification,NB05_bbb_permeability,butalbital,C(C1(C(NC(=O)NC1=O)=O)CC=C)C(C)C,,0,,,,,0.052734,0.5455,,,,,3,2,16,,,,0.961,,,,58.3834,224.26,,,,,5.0,,,,,,,,1,4,,,75.27,,,1.0,,,,
5,bbb_permeability,classification,NB05_bbb_permeability,butamoxane,C1=CC=CC2=C1OC(CNCCCC)CO2,,1,,,,,0.064453,0.5385,,,,,3,1,16,,,,2.2161,,,,64.1307,221.3,,,,,3.0,,,,,,,,2,5,,,30.49,,,1.0,,,,
5,bbb_permeability,classification,NB05_bbb_permeability,butriptyline,C1=CC=CC3=C1C(C2=CC=CC=C2CC3)CC(CN(C)C)C,,2,,,,,0.060547,0.4286,,,,,1,0,22,,,,4.5049,,,,94.47,293.454,,,,,1.0,,,,,,,,3,4,,,3.24,,,1.0,,,,
5,bbb_permeability,classification,NB05_bbb_permeability,carbenzide,C1=CC=CC=C1C(NNC(OCC)=O)C,,1,,,,,0.058594,0.3636,,,,,3,2,15,,,,1.9983,,,,58.1504,208.261,,,,,4.0,,,,,,,,1,4,,,50.36,,,1.0,,,,
5,bbb_permeability,classification,NB05_bbb_permeability,carbocloral,C(OC(NC(C(Cl)(Cl)Cl)O)=O)C,,0,,,,,0.046875,0.8,,,,,3,2,12,,,,1.4211,,,,46.4545,236.482,,,,,7.0,,,,,,,,0,2,,,58.56,,,1.0,,,,
5,bbb_permeability,classification,NB05_bbb_permeability,carbromal,C(C(C(NC(N)=O)=O)(CC)Br)C,,0,,,,,0.041016,0.7143,,,,,2,2,12,,,,1.135,,,,49.9661,237.097,,,,,5.0,,,,,,,,0,3,,,72.19,,,1.0,,,,
5,bbb_permeability,classification,NB05_bbb_permeability,carfentanil,C1=CC=CC=C1N(C3(CCN(CCC2=CC=CC=C2)CC3)C(OC)=O)C(CC)=O,,2,,,,,0.083984,0.4167,,,,,4,0,29,,,,3.6799,,,,114.786,394.515,,,,,5.0,,,,,,,,3,7,,,49.85,,,1.0,,,,
5,bbb_permeability,classification,NB05_bbb_permeability,carpipramine,C1=CC=CC4=C1N(CCCN3CCC(N2CCCCC2)(CC3)C(N)=O)C5=C(CC4)C=CC=C5,,2,,,,,0.085938,0.5357,,,,,4,1,33,,,,4.1192,,,,134.9384,446.639,,,,,5.0,,,,,,,,5,6,,,52.81,,,1.0,,,,
5,bbb_permeability,classification,NB05_bbb_permeability,carvotroline,C1=C(F)C=CC2=C1C3=C([NH]2)CCN(C3)CCC4=CC=NC=C4,,3,,,,,0.085938,0.2778,,,,,2,1,22,,,,3.3028,,,,85.1787,295.361,,,,,4.0,,,,,,,,4,3,,,31.92,,,1.0,,,,
5,bbb_permeability,classification,NB05_bbb_permeability,cericlamine,[H+].C1=C(CC(N(C)C)(CO)C)C=CC(=C1Cl)Cl.[Cl-],,1,,,,,0.0625,0.5,,,,,2,1,17,,,,-0.035,,,,70.4558,298.641,,,,,5.0,,,,,,,,1,4,,,23.47,,,1.0,,,,
5,bbb_permeability,classification,NB05_bbb_permeability,chlorcyclizine,C3=C(C(N1CCN(C)CC1)C2=CC=CC=C2)C=CC(=C3)Cl,,2,,,,,0.056641,0.3333,,,,,2,0,21,,,,3.6768,,,,88.807,300.833,,,,,3.0,,,,,,,,3,3,,,6.48,,,1.0,,,,
5,bbb_permeability,classification,NB05_bbb_permeability,chlorobutanol,ClC(CCC)O,,0,,,,,0.025391,1.0,,,,,1,1,6,,,,1.3437,,,,26.7678,108.568,,,,,2.0,,,,,,,,0,2,,,20.23,,,1.0,,,,
5,bbb_permeability,classification,NB05_bbb_permeability,chloroprednisone,[C@H]24[C@H]1[C@@]([C@](C(COC(C)=O)=O)(O)CC1)(CC([C@@H]2[C@@]3(C(=CC(=O)C=C3)[C@H](C4)Cl)C)=O)C,,0,,,,,0.105469,0.6522,,,,,6,1,30,,,,2.5539,,,,108.6198,434.916,,,,,7.0,,,,,,,,4,3,,,97.74,,,1.0,,,,
5,bbb_permeability,classification,NB05_bbb_permeability,chloroserpidine,[C@@H]36C2=C(C1=CC(=CC=C1[NH]2)Cl)CCN3C[C@H]5C[C@@H](OC(C4=CC(=C(C(=C4)OC)OC)OC)=O)[C@@H]([C@H]([C@H]5C6)C(OC)=O)OC,,3,,,,,0.130859,0.5,,,,,9,1,43,,,,4.8159,,,,159.1452,613.107,,,,,11.0,,,,,,,,6,7,,,108.55,,,1.0,,,,
5,bbb_permeability,classification,NB05_bbb_permeability,chlorphenesin-carbamate,C1=CC(=CC=C1OCC(COC(N)=O)O)Cl,,1,,,,,0.056641,0.3,,,,,4,2,16,,,,1.175,,,,58.4892,245.662,,,,,6.0,,,,,,,,1,5,,,81.78,,,1.0,,,,
5,bbb_permeability,classification,NB05_bbb_permeability,chlorphenoxamine,C2=C(C(C1=CC=CC=C1)(OCCN(C)C)C)C=CC(=C2)Cl,,2,,,,,0.060547,0.3333,,,,,2,0,21,,,,4.1817,,,,88.854,303.833,,,,,3.0,,,,,,,,2,6,,,12.47,,,1.0,,,,
5,bbb_permeability,classification,NB05_bbb_permeability,chlorthenoxazine,C1=C2C(=CC=C1)OC(CCCl)NC2=O,,1,,,,,0.058594,0.3,,,,,2,1,14,,,,1.7638,,,,53.6612,211.648,,,,,4.0,,,,,,,,2,2,,,38.33,,,1.0,,,,
5,bbb_permeability,classification,NB05_bbb_permeability,cianopramine,C1=C(C#N)C=CC3=C1N(C2=C(C=CC=C2)CC3)CCCN(C)C,,2,,,,,0.080078,0.35,,,,,3,0,23,,,,3.7467,,,,95.184,305.425,,,,,3.0,,,,,,,,3,4,,,30.27,,,1.0,,,,
5,bbb_permeability,classification,NB05_bbb_permeability,ciclazindol,C1=CC=CC2=C1C(C3=NCCCN23)(C4=CC=CC(=C4)Cl)O,,2,,,,,0.078125,0.2353,,,,,3,1,21,,,,3.1981,,,,85.1578,298.773,,,,,4.0,,,,,,,,4,1,,,35.83,,,1.0,,,,
5,bbb_permeability,classification,NB05_bbb_permeability,ciclopramine,C4=C2C1=C(CCC3=C(N1CCC2NC)C=CC=C3)C=C4,,2,,,,,0.070312,0.3333,,,,,2,1,20,,,,3.5875,,,,83.7157,264.372,,,,,2.0,,,,,,,,4,1,,,15.27,,,1.0,,,,
5,bbb_permeability,classification,NB05_bbb_permeability,cidoxepin,CN(C)CCC=C2c1ccccc1COc3ccccc23,,2,,,,,0.064453,0.2632,,,,,2,0,21,,,,3.9624,,,,87.466,279.383,,,,,2.0,,,,,,,,3,3,,,12.47,,,1.0,,,,
5,bbb_permeability,classification,NB05_bbb_permeability,ciladopa,[C@@H](CN2CCN(C1=CC=CC=CC1=O)CC2)(C3=CC(=C(OC)C=C3)OC)O,,2,,,,,0.085938,0.381,,,,,6,1,27,,,,1.9196,,,,105.8708,370.449,,,,,6.0,,,,,,,,3,6,,,62.24,,,1.0,,,,
5,bbb_permeability,classification,NB05_bbb_permeability,cinfenine,C1=CC=CC=C1C(C2=CC=CC=C2)OCCN(C\C=C\C3=CC=CC=C3)C,,3,,,,,0.068359,0.2,,,,,2,0,27,,,,5.4378,,,,113.652,357.497,,,,,2.0,,,,,,,,3,9,,,12.47,,,1.0,,,,
5,bbb_permeability,classification,NB05_bbb_permeability,cinitapride,C1=C(C(=CC(=C1[N+](=O)[O-])N)OCC)C(NC3CCN(CC2CCC=CC2)CC3)=O,,1,,,,,0.115234,0.5714,,,,,6,2,29,,,,3.1262,,,,112.087,402.495,,,,,8.0,,,,,,,,3,7,,,110.73,,,1.0,,,,
5,bbb_permeability,classification,NB05_bbb_permeability,cinperene,C1=CC=CC=C1C4(C3CCN(C\C=C\C2=CC=CC=C2)CC3)C(NC(=O)CC4)=O,,2,,,,,0.087891,0.36,,,,,3,1,29,,,,3.7864,,,,115.1437,388.511,,,,,4.0,,,,,,,,4,5,,,49.41,,,1.0,,,,
5,bbb_permeability,classification,NB05_bbb_permeability,cinromide,C1=C(C=CC=C1Br)\C=C\C(NCC)=O,,1,,,,,0.064453,0.1818,,,,,1,1,14,,,,2.5984,,,,61.8597,254.127,,,,,3.0,,,,,,,,1,3,,,29.1,,,1.0,,,,
5,bbb_permeability,classification,NB05_bbb_permeability,cintriamide(cintramide),C1=C(C(=C(C=C1\C=C\C(N)=O)OC)OC)OC,,1,,,,,0.052734,0.25,,,,,4,1,17,,,,1.2109,,,,64.3264,237.255,,,,,5.0,,,,,,,,1,5,,,70.78,,,1.0,,,,
5,bbb_permeability,classification,NB05_bbb_permeability,cinuperone,C3=C(N2CCN(CCCC(C1=CC=C(F)C=C1)=O)CC2)N=CC4=CC=CC=C34,,3,,,,,0.091797,0.3043,,,,,4,0,28,,,,4.159,,,,110.3605,377.463,,,,,5.0,,,,,,,,4,6,,,36.44,,,1.0,,,,
5,bbb_permeability,classification,NB05_bbb_permeability,citalopram,C1=CC(=CC3=C1C(C2=CC=C(F)C=C2)(OC3)CCCN(C)C)C#N,,2,,,,,0.091797,0.35,,,,,3,0,24,,,,3.813,,,,90.914,324.399,,,,,4.0,,,,,,,,3,5,,,36.26,,,1.0,,,,
5,bbb_permeability,classification,NB05_bbb_permeability,citenamide,C1=CC=CC3=C1C(C2=C(C=CC=C2)C=C3)C(N)=O,,2,,,,,0.044922,0.0625,,,,,1,1,18,,,,2.7876,,,,72.8494,235.286,,,,,2.0,,,,,,,,3,1,,,43.09,,,1.0,,,,
5,bbb_permeability,classification,NB05_bbb_permeability,clazolam,C1=C(Cl)C=CC4=C1C3C2=CC=CC=C2CCN3CC(=O)N4C,,2,,,,,0.083984,0.2778,,,,,2,0,22,,,,3.2639,,,,88.424,312.8,,,,,4.0,,,,,,,,4,0,,,23.55,,,1.0,,,,
5,bbb_permeability,classification,NB05_bbb_permeability,clemeprol,C1=CC=CC(=C1)C(C(CN(C)C)O)C2=CC=C(C=C2)Cl,,2,,,,,0.058594,0.2941,,,,,2,1,20,,,,3.3944,,,,84.2978,289.806,,,,,3.0,,,,,,,,2,5,,,23.47,,,1.0,,,,
5,bbb_permeability,classification,NB05_bbb_permeability,climazolam,C1=CC(=CC3=C1[N]2C(=CN=C2C)CN=C3C4=CC=CC=C4Cl)Cl,,3,,,,,0.082031,0.1111,,,,,3,0,23,,,,4.8385,,,,94.106,342.229,,,,,5.0,,,,,,,,4,1,,,30.18,,,1.0,,,,
5,bbb_permeability,classification,NB05_bbb_permeability,clobetasol,[C@@]23(F)C(C1C([C@](O)(C(C1)C)C(=O)CCl)(CC2O)C)CCC4=CC(=O)C=CC34C,,0,,,,,0.107422,0.7273,,,,,4,2,28,,,,3.1422,,,,103.5786,410.913,,,,,6.0,,,,,,,,4,2,,,74.6,,,1.0,,,,
5,bbb_permeability,classification,NB05_bbb_permeability,clobetasol-propionate,[C@]4([C@@]3([C@H]([C@H]2[C@]([C@@]1(C(=CC(=O)C=C1)CC2)C)(F)[C@H](C3)O)C[C@@H]4C)C)(OC(CC)=O)C(CCl)=O,,0,,,,,0.117188,0.72,,,,,5,1,32,,,,4.1031,,,,117.7428,466.977,,,,,7.0,,,,,,,,4,4,,,80.67,,,1.0,,,,
5,bbb_permeability,classification,NB05_bbb_permeability,clofexamide,C1=CC(=CC=C1OCC(NCCN(CC)CC)=O)Cl,,1,,,,,0.070312,0.5,,,,,3,1,19,,,,2.1768,,,,77.7447,284.787,,,,,5.0,,,,,,,,1,8,,,41.57,,,1.0,,,,
5,bbb_permeability,classification,NB05_bbb_permeability,clomacran,C1=C(Cl)C=CC3=C1C(C2=C(C=CC=C2)N3)CCCN(C)C,,2,,,,,0.072266,0.3333,,,,,2,1,21,,,,4.8707,,,,90.8077,300.833,,,,,3.0,,,,,,,,3,4,,,15.27,,,1.0,,,,
5,bbb_permeability,classification,NB05_bbb_permeability,clopipazan,CN1CCC(CC1)=C3c2ccccc2Oc4ccc(Cl)cc34,,2,,,,,0.070312,0.2632,,,,,2,0,22,,,,4.9732,,,,90.721,311.812,,,,,3.0,,,,,,,,4,0,,,12.47,,,1.0,,,,
5,bbb_permeability,classification,NB05_bbb_permeability,clothiapine(clotiapine),C1=C(Cl)C=CC2=C1C(=NC3=C(S2)C=CC=C3)N4CCN(CC4)C,,2,,,,,0.076172,0.2778,,,,,4,0,23,,,,4.1303,,,,97.284,343.883,,,,,5.0,,,,,,,,4,0,,,18.84,,,1.0,,,,
5,bbb_permeability,classification,NB05_bbb_permeability,clovoxamine,C1=C(C(=N/OCCN)/CCCCOC)C=CC(=C1)Cl,,1,,,,,0.068359,0.5,,,,,4,1,19,,,,2.8361,,,,78.7224,284.787,,,,,5.0,,,,,,,,1,9,,,56.84,,,1.0,,,,
5,bbb_permeability,classification,NB05_bbb_permeability,cloxazolam,C1=C(Cl)C=CC3=C1C2(OCCN2CC(=O)N3)C4=C(Cl)C=CC=C4,,2,,,,,0.078125,0.2353,,,,,3,1,23,,,,3.4788,,,,89.8387,349.217,,,,,6.0,,,,,,,,4,1,,,41.57,,,1.0,,,,
5,bbb_permeability,classification,NB05_bbb_permeability,cloxypendyl,C1=C(Cl)C=NC2=C1SC4=C(N2CCCN3CCN(CCO)CC3)C=CC=C4,,2,,,,,0.089844,0.45,,,,,6,1,27,,,,3.3377,,,,111.4008,404.967,,,,,7.0,,,,,,,,4,6,,,42.84,,,1.0,,,,
5,bbb_permeability,classification,NB05_bbb_permeability,cormethasoneacetate(cormetasone-acetate),CC4CC3C2CC(F)(F)C1=CC(=O)C=CC1(C)C2(F)C(O)CC3(C)C4(O)C(=O)COC(C)=O,,0,,,,,0.113281,0.7083,,,,,6,2,33,,,,2.7117,,,,109.8216,470.484,,,,,9.0,,,,,,,,4,3,,,100.9,,,1.0,,,,
5,bbb_permeability,classification,NB05_bbb_permeability,cropropamide,C(C(N(C(\C=C\C)=O)CCC)C(N(C)C)=O)C,,0,,,,,0.058594,0.6923,,,,,2,0,17,,,,1.6679,,,,69.591,240.347,,,,,4.0,,,,,,,,0,6,,,40.62,,,1.0,,,,
5,bbb_permeability,classification,NB05_bbb_permeability,cyamemazine,C1=C(C#N)C=CC3=C1N(C2=C(C=CC=C2)S3)CC(CN(C)C)C,,2,,,,,0.083984,0.3158,,,,,4,0,23,,,,4.3587,,,,96.446,323.465,,,,,4.0,,,,,,,,3,4,,,30.27,,,1.0,,,,
5,bbb_permeability,classification,NB05_bbb_permeability,cyclazodone,C3=C(C1OC(=NC1=O)NC2CC2)C=CC=C3,,1,,,,,0.058594,0.3333,,,,,3,1,16,,,,1.3925,,,,58.8677,216.24,,,,,4.0,,,,,,,,3,2,,,50.69,,,1.0,,,,
5,bbb_permeability,classification,NB05_bbb_permeability,cypenamine,C2=C(C1C(CCC1)N)C=CC=C2,,1,,,,,0.042969,0.4545,,,,,1,1,12,,,,2.2814,,,,51.0094,161.248,,,,,1.0,,,,,,,,2,1,,,26.02,,,1.0,,,,
5,bbb_permeability,classification,NB05_bbb_permeability,cyprazepam,C4=C(C2=C3C(=NC(=NCC1CC1)CN2O)C=CC(=C3)Cl)C=CC=C4,,2,,,,,0.089844,0.2632,,,,,3,1,24,,,,2.6294,,,,94.7035,339.826,,,,,5.0,,,,,,,,4,3,,,48.19,,,1.0,,,,
5,bbb_permeability,classification,NB05_bbb_permeability,dabelotine,C1=CC=C3C(=C1OCC2CNCCO2)N(CCC3)C,,1,,,,,0.089844,0.6,,,,,4,1,19,,,,1.4362,,,,76.1377,262.353,,,,,4.0,,,,,,,,3,3,,,33.73,,,1.0,,,,
5,bbb_permeability,classification,NB05_bbb_permeability,daledalin,C1=CC=CC3=C1N(C2=CC=CC=C2)CC3(CCCNC)C,,2,,,,,0.070312,0.3684,,,,,2,1,21,,,,4.0956,,,,90.4027,280.415,,,,,2.0,,,,,,,,3,5,,,15.27,,,1.0,,,,
5,bbb_permeability,classification,NB05_bbb_permeability,damotepine,C1=CC=CC3=C1SC2=C(C=CC=C2)C=C3CN(C)C,,2,,,,,0.056641,0.1765,,,,,2,0,19,,,,4.2534,,,,83.432,267.397,,,,,2.0,,,,,,,,3,2,,,3.24,,,1.0,,,,
5,bbb_permeability,classification,NB05_bbb_permeability,danitracen,C1=CC=CC3=C1C(C2=C(C=CC=C2)C3O)=C4CCN(C)CC4,,2,,,,,0.056641,0.3,,,,,2,1,22,,,,3.6092,,,,89.6988,291.394,,,,,2.0,,,,,,,,4,0,,,23.47,,,1.0,,,,
5,bbb_permeability,classification,NB05_bbb_permeability,dapoxetine,[C@H](CCOC1=CC=CC2=CC=CC=C12)(C3=CC=CC=C3)N(C)C,,3,,,,,0.066406,0.2381,,,,,2,0,23,,,,4.9116,,,,96.93,305.421,,,,,2.0,,,,,,,,3,6,,,12.47,,,1.0,,,,
5,bbb_permeability,classification,NB05_bbb_permeability,darvon(dextropropoxypheneandlevopropoxyphene),[C@](OC(=O)CC)([C@@H](CN(C)C)C)(CC1=CC=CC=C1)C2=CC=CC=C2.[H+].[Cl-],,2,,,,,0.082031,0.4091,,,,,3,0,26,,,,1.392,,,,103.479,375.94,,,,,4.0,,,,,,,,2,8,,,29.54,,,1.0,,,,
5,bbb_permeability,classification,NB05_bbb_permeability,dazepinil,CN2C(Cc1ccccc1N=C2C)c3ccccc3,,2,,,,,0.0625,0.2353,,,,,2,0,19,,,,3.9657,,,,79.861,250.345,,,,,2.0,,,,,,,,3,1,,,15.6,,,1.0,,,,
5,bbb_permeability,classification,NB05_bbb_permeability,declenperone,C1=CC=CC2=C1N(C(=O)N2)CCCN4CCC(C(C3=CC=C(F)C=C3)=O)CC4,,3,,,,,0.091797,0.3636,,,,,4,1,28,,,,3.4537,,,,107.0702,381.451,,,,,6.0,,,,,,,,4,6,,,58.1,,,1.0,,,,
5,bbb_permeability,classification,NB05_bbb_permeability,deflazacort,[C@@]45([C@@]3([C@H]([C@H]2[C@@H]([C@@]1(C(=CC(=O)C=C1)CC2)C)[C@H](C3)O)C[C@H]4OC(=N5)C)C)C(COC(C)=O)=O,,0,,,,,0.119141,0.68,,,,,7,1,32,,,,2.5632,,,,115.7418,441.524,,,,,7.0,,,,,,,,5,3,,,102.26,,,1.0,,,,
5,bbb_permeability,classification,NB05_bbb_permeability,delergotrile,[C@@H]34CC1=C[NH]C2=CC=CC(=C12)C3C[C@@H](CN4C)CC#N,,2,,,,,0.089844,0.4706,,,,,2,1,20,,,,3.0416,,,,79.4987,265.36,,,,,3.0,,,,,,,,4,1,,,42.82,,,1.0,,,,
5,bbb_permeability,classification,NB05_bbb_permeability,delorazepam,C1=C(Cl)C=CC2=C1C(=NCC(N2)=O)C3=CC=CC=C3Cl,,2,,,,,0.072266,0.0667,,,,,2,1,20,,,,3.7829,,,,82.0397,305.164,,,,,5.0,,,,,,,,3,1,,,41.46,,,1.0,,,,
5,bbb_permeability,classification,NB05_bbb_permeability,demexiptiline,C1=CC=CC2=C1C(C3=C(C=C2)C=CC=C3)=NOCCNC,,3,,,,,0.056641,0.1667,,,,,3,1,21,,,,3.0447,,,,86.8957,278.355,,,,,3.0,,,,,,,,3,4,,,33.62,,,1.0,,,,
5,bbb_permeability,classification,NB05_bbb_permeability,denzimol,C1=CC(=CC=C1C(C[N]2C=CN=C2)O)CCC3=CC=CC=C3,,3,,,,,0.068359,0.2105,,,,,3,1,22,,,,3.4019,,,,87.4788,292.382,,,,,3.0,,,,,,,,3,6,,,38.05,,,1.0,,,,
5,bbb_permeability,classification,NB05_bbb_permeability,depramine,C1=CC=CC2=C1N(C3=C(C=C2)C=CC=C3)CCCN(C)C,,2,,,,,0.054688,0.2632,,,,,2,0,21,,,,4.2602,,,,91.989,278.399,,,,,2.0,,,,,,,,3,4,,,6.48,,,1.0,,,,
5,bbb_permeability,classification,NB05_bbb_permeability,desflurane,O(C(C(F)(F)F)F)C(F)F,,0,,,,,0.027344,1.0,,,,,1,0,10,,,,2.0835,,,,18.04,168.036,,,,,7.0,,,,,,,,0,2,,,9.23,,,1.0,,,,
5,bbb_permeability,classification,NB05_bbb_permeability,desomorphine,C1=CC(=C3C2=C1CC5C4C2(C(O3)CCC4)CCN5C)O,,1,,,,,0.085938,0.6471,,,,,3,1,20,,,,2.4513,,,,76.2808,271.36,,,,,3.0,,,,,,,,5,0,,,32.7,,,1.0,,,,
5,bbb_permeability,classification,NB05_bbb_permeability,dexclamol,[C@H]15C3=C(CCC2=C1C=CC=C2)C=CC=C3[C@H]4C[C@](C(C)C)(O)CCN4C5,,2,,,,,0.087891,0.5,,,,,2,1,26,,,,4.4547,,,,105.4708,347.502,,,,,2.0,,,,,,,,5,1,,,23.47,,,1.0,,,,
5,bbb_permeability,classification,NB05_bbb_permeability,dextromoramide(levomoramideandracemoramide),C4=C(C(C(=O)N1CCCC1)(C2=CC=CC=C2)C(CN3CCOCC3)C)C=CC=C4,,2,,,,,0.078125,0.48,,,,,3,0,29,,,,3.5634,,,,115.901,392.543,,,,,4.0,,,,,,,,4,6,,,32.78,,,1.0,,,,
5,bbb_permeability,classification,NB05_bbb_permeability,dextrorphan,[C@]134[C@@H]([C@H](CC2=C1C=C(O)C=C2)N(C)CC3)CCCC4,,1,,,,,0.078125,0.6471,,,,,2,1,19,,,,3.0804,,,,76.4818,257.377,,,,,2.0,,,,,,,,4,0,,,23.47,,,1.0,,,,
5,bbb_permeability,classification,NB05_bbb_permeability,dezinamide,C1=C(C=CC=C1OC2CN(C(N)=O)C2)C(F)(F)F,,1,,,,,0.070312,0.3636,,,,,2,1,18,,,,1.8471,,,,57.0164,260.215,,,,,7.0,,,,,,,,2,2,,,55.56,,,1.0,,,,
5,bbb_permeability,classification,NB05_bbb_permeability,dezocine,CC13CCCCCC(Cc2ccc(O)cc12)C3N,,1,,,,,0.072266,0.625,,,,,2,2,18,,,,3.1136,,,,73.7132,245.366,,,,,2.0,,,,,,,,3,0,,,46.25,,,1.0,,,,
5,bbb_permeability,classification,NB05_bbb_permeability,diacetylnalorphine,C1=CC(=C3C2=C1CC5C4C2(C(O3)C(C=C4)OC(C)=O)CCN5CC=C)OC(C)=O,,1,,,,,0.111328,0.4783,,,,,6,0,29,,,,2.5448,,,,105.908,395.455,,,,,6.0,,,,,,,,5,4,,,65.07,,,1.0,,,,
5,bbb_permeability,classification,NB05_bbb_permeability,dibenzepin,C1=CC=CC2=C1N(C(C3=C(N2C)C=CC=C3)=O)CCN(C)C,,2,,,,,0.0625,0.2778,,,,,3,0,22,,,,2.9763,,,,91.1775,295.386,,,,,4.0,,,,,,,,3,3,,,26.79,,,1.0,,,,
5,bbb_permeability,classification,NB05_bbb_permeability,dicarbine,C1=C(C)C=CC3=C1C2C(CCN(C2)C)N3,,1,,,,,0.064453,0.5385,,,,,2,1,15,,,,2.2082,,,,63.4447,202.301,,,,,2.0,,,,,,,,3,0,,,15.27,,,1.0,,,,
5,bbb_permeability,classification,NB05_bbb_permeability,dichlormezanone,C2=C(C1[S](CCC(N1C)=O)(=O)=O)C=CC(=C2Cl)Cl,,1,,,,,0.064453,0.3636,,,,,3,0,18,,,,2.2689,,,,70.3768,308.186,,,,,7.0,,,,,,,,2,1,,,54.45,,,1.0,,,,
5,bbb_permeability,classification,NB05_bbb_permeability,diclofensine,C1=CC(=CC3=C1C(C2=CC(=C(Cl)C=C2)Cl)CN(C)C3)OC,,2,,,,,0.078125,0.2941,,,,,2,0,21,,,,4.5793,,,,87.633,322.235,,,,,4.0,,,,,,,,3,2,,,12.47,,,1.0,,,,
5,bbb_permeability,classification,NB05_bbb_permeability,diethazine,C1=CC=CC3=C1N(C2=C(C=CC=C2)S3)CCN(CC)CC,,2,,,,,0.056641,0.3333,,,,,3,0,21,,,,4.6311,,,,91.801,298.455,,,,,3.0,,,,,,,,3,5,,,6.48,,,1.0,,,,
5,bbb_permeability,classification,NB05_bbb_permeability,difencloxazine,Clc1ccc(cc1)C(OCCN2CCOCC2)c3ccccc3,,2,,,,,0.072266,0.3684,,,,,3,0,23,,,,3.7782,,,,92.948,331.843,,,,,4.0,,,,,,,,3,6,,,21.7,,,1.0,,,,
5,bbb_permeability,classification,NB05_bbb_permeability,diflorasone-diacetate,[C@@]4([C@@]3([C@H]([C@H]2[C@]([C@@]1(C(=CC(=O)C=C1)[C@H](C2)F)C)(F)[C@H](C3)O)C[C@@H]4C)C)(C(COC(C)=O)=O)OC(C)=O,,0,,,,,0.115234,0.6923,,,,,7,1,35,,,,2.9853,,,,119.3178,494.531,,,,,9.0,,,,,,,,4,4,,,106.97,,,1.0,,,,
5,bbb_permeability,classification,NB05_bbb_permeability,difluprednate,[C@@]4([C@@]3([C@H]([C@H]2[C@]([C@@]1(C(=CC(=O)C=C1)[C@H](C2)F)C)(F)[C@H](C3)O)CC4)C)(C(COC(C)=O)=O)OC(CCC)=O,,0,,,,,0.128906,0.7037,,,,,7,1,36,,,,3.5195,,,,124.0048,508.558,,,,,9.0,,,,,,,,4,6,,,106.97,,,1.0,,,,
5,bbb_permeability,classification,NB05_bbb_permeability,dimemorfan,[C@]134[C@@H]([C@H](CC2=C1C=C(C)C=C2)N(C)CC3)CCCC4,,1,,,,,0.076172,0.6667,,,,,1,0,19,,,,3.6832,,,,79.554,255.405,,,,,1.0,,,,,,,,4,0,,,3.24,,,1.0,,,,
5,bbb_permeability,classification,NB05_bbb_permeability,dimeprozan,C3=CC1=C(C(/C2=C(O1)C=CC=C2)=C/CCN(C)C)C=C3OC,,2,,,,,0.076172,0.2632,,,,,3,0,22,,,,4.1843,,,,89.76,295.382,,,,,3.0,,,,,,,,3,4,,,21.7,,,1.0,,,,
5,bbb_permeability,classification,NB05_bbb_permeability,dimesone,[C@]23([C@H]([C@H]1[C@]([C@](C(CO)=O)(C)[C@@H](C1)C)(C)C[C@@H]2O)CCC4=CC(=O)C=C[C@]34C)F,,0,,,,,0.103516,0.7391,,,,,4,2,28,,,,3.1709,,,,103.1016,390.495,,,,,5.0,,,,,,,,4,2,,,74.6,,,1.0,,,,
5,bbb_permeability,classification,NB05_bbb_permeability,dimetacrine,C1=CC=CC3=C1N(C2=C(C=CC=C2)C3(C)C)CCCN(C)C,,2,,,,,0.058594,0.4,,,,,2,0,22,,,,4.4157,,,,95.189,294.442,,,,,2.0,,,,,,,,3,4,,,6.48,,,1.0,,,,
5,bbb_permeability,classification,NB05_bbb_permeability,dinazafone,C1=C(C(=CC=C1Cl)N(C(CNCC(C)=C)=O)C)C(C2=CC=CC=C2)=O,,2,,,,,0.085938,0.2,,,,,3,1,25,,,,3.6995,,,,102.4202,356.853,,,,,5.0,,,,,,,,2,7,,,49.41,,,1.0,,,,
5,bbb_permeability,classification,NB05_bbb_permeability,doliracetam,C1=CC=CC2=C1C(C(N2CC(N)=O)=O)C3=CC=CC=C3,,2,,,,,0.064453,0.125,,,,,2,1,20,,,,1.6504,,,,76.2744,266.3,,,,,4.0,,,,,,,,3,3,,,63.4,,,1.0,,,,
5,bbb_permeability,classification,NB05_bbb_permeability,dosulepin,[H+].C3=C2\C(C1=CC=CC=C1SCC2=CC=C3)=C\CCN(C)C.[Cl-],,2,,,,,0.074219,0.2632,,,,,2,0,22,,,,1.7922,,,,93.807,331.912,,,,,3.0,,,,,,,,3,3,,,3.24,,,1.0,,,,
5,bbb_permeability,classification,NB05_bbb_permeability,doxefazepam,C1=C(Cl)C=CC2=C1C(=NC(O)C(N2CCO)=O)C3=CC=CC=C3F,,2,,,,,0.089844,0.1765,,,,,4,2,24,,,,1.9738,,,,88.9366,348.761,,,,,7.0,,,,,,,,3,3,,,73.13,,,1.0,,,,
5,bbb_permeability,classification,NB05_bbb_permeability,doxenitoin,C3=C(C2(C1=CC=CC=C1)C(NCN2)=O)C=CC=C3,,2,,,,,0.046875,0.1333,,,,,2,2,18,,,,1.6071,,,,69.8094,238.29,,,,,3.0,,,,,,,,3,2,,,41.13,,,1.0,,,,
5,bbb_permeability,classification,NB05_bbb_permeability,doxibetasol,[C@H]34[C@H]2[C@@](F)([C@@]1(C(=CC(=O)C=C1)CC2)C)[C@@H](O)C[C@@]3([C@](O)([C@H](C4)C)C(=O)C)C,,0,,,,,0.097656,0.7273,,,,,4,2,27,,,,2.9233,,,,98.5326,376.468,,,,,5.0,,,,,,,,4,1,,,74.6,,,1.0,,,,
5,bbb_permeability,classification,NB05_bbb_permeability,drocinonide,[C@H]23C([C@@]1(OC(O[C@@H]1C2)(C)C)C(=O)CO)(C[C@H](O)[C@@]4(F)C3CCC5C4(CCC(=O)C5)C)C,,0,,,,,0.105469,0.9167,,,,,6,2,31,,,,2.7227,,,,108.7166,438.536,,,,,7.0,,,,,,,,5,2,,,93.06,,,1.0,,,,
5,bbb_permeability,classification,NB05_bbb_permeability,dulozafone,C1=C(C(=CC=C1Cl)N(C(CN(CCO)CCO)=O)C)C(C2=C(C=CC=C2)Cl)=O,,2,,,,,0.080078,0.3,,,,,5,2,28,,,,2.4738,,,,110.3581,425.312,,,,,8.0,,,,,,,,2,9,,,81.08,,,1.0,,,,
5,bbb_permeability,classification,NB05_bbb_permeability,enpiprazole,C1=CC=CC(=C1N3CCN(CCC2=C[N](C)N=C2)CC3)Cl,,2,,,,,0.070312,0.4375,,,,,4,0,21,,,,2.4382,,,,87.017,304.825,,,,,5.0,,,,,,,,3,4,,,24.3,,,1.0,,,,
5,bbb_permeability,classification,NB05_bbb_permeability,enprazepine,C1=CC=CC2=C1N(CC3=C(C2=C)C=CC=C3)CCCN(C)C,,2,,,,,0.070312,0.3,,,,,2,0,22,,,,4.0198,,,,95.241,292.426,,,,,2.0,,,,,,,,3,4,,,6.48,,,1.0,,,,
5,bbb_permeability,classification,NB05_bbb_permeability,eprobemide,C1=CC(=CC=C1C(NCCCN2CCOCC2)=O)Cl,,1,,,,,0.070312,0.5,,,,,3,1,19,,,,1.7921,,,,75.6612,282.771,,,,,5.0,,,,,,,,2,5,,,41.57,,,1.0,,,,
5,bbb_permeability,classification,NB05_bbb_permeability,eptazocine,C1=C(O)C=CC3=C1C2(CC(CN(CC2)C)C3)C,,1,,,,,0.070312,0.6,,,,,2,1,17,,,,2.5478,,,,69.3838,231.339,,,,,2.0,,,,,,,,3,0,,,23.47,,,1.0,,,,
5,bbb_permeability,classification,NB05_bbb_permeability,eterobarb,C2=C(C1(C(N(C(=O)N(C1=O)COC)COC)=O)CC)C=CC=C2,,1,,,,,0.060547,0.4375,,,,,5,0,23,,,,1.333,,,,81.251,320.345,,,,,7.0,,,,,,,,2,6,,,76.15,,,1.0,,,,
5,bbb_permeability,classification,NB05_bbb_permeability,ethotoin,C1=CC=CC=C1C2C(N(CC)C(N2)=O)=O,,1,,,,,0.054688,0.2727,,,,,2,1,15,,,,1.2994,,,,55.1017,204.229,,,,,4.0,,,,,,,,2,2,,,49.41,,,1.0,,,,
5,bbb_permeability,classification,NB05_bbb_permeability,ethyl-chloride,C1=C(Cl)C=CC2=C1C(=NC(C(=O)N2)C(OCC)=O)C3=CC=CC=C3F,,2,,,,,0.091797,0.1667,,,,,4,1,25,,,,3.2003,,,,92.5417,360.772,,,,,7.0,,,,,,,,3,3,,,67.76,,,1.0,,,,
5,bbb_permeability,classification,NB05_bbb_permeability,etizolam,C1=C(SC2=C1C(=NCC3=NN=C([N]23)C)C4=CC=CC=C4Cl)CC,,3,,,,,0.087891,0.2353,,,,,5,0,23,,,,4.204,,,,94.146,342.855,,,,,6.0,,,,,,,,4,2,,,43.07,,,1.0,,,,
5,bbb_permeability,classification,NB05_bbb_permeability,etrabamine,C2=NC1=C(CC(NC)CC1)S2,,1,,,,,0.052734,0.625,,,,,3,1,11,,,,1.2198,,,,46.9867,168.265,,,,,3.0,,,,,,,,2,1,,,24.92,,,1.0,,,,
5,bbb_permeability,classification,NB05_bbb_permeability,etryptamine,C1=CC=CC2=C1C(=C[NH]2)CC(CC)N,,2,,,,,0.056641,0.3333,,,,,1,2,14,,,,2.4477,,,,60.2691,188.274,,,,,2.0,,,,,,,,2,3,,,41.81,,,1.0,,,,
5,bbb_permeability,classification,NB05_bbb_permeability,fenaclon,C1=CC=CC=C1CCNC(CCCl)=O,,1,,,,,0.052734,0.3636,,,,,1,1,14,,,,1.9742,,,,58.4927,211.692,,,,,3.0,,,,,,,,1,5,,,29.1,,,1.0,,,,
5,bbb_permeability,classification,NB05_bbb_permeability,fenadiazole,O=C2\C(=C1\OC=NN1)C=CC=C2,,0,,,,,0.050781,0.0,,,,,4,1,12,,,,0.4562,,,,43.0257,162.148,,,,,4.0,,,,,,,,2,0,,,50.69,,,1.0,,,,
5,bbb_permeability,classification,NB05_bbb_permeability,fezolamine,C1=C(C(=N[N]1CCCN(C)C)C2=CC=CC=C2)C3=CC=CC=C3,,3,,,,,0.064453,0.25,,,,,3,0,23,,,,4.1688,,,,96.27,305.425,,,,,3.0,,,,,,,,3,6,,,21.06,,,1.0,,,,
5,bbb_permeability,classification,NB05_bbb_permeability,fletazepam,C1=C(Cl)C=CC2=C1C(=NCCN2CC(F)(F)F)C3=CC=CC=C3F,,2,,,,,0.082031,0.2353,,,,,2,0,24,,,,4.6988,,,,86.626,356.75,,,,,7.0,,,,,,,,3,2,,,15.6,,,1.0,,,,
5,bbb_permeability,classification,NB05_bbb_permeability,fluanisone,C1=CC=CC(=C1N3CCN(CCCC(C2=CC=C(F)C=C2)=O)CC3)OC,,2,,,,,0.085938,0.381,,,,,4,0,26,,,,3.6194,,,,101.6115,356.441,,,,,5.0,,,,,,,,3,7,,,32.78,,,1.0,,,,
5,bbb_permeability,classification,NB05_bbb_permeability,flucindol,CN(C)C3CCc2[nH]c1c(F)cc(F)cc1c2C3,,2,,,,,0.070312,0.4286,,,,,1,1,18,,,,2.865,,,,67.7147,250.292,,,,,4.0,,,,,,,,3,1,,,19.03,,,1.0,,,,
5,bbb_permeability,classification,NB05_bbb_permeability,fluciprazine,C1=CC(=CC=C1N3CCN(CC(O)COC2(CCCCC2)C#C)CC3)F,,1,,,,,0.087891,0.619,,,,,4,1,26,,,,2.6613,,,,101.6608,360.473,,,,,5.0,,,,,,,,3,6,,,35.94,,,1.0,,,,
5,bbb_permeability,classification,NB05_bbb_permeability,fludiazepam,C1=C(Cl)C=CC2=C1C(=NCC(=O)N2C)C3=CC=CC=C3F,,2,,,,,0.078125,0.125,,,,,2,0,21,,,,3.2929,,,,81.768,302.736,,,,,5.0,,,,,,,,3,1,,,32.67,,,1.0,,,,
5,bbb_permeability,classification,NB05_bbb_permeability,flumethasone(flumetasoneanddiflorasone),[C@H]23[C@@]([C@@]1(C(=CC(=O)C=C1)[C@H](C2)F)C)([C@H](C[C@]4([C@H]3C[C@@H](C)[C@@]4(C(CO)=O)O)C)O)F,,0,,,,,0.105469,0.7273,,,,,5,3,29,,,,1.8437,,,,100.2234,410.457,,,,,7.0,,,,,,,,4,2,,,94.83,,,1.0,,,,
5,bbb_permeability,classification,NB05_bbb_permeability,flumethasone21pivalate(flumetasone-pivalate),[C@]12(F)[C@H](CC4([C@H](C1C[C@@H](C3=CC(=O)C=CC23C)F)C[C@H]([C@]4(O)C(=O)COC(=O)C(C)(C)C)C)C)O,,0,,,,,0.119141,0.7407,,,,,6,2,35,,,,3.4407,,,,123.5516,494.575,,,,,8.0,,,,,,,,4,3,,,100.9,,,1.0,,,,
5,bbb_permeability,classification,NB05_bbb_permeability,flunisolide,[C@]14(C([C@H]3[C@H]([C@@H](O)C1)C2(C(=CC(=O)C=C2)[C@@H](F)C3)C)C[C@H]5OC(O[C@@]45C(=O)CO)(C)C)C.[C@]69(C([C@H]8[C@H]([C@@H](O)C6)C7(C(=CC(=O)C=C7)[C@@H](F)C8)C)C[C@H]%10OC(O[C@@]9%10C(=O)CO)(C)C)C.O,,0,,,,,0.111328,0.75,,,,,12,4,63,,,,3.7247,,,,220.671,887.023,,,,,15.0,,,,,,,,10,4,,,217.62,,,1.0,,,,
5,bbb_permeability,classification,NB05_bbb_permeability,flunisolide-acetate,[C@]12(OC(O[C@@H]1CC3C2(CC(O)[C@H]4C3C[C@H](F)C5=CC(=O)C=CC45C)C)(C)C)C(=O)COC(=O)C,,0,,,,,0.119141,0.7308,,,,,7,1,34,,,,2.8455,,,,118.0758,476.541,,,,,8.0,,,,,,,,5,3,,,99.13,,,1.0,,,,
5,bbb_permeability,classification,NB05_bbb_permeability,fluocinolone,[C@H]2(C1=CC(=O)C=C[C@@]1([C@@]4([C@@H](C2)[C@@H]3C[C@@H](O)[C@]([C@@]3(C)C[C@@H]4O)(O)C(=O)CO)F)C)F,,0,,,,,0.101562,0.7143,,,,,6,4,29,,,,0.5685,,,,97.0662,412.429,,,,,8.0,,,,,,,,4,2,,,115.06,,,1.0,,,,
5,bbb_permeability,classification,NB05_bbb_permeability,fluocinolone-acetonide,[C@@]45([C@@]3([C@H]([C@H]2[C@]([C@@]1(C(=CC(=O)C=C1)[C@H](C2)F)C)(F)[C@H](C3)O)C[C@H]4OC(O5)(C)C)C)C(CO)=O,,0,,,,,0.113281,0.75,,,,,6,2,32,,,,2.3668,,,,108.8776,452.494,,,,,8.0,,,,,,,,5,2,,,93.06,,,1.0,,,,
5,bbb_permeability,classification,NB05_bbb_permeability,fluocortin-butyl,[C@H]24[C@H]1[C@@]([C@@H](C(C(OCCCC)=O)=O)[C@@H](C1)C)(C[C@@H]([C@@H]2[C@@]3(C(=CC(=O)C=C3)[C@H](C4)F)C)O)C,,0,,,,,0.115234,0.7308,,,,,5,1,32,,,,3.9877,,,,117.1958,446.559,,,,,6.0,,,,,,,,4,5,,,80.67,,,1.0,,,,
5,bbb_permeability,classification,NB05_bbb_permeability,fluocortolone,[C@H]24[C@H]1[C@@]([C@@H](C(CO)=O)[C@@H](C1)C)(C[C@@H]([C@@H]2[C@@]3(C(=CC(=O)C=C3)[C@H](C4)F)C)O)C,,0,,,,,0.095703,0.7273,,,,,4,2,27,,,,2.6367,,,,98.4146,376.468,,,,,5.0,,,,,,,,4,2,,,74.6,,,1.0,,,,
5,bbb_permeability,classification,NB05_bbb_permeability,fluorometholone,[C@]23([C@H]([C@H]1[C@]([C@](C(C)=O)(O)CC1)(C)C[C@@H]2O)C[C@H](C)C4=CC(=O)C=C[C@]34C)F,,0,,,,,0.095703,0.7273,,,,,4,2,27,,,,2.9233,,,,98.5326,376.468,,,,,5.0,,,,,,,,4,1,,,74.6,,,1.0,,,,
5,bbb_permeability,classification,NB05_bbb_permeability,fluperlapine,C1=CC=CC3=C1C(=NC2=C(C=CC(=C2)F)C3)N4CCN(C)CC4,,2,,,,,0.074219,0.3158,,,,,3,0,23,,,,3.0556,,,,90.915,309.388,,,,,4.0,,,,,,,,4,0,,,18.84,,,1.0,,,,
5,bbb_permeability,classification,NB05_bbb_permeability,fluperolone(fluperolone-acetate),[C@H]23[C@@]([C@@]1(C(=CC(=O)C=C1)CC2)C)([C@H](C[C@]4([C@H]3CC[C@@]4(C([C@@H](OC(C)=O)C)=O)O)C)O)F,,0,,,,,0.109375,0.7083,,,,,6,2,31,,,,2.609,,,,109.5396,434.504,,,,,7.0,,,,,,,,4,3,,,100.9,,,1.0,,,,
5,bbb_permeability,classification,NB05_bbb_permeability,fluprednidene,[C@]34([C@H]([C@H]2[C@@]([C@@]1(C(=CC(C=C1)=O)CC2)C)(C(C3)O)F)CC([C@@]4(C(=O)CO)O)=C)C,,0,,,,,0.103516,0.6364,,,,,5,3,28,,,,1.8158,,,,99.9204,390.451,,,,,6.0,,,,,,,,4,2,,,94.83,,,1.0,,,,
5,bbb_permeability,classification,NB05_bbb_permeability,fluprednisolone,[C@H]24[C@H]1[C@@]([C@](C(CO)=O)(O)CC1)(C[C@@H]([C@@H]2[C@@]3(C(=CC(=O)C=C3)[C@H](C4)F)C)O)C,,0,,,,,0.097656,0.7143,,,,,5,3,27,,,,1.5056,,,,95.3274,378.44,,,,,6.0,,,,,,,,4,2,,,94.83,,,1.0,,,,
5,bbb_permeability,classification,NB05_bbb_permeability,fluprednisolone-valerate,[C@@]4(OC(=O)CCCC)(C3(C(C2C(C1(C(=CC(=O)C=C1)C(F)C2)C)C(O)C3)CC4)C)C(=O)CO,,0,,,,,0.115234,0.7308,,,,,6,2,33,,,,3.2467,,,,118.7256,462.558,,,,,7.0,,,,,,,,4,6,,,100.9,,,1.0,,,,
5,bbb_permeability,classification,NB05_bbb_permeability,fluradoline,C1=C(F)C=CC3=C1C=C(SCCNC)C2=CC=CC=C2O3,,2,,,,,0.082031,0.1765,,,,,3,1,21,,,,4.3821,,,,87.1717,301.386,,,,,4.0,,,,,,,,3,4,,,21.26,,,1.0,,,,
5,bbb_permeability,classification,NB05_bbb_permeability,flurandrenolide(fludroxycortide),[C@@]45([C@@]3([C@H]([C@H]2[C@@H]([C@@]1(C(=CC(=O)CC1)[C@H](C2)F)C)[C@H](C3)O)C[C@H]4OC(O5)(C)C)C)C(CO)=O,,0,,,,,0.109375,0.8333,,,,,6,2,31,,,,2.4987,,,,108.6226,436.52,,,,,7.0,,,,,,,,5,2,,,93.06,,,1.0,,,,
5,bbb_permeability,classification,NB05_bbb_permeability,fluspiperone,C1=CC(=CC=C1N2C4(C(NC2)=O)CCN(CCCC(C3=CC=C(F)C=C3)=O)CC4)F,,2,,,,,0.085938,0.3913,,,,,4,1,30,,,,3.3562,,,,110.2582,413.468,,,,,7.0,,,,,,,,4,6,,,52.65,,,1.0,,,,
5,bbb_permeability,classification,NB05_bbb_permeability,flutoprazepam,C1=C(Cl)C=CC2=C1C(=NCC(N2CC3CC3)=O)C4=CC=CC=C4F,,2,,,,,0.085938,0.2632,,,,,2,0,24,,,,4.0731,,,,93.435,342.801,,,,,5.0,,,,,,,,4,3,,,32.67,,,1.0,,,,
5,bbb_permeability,classification,NB05_bbb_permeability,furfenorex,C1=CC=CC=C1CC(N(CC2=CC=CO2)C)C,,2,,,,,0.060547,0.3333,,,,,2,0,17,,,,3.3426,,,,69.783,229.323,,,,,2.0,,,,,,,,2,5,,,16.38,,,1.0,,,,
5,bbb_permeability,classification,NB05_bbb_permeability,galantamine,[C@]234C1=C(C=CC(=C1O[C@H]2C[C@@H](O)C=C3)OC)CN(CC4)C,,1,,,,,0.09375,0.5294,,,,,4,1,21,,,,1.8503,,,,79.8028,287.359,,,,,4.0,,,,,,,,4,1,,,41.93,,,1.0,,,,
5,bbb_permeability,classification,NB05_bbb_permeability,gamfexine,C2=C(C(C1CCCCC1)CCN(C)C)C=CC=C2,,1,,,,,0.060547,0.6471,,,,,1,0,18,,,,4.3022,,,,78.929,245.41,,,,,1.0,,,,,,,,2,5,,,3.24,,,1.0,,,,
5,bbb_permeability,classification,NB05_bbb_permeability,guanoxyfen,NC(=N)NCCCOc1ccccc1,,1,,,,,0.052734,0.3,,,,,2,3,14,,,,0.9386,,,,56.4708,193.25,,,,,4.0,,,,,,,,1,5,,,71.13,,,1.0,,,,
5,bbb_permeability,classification,NB05_bbb_permeability,halazepam,C1=C(Cl)C=CC2=C1C(=NCC(=O)N2CC(F)(F)F)C3=CC=CC=C3,,2,,,,,0.083984,0.1765,,,,,2,0,24,,,,4.0863,,,,86.808,352.743,,,,,7.0,,,,,,,,3,2,,,32.67,,,1.0,,,,
5,bbb_permeability,classification,NB05_bbb_permeability,halometasone,[C@H]23[C@@]([C@@]1(C(=CC(C(=C1)Cl)=O)[C@H](C2)F)C)([C@H](C[C@]4(C3C[C@H]([C@@]4(C(CO)=O)O)C)C)O)F,,0,,,,,0.107422,0.7273,,,,,5,3,30,,,,2.4102,,,,105.0194,444.902,,,,,8.0,,,,,,,,4,2,,,94.83,,,1.0,,,,
5,bbb_permeability,classification,NB05_bbb_permeability,heptabarb,C(C2(C1=CCCCCC1)C(NC(=O)NC2=O)=O)C,,0,,,,,0.058594,0.6154,,,,,3,2,18,,,,1.6393,,,,65.5734,250.298,,,,,5.0,,,,,,,,2,2,,,75.27,,,1.0,,,,
5,bbb_permeability,classification,NB05_bbb_permeability,hepzidine,C1=CC=CC2=C1C(C3=C(CC2)C=CC=C3)OC4CCN(C)CC4,,2,,,,,0.058594,0.4286,,,,,2,0,23,,,,3.9854,,,,93.739,307.437,,,,,2.0,,,,,,,,4,2,,,12.47,,,1.0,,,,
5,bbb_permeability,classification,NB05_bbb_permeability,homochlorcyclizine,C1=CC(=CC=C1C(N2CCN(C)CCC2)C3=CC=CC=C3)Cl,,2,,,,,0.064453,0.3684,,,,,2,0,22,,,,4.0669,,,,93.424,314.86,,,,,3.0,,,,,,,,3,3,,,6.48,,,1.0,,,,
5,bbb_permeability,classification,NB05_bbb_permeability,homofenazine(homophenazine),C1=C(C(F)(F)F)C=CC3=C1N(C2=C(C=CC=C2)S3)CCCN4CCN(CCO)CCC4,,2,,,,,0.091797,0.4783,,,,,5,1,31,,,,4.6982,,,,118.2148,451.558,,,,,8.0,,,,,,,,4,6,,,29.95,,,1.0,,,,
5,bbb_permeability,classification,NB05_bbb_permeability,hydrocortisone-acetate,[C@]34([C@H]([C@H]2[C@@H]([C@@]1(C(=CC(=O)CC1)CC2)C)[C@H](C3)O)CC[C@@]4(C(COC(C)=O)=O)O)C,,0,,,,,0.101562,0.7826,,,,,6,2,29,,,,2.3524,,,,104.6896,404.503,,,,,6.0,,,,,,,,4,3,,,100.9,,,1.0,,,,
5,bbb_permeability,classification,NB05_bbb_permeability,hydrocortisone-buteprate,[C@@]4([C@@]3([C@H]([C@H]2[C@@H]([C@@]1(C(=CC(=O)CC1)CC2)C)[C@H](C3)O)CC4)C)(C(COC(CC)=O)=O)OC(CCC)=O,,0,,,,,0.117188,0.7857,,,,,7,1,35,,,,4.0935,,,,128.0878,488.621,,,,,7.0,,,,,,,,4,7,,,106.97,,,1.0,,,,
5,bbb_permeability,classification,NB05_bbb_permeability,hydrocortisone-butyrate,[C@]4([C@@]3([C@H]([C@H]2[C@@H]([C@@]1(C(=CC(=O)CC1)CC2)C)[C@H](C3)O)CC4)C)(OC(CCC)=O)C(CO)=O,,0,,,,,0.109375,0.8,,,,,6,2,31,,,,3.1326,,,,113.9236,432.557,,,,,6.0,,,,,,,,4,5,,,100.9,,,1.0,,,,
5,bbb_permeability,classification,NB05_bbb_permeability,hydromorphone,[C@@]125C3=C4C[C@H]([C@@H]1CCC([C@@H]2OC3=C(C=C4)O)=O)N(C)CC5,,1,,,,,0.089844,0.5882,,,,,4,1,21,,,,1.6303,,,,76.6708,285.343,,,,,4.0,,,,,,,,5,0,,,49.77,,,1.0,,,,
5,bbb_permeability,classification,NB05_bbb_permeability,hydroxypethidine,C2=C(C1(C(OCC)=O)CCN(C)CC1)C=CC=C2O,,1,,,,,0.070312,0.5333,,,,,4,1,19,,,,1.9187,,,,73.1488,263.337,,,,,4.0,,,,,,,,2,3,,,49.77,,,1.0,,,,
5,bbb_permeability,classification,NB05_bbb_permeability,icometasone-enbutate,[C@@]4([C@@]3([C@H]([C@H]2[C@]([C@@]1(C(=CC(=O)C=C1)CC2)C)(Cl)[C@H](C3)O)C[C@H]4C)C)(C(COC(C)=O)=O)OC(CCC)=O,,0,,,,,0.125,0.7143,,,,,7,1,36,,,,4.0868,,,,133.0178,521.05,,,,,8.0,,,,,,,,4,6,,,106.97,,,1.0,,,,
5,bbb_permeability,classification,NB05_bbb_permeability,iminophenimide,C2=C(C1(C(NC(=O)CN1)=O)CC)C=CC=C2,,1,,,,,0.058594,0.3333,,,,,3,2,16,,,,0.5379,,,,59.5634,218.256,,,,,4.0,,,,,,,,2,2,,,58.2,,,1.0,,,,
5,bbb_permeability,classification,NB05_bbb_permeability,indalpine,C1=CC=CC2=C1C(=C[NH]2)CCC3CCNCC3,,2,,,,,0.064453,0.4667,,,,,1,2,17,,,,3.1001,,,,72.2134,228.339,,,,,2.0,,,,,,,,3,3,,,27.82,,,1.0,,,,
5,bbb_permeability,classification,NB05_bbb_permeability,intriptyline,CN(C)CC#CC=C2c1ccccc1C=Cc3ccccc23,,2,,,,,0.060547,0.1429,,,,,1,0,22,,,,4.1671,,,,95.221,285.39,,,,,1.0,,,,,,,,3,1,,,3.24,,,1.0,,,,
5,bbb_permeability,classification,NB05_bbb_permeability,iprindole,C1=CC=CC3=C1C2=C(CCCCCC2)[N]3CCCN(C)C,,2,,,,,0.072266,0.5789,,,,,2,0,21,,,,4.252,,,,90.985,284.447,,,,,2.0,,,,,,,,3,4,,,8.17,,,1.0,,,,
5,bbb_permeability,classification,NB05_bbb_permeability,iproniazid,C1=CN=CC=C1C(NNC(C)C)=O,,1,,,,,0.050781,0.3333,,,,,3,2,13,,,,0.7244,,,,49.9749,179.223,,,,,4.0,,,,,,,,1,3,,,54.02,,,1.0,,,,
5,bbb_permeability,classification,NB05_bbb_permeability,isomethadone,C1=CC=CC=C1C(C2=CC=CC=C2)(C(CN(C)C)C)C(CC)=O,,2,,,,,0.0625,0.381,,,,,2,0,23,,,,4.1495,,,,96.68,309.453,,,,,2.0,,,,,,,,2,7,,,20.31,,,1.0,,,,
5,bbb_permeability,classification,NB05_bbb_permeability,isoprednidene,[C@@]4(O)(C3(C(C2C(C1(C(=CC(=O)CC1)C=C2)C)C(O)C3)CC4=C)C)C(=O)CO,,0,,,,,0.097656,0.6364,,,,,5,3,27,,,,1.7237,,,,99.5714,372.461,,,,,5.0,,,,,,,,4,2,,,94.83,,,1.0,,,,
5,bbb_permeability,classification,NB05_bbb_permeability,isothamine(profenamine),C1=CC=CC3=C1N(C2=C(C=CC=C2)S3)CC(N(CC)CC)C,,2,,,,,0.056641,0.3684,,,,,3,0,22,,,,5.0196,,,,96.396,312.482,,,,,3.0,,,,,,,,3,5,,,6.48,,,1.0,,,,
5,bbb_permeability,classification,NB05_bbb_permeability,ketipramine(ketimipramine),C1=CC=CC2=C1N(C3=C(CC2=O)C=CC=C3)CCCN(C)C,,2,,,,,0.070312,0.3158,,,,,3,0,22,,,,3.5152,,,,91.0955,294.398,,,,,3.0,,,,,,,,3,4,,,23.55,,,1.0,,,,
5,bbb_permeability,classification,NB05_bbb_permeability,ketorfanol,[C@]235[C@H]([C@H](N(CC1CC1)CC2)CC4=C3C(=CC=C4)O)CCC(C5)=O,,1,,,,,0.087891,0.65,,,,,3,1,23,,,,3.0396,,,,88.5388,311.425,,,,,3.0,,,,,,,,5,2,,,40.54,,,1.0,,,,
5,bbb_permeability,classification,NB05_bbb_permeability,levodopa,[C@H](CC1=CC(=C(C=C1)O)O)(C(O)=O)N,,1,,,,,0.052734,0.2222,,,,,4,4,14,,,,0.0522,,,,49.0868,197.19,,,,,5.0,,,,,,,,1,3,,,103.78,,,1.0,,,,
5,bbb_permeability,classification,NB05_bbb_permeability,levomepromazine,[C@H](CN1C3=C(SC2=C1C=CC=C2)C=CC(=C3)OC)(CN(C)C)C,,2,,,,,0.082031,0.3684,,,,,4,0,23,,,,4.4956,,,,98.283,328.481,,,,,4.0,,,,,,,,3,5,,,15.71,,,1.0,,,,
5,bbb_permeability,classification,NB05_bbb_permeability,levoprotiline(oxaprotiline),C13(C4=C(C(C2=C1C=CC=C2)CC3)C=CC=C4)C[C@H](CNC)O,,2,,,,,0.072266,0.4,,,,,2,2,22,,,,3.1822,,,,89.2915,293.41,,,,,2.0,,,,,,,,5,4,,,32.26,,,1.0,,,,
5,bbb_permeability,classification,NB05_bbb_permeability,lirequinil,[C@H]5(CN(C(C3=C2C1=CC(=CC=C1CCN2C(=O)C(=C3)C4=CC=CC=C4)Cl)=O)CC5)OCC,,3,,,,,0.113281,0.3077,,,,,4,0,32,,,,4.6428,,,,126.2225,448.95,,,,,6.0,,,,,,,,5,4,,,51.54,,,1.0,,,,
5,bbb_permeability,classification,NB05_bbb_permeability,litoxetine,C2=C(COC1CCNCC1)C=CC3=C2C=CC=C3,,2,,,,,0.060547,0.375,,,,,2,1,18,,,,3.1084,,,,74.6287,241.334,,,,,2.0,,,,,,,,3,3,,,21.26,,,1.0,,,,
5,bbb_permeability,classification,NB05_bbb_permeability,lobeline,C3=C(C(CC2N(C(CC(C1=CC=CC=C1)=O)CCC2)C)O)C=CC=C3,,2,,,,,0.076172,0.4091,,,,,3,1,25,,,,4.236,,,,100.5983,337.463,,,,,3.0,,,,,,,,3,6,,,40.54,,,1.0,,,,
5,bbb_permeability,classification,NB05_bbb_permeability,lodaxaprine,C1=CC(=NN=C1C2=C(Cl)C=CC=C2)N3CCC(O)CC3,,2,,,,,0.070312,0.3333,,,,,4,1,20,,,,2.7581,,,,79.9318,289.766,,,,,5.0,,,,,,,,3,2,,,49.25,,,1.0,,,,
5,bbb_permeability,classification,NB05_bbb_permeability,lorcinadol,C3=C(N2CCN(C\C=C\C1=CC=CC=C1)CC2)N=NC(=C3)Cl,,2,,,,,0.074219,0.2941,,,,,4,0,22,,,,2.9654,,,,91.171,314.82,,,,,5.0,,,,,,,,3,4,,,32.26,,,1.0,,,,
5,bbb_permeability,classification,NB05_bbb_permeability,loreclezole,C1=CC(=CC(=C1\C(=C\[N]2C=NC=N2)Cl)Cl)Cl,,2,,,,,0.0625,0.0,,,,,3,0,16,,,,3.7793,,,,66.504,274.538,,,,,6.0,,,,,,,,2,2,,,30.71,,,1.0,,,,
5,bbb_permeability,classification,NB05_bbb_permeability,losindole,[C@@H]1([C@H]3[C@@H](CC2=C1C=C(Cl)C=C2)CN(C3)C)C4=CC=CC=C4,,2,,,,,0.072266,0.3684,,,,,1,0,21,,,,4.2058,,,,87.918,297.829,,,,,2.0,,,,,,,,4,1,,,3.24,,,1.0,,,,
5,bbb_permeability,classification,NB05_bbb_permeability,maroxepin,C1=CC=CC3=C1C4=C(C2=C(C=CC=C2)O3)CCN(CC4)C,,2,,,,,0.050781,0.2632,,,,,2,0,21,,,,4.4287,,,,86.503,277.367,,,,,2.0,,,,,,,,4,0,,,12.47,,,1.0,,,,
5,bbb_permeability,classification,NB05_bbb_permeability,mazapertine,C3=C(CN2CCN(C1=C(OC(C)C)C=CC=C1)CC2)C=CC=C3C(=O)N4CCCCC4.C(C(=O)O)CC(=O)O,,2,,,,,0.107422,0.5,,,,,6,2,39,,,,4.3579,,,,150.3981,539.673,,,,,9.0,,,,,,,,4,9,,,110.62,,,1.0,,,,
5,bbb_permeability,classification,NB05_bbb_permeability,medifoxamine,C2=C(OC(OC1=CC=CC=C1)CN(C)C)C=CC=C2,,2,,,,,0.044922,0.25,,,,,3,0,19,,,,3.0321,,,,76.482,257.333,,,,,3.0,,,,,,,,2,6,,,21.7,,,1.0,,,,
5,bbb_permeability,classification,NB05_bbb_permeability,mefeclorazine,C1=CC(=CC(=C1OC)OC)CCN2CCN(CC2)C3=CC(=CC=C3)Cl,,2,,,,,0.078125,0.4,,,,,4,0,25,,,,3.7219,,,,103.355,360.885,,,,,5.0,,,,,,,,3,6,,,24.94,,,1.0,,,,
5,bbb_permeability,classification,NB05_bbb_permeability,menitrazepam,C1=C([N+](=O)[O-])C=CC2=C1C(=NCC(N2C)=O)C3=CCCCC3,,1,,,,,0.089844,0.375,,,,,4,0,22,,,,2.8607,,,,84.4614,299.33,,,,,6.0,,,,,,,,3,2,,,75.81,,,1.0,,,,
5,bbb_permeability,classification,NB05_bbb_permeability,mephenytoin,C2=C(C1(C(N(C)C(N1)=O)=O)CC)C=CC=C2,,1,,,,,0.054688,0.3333,,,,,2,1,16,,,,1.4735,,,,59.7127,218.256,,,,,4.0,,,,,,,,2,2,,,49.41,,,1.0,,,,
5,bbb_permeability,classification,NB05_bbb_permeability,mephobarbital(methylphenobarbital),C2=C(C1(C(N(C(NC1=O)=O)C)=O)CC)C=CC=C2,,1,,,,,0.058594,0.3077,,,,,3,1,18,,,,1.0426,,,,64.7197,246.266,,,,,5.0,,,,,,,,2,2,,,66.48,,,1.0,,,,
5,bbb_permeability,classification,NB05_bbb_permeability,mepiprazole,C1=C(C=CC=C1N3CCN(CCC2=N[NH]C(=C2)C)CC3)Cl,,2,,,,,0.078125,0.4375,,,,,3,1,21,,,,2.7362,,,,87.1337,304.825,,,,,5.0,,,,,,,,3,4,,,35.16,,,1.0,,,,
5,bbb_permeability,classification,NB05_bbb_permeability,meprednisone,[C@H]12[C@@]([C@](C(CO)=O)(O)[C@H](C1)C)(CC(=O)[C@H]3[C@H]2CCC4=CC(=O)C=C[C@]34C)C,,0,,,,,0.097656,0.6818,,,,,5,2,27,,,,2.0118,,,,98.5956,372.461,,,,,5.0,,,,,,,,4,2,,,91.67,,,1.0,,,,
5,bbb_permeability,classification,NB05_bbb_permeability,metaclazepam,C1=C(Br)C=CC2=C1C(=NCC(N2C)COC)C3=CC=CC=C3Cl,,2,,,,,0.089844,0.2778,,,,,3,0,23,,,,4.4047,,,,100.167,393.712,,,,,5.0,,,,,,,,3,3,,,24.83,,,1.0,,,,
5,bbb_permeability,classification,NB05_bbb_permeability,metamfepramone,C1=CC=CC(=C1)C(=O)C(C)N(C)C,,1,,,,,0.044922,0.3636,,,,,2,0,13,,,,1.8194,,,,53.9215,177.247,,,,,2.0,,,,,,,,1,3,,,20.31,,,1.0,,,,
5,bbb_permeability,classification,NB05_bbb_permeability,metapramine,C1=CC=CC2=C1C(CC3=C(N2C)C=CC=C3)NC,,2,,,,,0.058594,0.25,,,,,2,1,18,,,,3.2711,,,,76.4517,238.334,,,,,2.0,,,,,,,,3,1,,,15.27,,,1.0,,,,
5,bbb_permeability,classification,NB05_bbb_permeability,metaxalone,C1=C(C=C(C=C1OCC2CNC(O2)=O)C)C,,1,,,,,0.064453,0.4167,,,,,3,1,16,,,,1.7906,,,,59.6827,221.256,,,,,4.0,,,,,,,,2,3,,,47.56,,,1.0,,,,
5,bbb_permeability,classification,NB05_bbb_permeability,metazocine,C1=CC(=CC2=C1CC3C(C2(CCN3C)C)C)O,,1,,,,,0.070312,0.6,,,,,2,1,17,,,,2.5462,,,,69.3618,231.339,,,,,2.0,,,,,,,,3,0,,,23.47,,,1.0,,,,
5,bbb_permeability,classification,NB05_bbb_permeability,metetoin,C1=CC=CC=C1C2(N(C(=O)NC2=O)C)CC,,1,,,,,0.048828,0.3333,,,,,2,1,16,,,,1.4735,,,,59.7127,218.256,,,,,4.0,,,,,,,,2,2,,,49.41,,,1.0,,,,
5,bbb_permeability,classification,NB05_bbb_permeability,methadone(levomethadone),C1=CC=CC=C1C(C2=CC=CC=C2)(C(CC)=O)CC(N(C)C)C,,2,,,,,0.060547,0.381,,,,,2,0,23,,,,4.292,,,,96.728,309.453,,,,,2.0,,,,,,,,2,7,,,20.31,,,1.0,,,,
5,bbb_permeability,classification,NB05_bbb_permeability,methastyridone,C1=CC=CC=C1/C=C/C2C(NC(O2)(C)C)=O,,1,,,,,0.058594,0.3077,,,,,2,1,16,,,,1.9509,,,,62.5707,217.268,,,,,3.0,,,,,,,,2,2,,,38.33,,,1.0,,,,
5,bbb_permeability,classification,NB05_bbb_permeability,methiomeprazine(levometiomeprazine),C1=C(SC)C=CC3=C1N(C2=C(C=CC=C2)S3)CC(CN(C)C)C,,2,,,,,0.082031,0.3684,,,,,4,0,23,,,,5.2089,,,,103.512,344.549,,,,,4.0,,,,,,,,3,5,,,6.48,,,1.0,,,,
5,bbb_permeability,classification,NB05_bbb_permeability,methsuximide(mesuximide),C2=C(C1(C(N(C)C(C1)=O)=O)C)C=CC=C2,,1,,,,,0.052734,0.3333,,,,,2,0,15,,,,1.333,,,,56.188,203.241,,,,,3.0,,,,,,,,2,1,,,37.38,,,1.0,,,,
5,bbb_permeability,classification,NB05_bbb_permeability,methylprednisolone,[C@H]24[C@H]1[C@@]([C@](C(CO)=O)(O)CC1)(C[C@@H]([C@@H]2[C@@]3(C(=CC(=O)C=C3)[C@H](C4)C)C)O)C,,0,,,,,0.095703,0.7273,,,,,5,3,27,,,,1.8036,,,,99.5954,374.477,,,,,5.0,,,,,,,,4,2,,,94.83,,,1.0,,,,
5,bbb_permeability,classification,NB05_bbb_permeability,methylprednisolone-aceponate,[C@H]24[C@H]1[C@@]([C@](C(COC(C)=O)=O)(O)CC1)(C[C@@H]([C@@H]2[C@@]3(C(=CC(=O)C=C3)[C@H](C4)C)C)O)C,,0,,,,,0.105469,0.7083,,,,,6,2,30,,,,2.3744,,,,109.1426,416.514,,,,,6.0,,,,,,,,4,3,,,100.9,,,1.0,,,,
5,bbb_permeability,classification,NB05_bbb_permeability,methylprednisolone-acetate,[C@H]24[C@H]1[C@@]([C@](C(COC(CCC(O)=O)=O)=O)(O)CC1)(C[C@@H]([C@@H]2[C@@]3(C(=CC(=O)C=C3)[C@H](C4)C)C)O)C,,0,,,,,0.115234,0.6923,,,,,7,3,34,,,,2.2193,,,,120.3384,474.55,,,,,8.0,,,,,,,,4,6,,,138.2,,,1.0,,,,
5,bbb_permeability,classification,NB05_bbb_permeability,metitepine(methiothepin),C1=C(SC)C=CC4=C1C(N2CCN(C)CC2)CC3=C(C=CC=C3)S4,,2,,,,,0.078125,0.4,,,,,4,0,24,,,,4.4043,,,,104.303,356.56,,,,,4.0,,,,,,,,4,2,,,6.48,,,1.0,,,,
5,bbb_permeability,classification,NB05_bbb_permeability,metomidate,C1=NC=C([N]1C(C2=CC=CC=C2)C)C(=O)OC,,2,,,,,0.068359,0.2308,,,,,4,0,17,,,,2.279,,,,63.8215,230.267,,,,,4.0,,,,,,,,2,3,,,44.12,,,1.0,,,,
5,bbb_permeability,classification,NB05_bbb_permeability,mezepine,C1=CC=CC2=C1N(CC3=C(C2)C=CC=C3)CCCNC,,2,,,,,0.064453,0.3333,,,,,2,1,20,,,,3.2069,,,,85.2837,266.388,,,,,2.0,,,,,,,,3,4,,,15.27,,,1.0,,,,
5,bbb_permeability,classification,NB05_bbb_permeability,midazolam(midazolammaleate),C1=CC(=CC3=C1[N]2C(=CN=C2C)CN=C3C4=CC=CC=C4F)Cl,,3,,,,,0.083984,0.1111,,,,,3,0,23,,,,4.3242,,,,89.054,325.774,,,,,5.0,,,,,,,,4,1,,,30.18,,,1.0,,,,
5,bbb_permeability,classification,NB05_bbb_permeability,milenperone,C1=CC(=CC2=C1N(C(=O)N2)CCCN4CCC(C(C3=CC=C(F)C=C3)=O)CC4)Cl,,3,,,,,0.099609,0.3636,,,,,4,1,29,,,,4.1071,,,,112.0802,415.896,,,,,7.0,,,,,,,,4,6,,,58.1,,,1.0,,,,
5,bbb_permeability,classification,NB05_bbb_permeability,milipertine,C1=C(OC)C(=CC2=C1C(=C(C)[NH]2)CCN4CCN(C3=CC=CC=C3OC)CC4)OC,,3,,,,,0.089844,0.4167,,,,,5,1,30,,,,3.8668,,,,121.4907,409.53,,,,,6.0,,,,,,,,4,7,,,49.96,,,1.0,,,,
5,bbb_permeability,classification,NB05_bbb_permeability,milnacipran,[C@]1([C@H](C1)CN)(C(=O)N(CC)CC)C2=CC=CC=C2.[H+].[Cl-],,1,,,,,0.072266,0.5333,,,,,2,1,19,,,,-1.1121,,,,74.3214,282.815,,,,,4.0,,,,,,,,2,5,,,46.33,,,1.0,,,,
5,bbb_permeability,classification,NB05_bbb_permeability,mindoperone,C1=CC(=CC2=C1C(=C([NH]2)C)C4CCN(CCCC(C3=CC=C(F)C=C3)=O)CC4)OC,,3,,,,,0.109375,0.4,,,,,3,1,30,,,,5.4665,,,,117.9672,408.517,,,,,5.0,,,,,,,,4,7,,,45.33,,,1.0,,,,
5,bbb_permeability,classification,NB05_bbb_permeability,mirfentanil,C1=NC=CN=C1N(C3CCN(CCC2=CC=CC=C2)CC3)C(C4=CC=CO4)=O,,3,,,,,0.095703,0.3182,,,,,5,0,28,,,,3.4235,,,,107.1575,376.46,,,,,6.0,,,,,,,,4,6,,,62.47,,,1.0,,,,
5,bbb_permeability,classification,NB05_bbb_permeability,modaline,C1=CN=C(C(=N1)N2CCCCC2)C,,1,,,,,0.044922,0.6,,,,,3,0,13,,,,1.7753,,,,52.833,177.251,,,,,3.0,,,,,,,,2,1,,,29.02,,,1.0,,,,
5,bbb_permeability,classification,NB05_bbb_permeability,mofegiline,C1=C(CC\C(CN)=C/F)C=CC(=C1)F,,1,,,,,0.052734,0.2727,,,,,1,1,14,,,,2.5704,,,,52.9664,197.228,,,,,3.0,,,,,,,,1,4,,,26.02,,,1.0,,,,
5,bbb_permeability,classification,NB05_bbb_permeability,molindone,C(C1=C(C)[NH]C3=C1C(C(CN2CCOCC2)CC3)=O)C,,1,,,,,0.082031,0.6875,,,,,3,1,20,,,,1.9628,,,,78.3082,276.38,,,,,4.0,,,,,,,,3,3,,,45.33,,,1.0,,,,
5,bbb_permeability,classification,NB05_bbb_permeability,nafenodone(dexnafenodone),[C@]3(C1=CC=CC=C1)(C(C2=C(C=CC=C2)CC3)=O)CCN(C)C,,2,,,,,0.068359,0.35,,,,,2,0,22,,,,3.7052,,,,90.3845,293.41,,,,,2.0,,,,,,,,3,4,,,20.31,,,1.0,,,,
5,bbb_permeability,classification,NB05_bbb_permeability,napitane,C5CC(CN1CCC(C1)c2ccccc2)c4ccc3OCOc3c4C5,,2,,,,,0.089844,0.4545,,,,,3,0,25,,,,4.3247,,,,98.484,335.447,,,,,3.0,,,,,,,,5,3,,,21.7,,,1.0,,,,
5,bbb_permeability,classification,NB05_bbb_permeability,naranol,C1=C4C(=C2C(=C1)C=CC=C2)CC3CN(C)CC(C3(O4)O)C,,2,,,,,0.082031,0.4444,,,,,3,1,21,,,,2.661,,,,83.3808,283.371,,,,,3.0,,,,,,,,4,0,,,32.7,,,1.0,,,,
5,bbb_permeability,classification,NB05_bbb_permeability,nealbarbital,C(C1(C(NC(=O)NC1=O)=O)CC=C)C(C)(C)C,,0,,,,,0.050781,0.5833,,,,,3,2,17,,,,1.3511,,,,63.0004,238.287,,,,,5.0,,,,,,,,1,3,,,75.27,,,1.0,,,,
5,bbb_permeability,classification,NB05_bbb_permeability,nebracetam,C1=CC=CC=C1CN2C(CC(C2)CN)=O,,1,,,,,0.058594,0.4167,,,,,2,1,15,,,,0.9938,,,,59.0204,204.273,,,,,3.0,,,,,,,,2,3,,,46.33,,,1.0,,,,
5,bbb_permeability,classification,NB05_bbb_permeability,nefopam,C1=CC=CC3=C1C(C2=CC=CC=C2)OCCN(C3)C,,2,,,,,0.064453,0.2941,,,,,2,0,19,,,,3.238,,,,77.013,253.345,,,,,2.0,,,,,,,,3,1,,,12.47,,,1.0,,,,
5,bbb_permeability,classification,NB05_bbb_permeability,nemonapride,[C@H]2(NC(=O)C1=C(OC)C=C(NC)C(=C1)Cl)[C@H](N(CC2)CC3=CC=CC=C3)C,,2,,,,,0.101562,0.381,,,,,4,2,27,,,,3.7831,,,,109.7359,387.911,,,,,6.0,,,,,,,,3,6,,,53.6,,,1.0,,,,
5,bbb_permeability,classification,NB05_bbb_permeability,nerisopam,C2=C1C(=NN=C(CC1=CC(=C2OC)OC)C)C3=CC=C(N)C=C3,,2,,,,,0.070312,0.2222,,,,,5,1,23,,,,3.0554,,,,92.8524,309.369,,,,,5.0,,,,,,,,3,3,,,69.2,,,1.0,,,,
5,bbb_permeability,classification,NB05_bbb_permeability,nicodicodine,C1=CC(=C3C2=C1CC6C4C2(C(O3)C(CC4)OC(C5=CN=CC=C5)=O)CCN6C)OC,,2,,,,,0.117188,0.5,,,,,6,0,30,,,,2.9848,,,,109.9915,406.482,,,,,6.0,,,,,,,,6,3,,,60.89,,,1.0,,,,
5,bbb_permeability,classification,NB05_bbb_permeability,nonaperone,C1=CC(=CC=C1C(CCCN2CC3CCC(C2)CC3)=O)F,,1,,,,,0.066406,0.6111,,,,,2,0,21,,,,3.9106,,,,81.8525,289.394,,,,,3.0,,,,,,,,4,5,,,20.31,,,1.0,,,,
5,bbb_permeability,classification,NB05_bbb_permeability,norcodeine,C1=CC(=C3C2=C1CC5C4C2(C(O3)C(O)C=C4)CCN5)OC,,1,,,,,0.091797,0.5294,,,,,4,2,21,,,,1.1589,,,,77.8365,285.343,,,,,4.0,,,,,,,,5,1,,,50.72,,,1.0,,,,
5,bbb_permeability,classification,NB05_bbb_permeability,normethadone,C2=C(C(C1=CC=CC=C1)(CCN(C)C)C(CC)=O)C=CC=C2,,2,,,,,0.056641,0.35,,,,,2,0,22,,,,3.9035,,,,92.133,295.426,,,,,2.0,,,,,,,,2,7,,,20.31,,,1.0,,,,
5,bbb_permeability,classification,NB05_bbb_permeability,ocfentanil,C3=C(N(C2CCN(CCC1=CC=CC=C1)CC2)C(COC)=O)C(=CC=C3)F,,2,,,,,0.087891,0.4091,,,,,3,0,27,,,,3.5122,,,,105.37,370.468,,,,,5.0,,,,,,,,3,7,,,32.78,,,1.0,,,,
5,bbb_permeability,classification,NB05_bbb_permeability,odapipam,[C@@H]4(C1=CC=CC2=C1OCC2)C3=CC(=C(Cl)C=C3CCN(C4)C)O.CC(=O)O,,2,,,,,0.101562,0.381,,,,,4,2,27,,,,3.6912,,,,105.1116,389.879,,,,,6.0,,,,,,,,4,1,,,70.0,,,1.0,,,,
5,bbb_permeability,classification,NB05_bbb_permeability,olanzapine,C1=C3C(=CC=C1)N=C2SC(=CC2=C(N3)N4CCN(CC4)C)C,,2,,,,,0.080078,0.3529,,,,,5,1,22,,,,1.7464,,,,92.0397,312.442,,,,,5.0,,,,,,,,4,1,,,30.87,,,1.0,,,,
5,bbb_permeability,classification,NB05_bbb_permeability,opipramol,C1=CC=CC2=C1N(C3=C(C=C2)C=CC=C3)CCCN4CCN(CCO)CC4,,2,,,,,0.0625,0.3913,,,,,4,1,27,,,,3.3085,,,,113.4008,363.505,,,,,4.0,,,,,,,,4,6,,,29.95,,,1.0,,,,
5,bbb_permeability,classification,NB05_bbb_permeability,oxanamide,O1CCCCC1C(=O)N,,0,,,,,0.041016,0.8333,,,,,2,1,9,,,,0.0408,,,,32.7854,129.159,,,,,3.0,,,,,,,,1,1,,,52.32,,,1.0,,,,
5,bbb_permeability,classification,NB05_bbb_permeability,oxazolam,[C@@]12(C3=C(NC(CN1C[C@H](O2)C)=O)C=CC(=C3)Cl)C4=CC=CC=C4,,2,,,,,0.085938,0.2778,,,,,3,1,23,,,,3.2139,,,,89.4237,328.799,,,,,5.0,,,,,,,,4,1,,,41.57,,,1.0,,,,
5,bbb_permeability,classification,NB05_bbb_permeability,oxilorphan,[C@]235[C@]([C@H](N(CC1CC1)CC2)CC4=C3C=C(O)C=C4)(CCCC5)O,,1,,,,,0.083984,0.7,,,,,3,2,23,,,,2.9755,,,,89.6086,313.441,,,,,3.0,,,,,,,,5,2,,,43.7,,,1.0,,,,
5,bbb_permeability,classification,NB05_bbb_permeability,oxomemazine,C1=CC=CC3=C1N(C2=C(C=CC=C2)[S]3(=O)=O)CC(CN(C)C)C,,2,,,,,0.0625,0.3333,,,,,4,0,23,,,,3.1686,,,,93.0598,330.453,,,,,5.0,,,,,,,,3,4,,,40.62,,,1.0,,,,
5,bbb_permeability,classification,NB05_bbb_permeability,oxypertine,C1=C(OC)C(=CC2=C1C(=C(C)[NH]2)CCN4CCN(C3=CC=CC=C3)CC4)OC,,3,,,,,0.085938,0.3913,,,,,4,1,28,,,,3.8582,,,,114.9387,379.504,,,,,5.0,,,,,,,,4,6,,,40.73,,,1.0,,,,
5,bbb_permeability,classification,NB05_bbb_permeability,oxyridazine,C1=C(OC)C=CC3=C1N(C2=C(C=CC=C2)S3)CCC4N(CCCC4)C,,2,,,,,0.089844,0.4286,,,,,4,0,25,,,,5.1723,,,,105.451,354.519,,,,,4.0,,,,,,,,4,4,,,15.71,,,1.0,,,,
5,bbb_permeability,classification,NB05_bbb_permeability,paracetamol(acetaminophen),N(C(=O)C)C1=CC=C(O)C=C1,,1,,,,,0.037109,0.125,,,,,2,2,11,,,,1.3506,,,,42.4105,151.165,,,,,3.0,,,,,,,,1,1,,,49.33,,,1.0,,,,
5,bbb_permeability,classification,NB05_bbb_permeability,paramethadione,C(C)C1(C)C(=O)N(C(O1)=O)C,,0,,,,,0.044922,0.7143,,,,,3,0,11,,,,0.7637,,,,37.947,157.169,,,,,4.0,,,,,,,,1,1,,,46.61,,,1.0,,,,
5,bbb_permeability,classification,NB05_bbb_permeability,paramethasone,[C@]12(C(=CC(C=C1)=O)[C@H](C[C@H]3[C@H]4[C@](C[C@@H]([C@H]23)O)([C@](C(=O)CO)(O)[C@@H](C4)C)C)F)C,,0,,,,,0.101562,0.7273,,,,,5,3,28,,,,1.7516,,,,99.8744,392.467,,,,,6.0,,,,,,,,4,2,,,94.83,,,1.0,,,,
5,bbb_permeability,classification,NB05_bbb_permeability,parapropamol,C1=C(NC(CC)=O)C=CC(=C1)O,,1,,,,,0.044922,0.2222,,,,,2,2,12,,,,1.7407,,,,47.0275,165.192,,,,,3.0,,,,,,,,1,2,,,49.33,,,1.0,,,,
5,bbb_permeability,classification,NB05_bbb_permeability,paraxazone,C1=CC=CC2=C1N(C(CO2)=O)CC(N)=O,,1,,,,,0.064453,0.2,,,,,3,1,15,,,,-0.1027,,,,53.4844,206.201,,,,,5.0,,,,,,,,2,2,,,72.63,,,1.0,,,,
5,bbb_permeability,classification,NB05_bbb_permeability,penciclovir,C1=NC2=C([N]1CCC(CO)CO)NC(=NC2=O)N,,2,,,,,0.072266,0.5,,,,,7,4,18,,,,-1.3073,,,,64.8397,253.262,,,,,8.0,,,,,,,,2,5,,,130.05,,,1.0,,,,
5,bbb_permeability,classification,NB05_bbb_permeability,pentamoxane,CC(C)CCNCC2COc1ccccc1O2,,1,,,,,0.068359,0.5714,,,,,3,1,17,,,,2.4621,,,,68.6777,235.327,,,,,3.0,,,,,,,,2,5,,,30.49,,,1.0,,,,
5,bbb_permeability,classification,NB05_bbb_permeability,pentylenetetrazole(pentetrazol),C2C1=NN=N[N]1CCCC2,,1,,,,,0.042969,0.8333,,,,,4,0,10,,,,0.3995,,,,35.372,138.174,,,,,4.0,,,,,,,,2,0,,,43.6,,,1.0,,,,
5,bbb_permeability,classification,NB05_bbb_permeability,periciazine,C1=C(C=CC3=C1N(CCCN2CCC(CC2)O)C4=C(S3)C=CC=C4)C#N,,2,,,,,0.089844,0.381,,,,,5,1,26,,,,4.0078,,,,105.0258,365.502,,,,,5.0,,,,,,,,4,4,,,50.5,,,1.0,,,,
5,bbb_permeability,classification,NB05_bbb_permeability,perimetazine,C1=C(OC)C=CC3=C1N(C2=C(C=CC=C2)S3)CC(CN4CCC(O)CC4)C,,2,,,,,0.095703,0.4545,,,,,5,1,27,,,,4.3907,,,,111.4098,384.545,,,,,5.0,,,,,,,,4,5,,,35.94,,,1.0,,,,
5,bbb_permeability,classification,NB05_bbb_permeability,perisoxal,C2=C(C1=CC=CC=C1)ON=C2C(CN3CCCCC3)O,,2,,,,,0.074219,0.4375,,,,,4,1,20,,,,2.8609,,,,77.1898,272.348,,,,,4.0,,,,,,,,3,4,,,49.5,,,1.0,,,,
5,bbb_permeability,classification,NB05_bbb_permeability,phacetoperane,CC(=O)OC(C1CCCCN1)c2ccccc2,,1,,,,,0.070312,0.5,,,,,3,1,17,,,,2.4329,,,,66.5907,233.311,,,,,3.0,,,,,,,,2,3,,,38.33,,,1.0,,,,
5,bbb_permeability,classification,NB05_bbb_permeability,phenaglycodol,C1=C(C(C(C)(C)O)(C)O)C=CC(=C1)Cl,,1,,,,,0.039062,0.4545,,,,,2,2,14,,,,2.3184,,,,57.3206,214.692,,,,,3.0,,,,,,,,1,2,,,40.46,,,1.0,,,,
5,bbb_permeability,classification,NB05_bbb_permeability,phendimetrazine,[C@H]2(C1=CC=CC=C1)[C@@H](N(CCO2)C)C,,1,,,,,0.052734,0.5,,,,,2,0,14,,,,2.0782,,,,57.227,191.274,,,,,2.0,,,,,,,,2,1,,,12.47,,,1.0,,,,
5,bbb_permeability,classification,NB05_bbb_permeability,phenelzine,[Cl].C1=CC=CC=C1CCNN,,1,,,,,0.039062,0.25,,,,,2,2,11,,,,1.3819,,,,48.1891,171.651,,,,,3.0,,,,,,,,1,3,,,38.05,,,1.0,,,,
5,bbb_permeability,classification,NB05_bbb_permeability,pheniprazine,C1=CC=CC=C1CC(NN)C,,1,,,,,0.042969,0.3333,,,,,2,2,11,,,,1.0809,,,,46.9311,150.225,,,,,2.0,,,,,,,,1,3,,,38.05,,,1.0,,,,
5,bbb_permeability,classification,NB05_bbb_permeability,phenomorphan,C1=C(O)C=CC4=C1C35C(C(N(CCC2=CC=CC=C2)CC3)C4)CCCC5,,2,,,,,0.095703,0.5,,,,,2,1,26,,,,4.6933,,,,105.5708,347.502,,,,,2.0,,,,,,,,5,3,,,23.47,,,1.0,,,,
5,bbb_permeability,classification,NB05_bbb_permeability,pimethixene,C1=CC=CC3=C1C(C2=C(C=CC=C2)S3)=C4CCN(C)CC4,,2,,,,,0.054688,0.2632,,,,,2,0,21,,,,4.6787,,,,89.76,293.435,,,,,2.0,,,,,,,,4,0,,,3.24,,,1.0,,,,
5,bbb_permeability,classification,NB05_bbb_permeability,piminodine,C3=C(C1(C(OCC)=O)CCN(CC1)CCCNC2=CC=CC=C2)C=CC=C3,,2,,,,,0.080078,0.4348,,,,,4,1,27,,,,4.0855,,,,109.9757,366.505,,,,,4.0,,,,,,,,3,8,,,41.57,,,1.0,,,,
5,bbb_permeability,classification,NB05_bbb_permeability,pinazepam,C1=C(Cl)C=CC2=C1C(=NCC(N2CC#C)=O)C3=CC=CC=C3,,2,,,,,0.085938,0.1111,,,,,2,0,22,,,,3.1572,,,,89.586,308.768,,,,,4.0,,,,,,,,3,2,,,32.67,,,1.0,,,,
5,bbb_permeability,classification,NB05_bbb_permeability,pipotiazine,C1=C([S](N(C)C)(=O)=O)C=CC3=C1N(C2=C(C=CC=C2)S3)CCCN4CCC(CCO)CC4,,2,,,,,0.109375,0.5,,,,,6,1,32,,,,4.0241,,,,130.3696,475.68,,,,,8.0,,,,,,,,4,8,,,64.09,,,1.0,,,,
5,bbb_permeability,classification,NB05_bbb_permeability,pipradrol,C1=C(C=CC=C1)C(C2=CC=CC=C2)(C3NCCCC3)O,,2,,,,,0.054688,0.3333,,,,,2,2,20,,,,3.0646,,,,81.5245,267.372,,,,,2.0,,,,,,,,3,3,,,32.26,,,1.0,,,,
5,bbb_permeability,classification,NB05_bbb_permeability,piribedil,C4Oc3ccc(CN1CCN(CC1)c2ncccn2)cc3O4,,2,,,,,0.070312,0.375,,,,,6,0,22,,,,1.5275,,,,82.087,298.346,,,,,6.0,,,,,,,,4,3,,,50.72,,,1.0,,,,
5,bbb_permeability,classification,NB05_bbb_permeability,pizotifen,C1=CSC2=C1C(C3=C(CC2)C=CC=C3)=C4CCN(CC4)C,,2,,,,,0.0625,0.3684,,,,,2,0,21,,,,4.3742,,,,90.922,295.451,,,,,2.0,,,,,,,,4,0,,,3.24,,,1.0,,,,
5,bbb_permeability,classification,NB05_bbb_permeability,prazepine,C1=CC=CC2=C1N(C3=C(CC2)C=CC=C3)CCCN(C)C,,2,,,,,0.056641,0.3684,,,,,2,0,21,,,,3.875,,,,90.469,280.415,,,,,2.0,,,,,,,,3,4,,,6.48,,,1.0,,,,
5,bbb_permeability,classification,NB05_bbb_permeability,prednisolone-acetate,[C@]34([C@H]([C@H]2[C@@H]([C@@]1(C(=CC(=O)C=C1)CC2)C)[C@H](C3)O)CC[C@@]4(C(COC(C)=O)=O)O)C,,0,,,,,0.101562,0.6957,,,,,6,2,29,,,,2.1284,,,,104.5956,402.487,,,,,6.0,,,,,,,,4,3,,,100.9,,,1.0,,,,
5,bbb_permeability,classification,NB05_bbb_permeability,prednisolone-hemisuccinate,[C@]14([C@@](C(=O)COC(CCC(=O)[O-])=O)(CC[C@H]1[C@@H]3CCC2=CC(C=C[C@@]2([C@H]3[C@H](C4)O)C)=O)O)C.[Na+],,0,,,,,0.113281,0.68,,,,,8,2,34,,,,-2.3574,,,,113.1626,482.505,,,,,9.0,,,,,,,,4,6,,,141.03,,,1.0,,,,
5,bbb_permeability,classification,NB05_bbb_permeability,prednival,C(C)CCC(=O)OC3(CCC4C2CCC1=CC(=O)C=CC1(C)C2C(O)CC34C)C(=O)CO,,0,,,,,0.109375,0.7308,,,,,6,2,32,,,,3.2987,,,,118.4466,444.568,,,,,6.0,,,,,,,,4,6,,,100.9,,,1.0,,,,
5,bbb_permeability,classification,NB05_bbb_permeability,premazepam,C1=C2C(=C([N]1C)C)C(=NCC(N2)=O)C3=CC=CC=C3,,2,,,,,0.072266,0.2,,,,,3,1,19,,,,2.123,,,,75.7277,253.305,,,,,4.0,,,,,,,,3,1,,,46.39,,,1.0,,,,
5,bbb_permeability,classification,NB05_bbb_permeability,prideperone,C1=C(C(=CC=C1C#N)OC)C(NCCN3CCC(C(C2=CC=C(F)C=C2)=O)CC3)=O,,2,,,,,0.107422,0.3478,,,,,5,1,30,,,,3.0307,,,,109.9367,409.461,,,,,7.0,,,,,,,,3,7,,,82.43,,,1.0,,,,
5,bbb_permeability,classification,NB05_bbb_permeability,procinonide,[C@@]23(F)C1(C(=CC(=O)C=C1)[C@@H](F)CC2C5C(CC3O)([C@]4(C(=O)COC(=O)CC)OC(O[C@@H]4C5)(C)C)C)C,,0,,,,,0.126953,0.7407,,,,,7,1,36,,,,3.3277,,,,123.0418,508.558,,,,,9.0,,,,,,,,5,4,,,99.13,,,1.0,,,,
5,bbb_permeability,classification,NB05_bbb_permeability,profexalone,C1=CC=CC=C1C2CN(C(NCCC)=O)C(O2)=O,,1,,,,,0.076172,0.3846,,,,,3,1,18,,,,2.2995,,,,66.0597,248.282,,,,,5.0,,,,,,,,2,3,,,58.64,,,1.0,,,,
5,bbb_permeability,classification,NB05_bbb_permeability,promethazine,C1=CC=CC2=C1N(C3=C(S2)C=CC=C3)CC(C)N(C)C,,2,,,,,0.056641,0.2941,,,,,3,0,20,,,,4.2394,,,,87.162,284.428,,,,,3.0,,,,,,,,3,3,,,6.48,,,1.0,,,,
5,bbb_permeability,classification,NB05_bbb_permeability,propoxate,C1=NC=C([N]1C(C2=CC=CC=C2)C)C(OCCC)=O,,2,,,,,0.078125,0.3333,,,,,4,0,19,,,,3.0592,,,,73.0555,258.321,,,,,4.0,,,,,,,,2,5,,,44.12,,,1.0,,,,
5,bbb_permeability,classification,NB05_bbb_permeability,prosulpride,C1=C([S](N)(=O)=O)C=CC(=C1C(NCC2N(CCC2)CCC)=O)OC,,1,,,,,0.099609,0.5625,,,,,5,2,24,,,,0.9468,,,,91.5864,355.46,,,,,8.0,,,,,,,,2,7,,,101.73,,,1.0,,,,
5,bbb_permeability,classification,NB05_bbb_permeability,prothipendyl,C1=CC=CC2=C1N(C3=C(S2)C=CC=N3)CCCN(C)C,,2,,,,,0.074219,0.3125,,,,,4,0,20,,,,3.636,,,,84.979,285.416,,,,,4.0,,,,,,,,3,4,,,19.37,,,1.0,,,,
5,bbb_permeability,classification,NB05_bbb_permeability,pyrithyldione,C(C1(C(C=CNC1=O)=O)CC)C,,0,,,,,0.042969,0.5556,,,,,2,1,12,,,,1.0054,,,,45.3047,167.208,,,,,3.0,,,,,,,,1,2,,,46.17,,,1.0,,,,
5,bbb_permeability,classification,NB05_bbb_permeability,pyrovalerone,C2=C(C(C(N1CCCC1)CCC)=O)C=CC(=C2)C,,1,,,,,0.064453,0.5625,,,,,2,0,18,,,,3.4422,,,,75.0125,245.366,,,,,2.0,,,,,,,,2,5,,,20.31,,,1.0,,,,
5,bbb_permeability,classification,NB05_bbb_permeability,quinupramine,C1=CC=CC4=C1N(C2C3CCN(C2)CC3)C5=C(CC4)C=CC=C5,,2,,,,,0.058594,0.4286,,,,,2,0,23,,,,4.0175,,,,95.383,304.437,,,,,2.0,,,,,,,,6,1,,,6.48,,,1.0,,,,
5,bbb_permeability,classification,NB05_bbb_permeability,ralitoline,C1=C(Cl)C(=C(C=C1)C)NC(=O)/C=C/2SCC(=O)N2C,,1,,,,,0.080078,0.2308,,,,,3,1,19,,,,2.6335,,,,78.1297,296.779,,,,,6.0,,,,,,,,2,2,,,49.41,,,1.0,,,,
5,bbb_permeability,classification,NB05_bbb_permeability,razobazam,C3=C(N2C1=C([NH]N=C1N(C(=O)CC2=O)C)C)C=CC=C3,,2,,,,,0.072266,0.2143,,,,,3,1,20,,,,1.7493,,,,74.9397,270.292,,,,,6.0,,,,,,,,3,1,,,69.3,,,1.0,,,,
5,bbb_permeability,classification,NB05_bbb_permeability,reboxetine,[C@H](C1=CC=CC=C1)([C@@H]2CNCCO2)OC3=CC=CC=C3OCC,,2,,,,,0.078125,0.3684,,,,,4,1,23,,,,3.1938,,,,90.0317,313.397,,,,,4.0,,,,,,,,3,6,,,39.72,,,1.0,,,,
5,bbb_permeability,classification,NB05_bbb_permeability,remoxipride,[C@H]2(CNC(C1=C(C=CC(=C1OC)Br)OC)=O)N(CCC2)CC,,1,,,,,0.087891,0.5625,,,,,4,1,22,,,,2.6804,,,,89.8482,371.275,,,,,6.0,,,,,,,,2,6,,,50.8,,,1.0,,,,
5,bbb_permeability,classification,NB05_bbb_permeability,revospirone,C1=CC=CC4=C1C(N(CCCN3CCN(C2=NC=CC=N2)CC3)[S]4(=O)=O)=O,,2,,,,,0.082031,0.3889,,,,,7,0,27,,,,0.8334,,,,99.9663,387.465,,,,,9.0,,,,,,,,4,5,,,86.71,,,1.0,,,,
5,bbb_permeability,classification,NB05_bbb_permeability,rilapine,C1=C(Cl)C=CC\3=C1C=C(N2CCN(C)CC2)C4=C(C3=C/C#N)C=CC=C4,,2,,,,,0.085938,0.2273,,,,,3,0,26,,,,4.3542,,,,107.527,361.876,,,,,4.0,,,,,,,,4,1,,,30.27,,,1.0,,,,
5,bbb_permeability,classification,NB05_bbb_permeability,riluzole,[H+].C1=C(OC(F)(F)F)C=CC2=C1SC(=N2)N.[Cl-],,2,,,,,0.064453,0.125,,,,,4,1,16,,,,-0.1064,,,,51.8274,270.663,,,,,8.0,,,,,,,,2,1,,,48.14,,,1.0,,,,
5,bbb_permeability,classification,NB05_bbb_permeability,roflurane,COC(C(F)Br)(F)F,,0,,,,,0.03125,1.0,,,,,1,0,8,,,,1.9161,,,,25.779,192.962,,,,,5.0,,,,,,,,0,2,,,9.23,,,1.0,,,,
5,bbb_permeability,classification,NB05_bbb_permeability,roletamide,C1=C(C(=C(C=C1C(\C=C\N2CC=CC2)=O)OC)OC)OC,,1,,,,,0.064453,0.3125,,,,,5,0,21,,,,2.2806,,,,80.2815,289.331,,,,,5.0,,,,,,,,2,6,,,48.0,,,1.0,,,,
5,bbb_permeability,classification,NB05_bbb_permeability,rolziracetam,O=C1N2C(CC1)CCC2=O,,0,,,,,0.03125,0.7143,,,,,2,0,10,,,,0.2978,,,,34.109,139.154,,,,,3.0,,,,,,,,2,0,,,37.38,,,1.0,,,,
5,bbb_permeability,classification,NB05_bbb_permeability,ropizine,C4=C(C(N2CCN(\N=C\C1=NC(=CC=C1)C)CC2)C3=CC=CC=C3)C=CC=C4,,3,,,,,0.072266,0.25,,,,,4,0,28,,,,4.1311,,,,114.441,370.5,,,,,4.0,,,,,,,,4,5,,,31.73,,,1.0,,,,
5,bbb_permeability,classification,NB05_bbb_permeability,rufinamide,C1=C(C(N)=O)N=N[N]1CC2=C(C=CC=C2F)F,,2,,,,,0.064453,0.1,,,,,4,1,17,,,,0.7035,,,,53.9999,238.197,,,,,7.0,,,,,,,,2,3,,,73.8,,,1.0,,,,
5,bbb_permeability,classification,NB05_bbb_permeability,sabeluzole,C1=CC=CC2=C1N=C(S2)N(C4CCN(CC(COC3=CC=C(C=C3)F)O)CC4)C,,3,,,,,0.103516,0.4091,,,,,6,1,29,,,,3.7759,,,,115.3868,415.534,,,,,7.0,,,,,,,,4,7,,,48.83,,,1.0,,,,
5,bbb_permeability,classification,NB05_bbb_permeability,seproxetine,NCCC(Oc1ccc(cc1)C(F)(F)F)c2ccccc2,,2,,,,,0.064453,0.25,,,,,2,1,21,,,,4.1743,,,,74.9264,295.304,,,,,5.0,,,,,,,,2,5,,,35.25,,,1.0,,,,
5,bbb_permeability,classification,NB05_bbb_permeability,setoperone,C4=C(C(C3CCN(CCC1=C(N=C2N(C1=O)CCS2)C)CC3)=O)C=CC(=C4)F,,2,,,,,0.103516,0.4762,,,,,6,0,28,,,,2.9339,,,,107.5565,401.507,,,,,7.0,,,,,,,,4,5,,,55.2,,,1.0,,,,
5,bbb_permeability,classification,NB05_bbb_permeability,sipatrigine,C3=C(C2=C(N=C(N1CCN(C)CC1)N=C2)N)C(=C(C=C3Cl)Cl)Cl,,2,,,,,0.076172,0.3333,,,,,5,1,23,,,,3.4378,,,,96.6204,372.687,,,,,8.0,,,,,,,,3,2,,,58.28,,,1.0,,,,
5,bbb_permeability,classification,NB05_bbb_permeability,spiclamine,[C@@H]3(C1=CC=C(Cl)C=C1)[C@H]2CC[C@@H](C2)C34CCC(=N4)N5CCOCC5,,1,,,,,0.083984,0.65,,,,,3,0,24,,,,4.1168,,,,96.816,344.886,,,,,4.0,,,,,,,,5,1,,,24.83,,,1.0,,,,
5,bbb_permeability,classification,NB05_bbb_permeability,spiroxatrine,C1=CC=CC=C1N2C5(C(NC2)=O)CCN(CC4OC3=C(C=CC=C3)OC4)CC5,,2,,,,,0.089844,0.4091,,,,,5,1,28,,,,2.2549,,,,106.6887,379.46,,,,,6.0,,,,,,,,5,3,,,54.04,,,1.0,,,,
5,bbb_permeability,classification,NB05_bbb_permeability,sulazepam,C1=C(Cl)C=CC2=C1C(=NCC(=S)N2C)C3=CC=CC=C3,,2,,,,,0.074219,0.125,,,,,2,0,20,,,,3.9546,,,,89.401,300.814,,,,,4.0,,,,,,,,3,1,,,15.6,,,1.0,,,,
5,bbb_permeability,classification,NB05_bbb_permeability,sulfonethylmethane,C(C([S](CC)(=O)=O)([S](CC)(=O)=O)C)C,,0,,,,,0.029297,1.0,,,,,4,0,14,,,,0.982,,,,57.6176,242.362,,,,,6.0,,,,,,,,0,5,,,68.28,,,1.0,,,,
5,bbb_permeability,classification,NB05_bbb_permeability,sulpiride,C1=C([S](=O)(=O)N)C=CC(=C1C(NCC2N(CC)CCC2)=O)OC,,1,,,,,0.095703,0.5333,,,,,5,2,23,,,,0.5567,,,,86.9694,341.433,,,,,8.0,,,,,,,,2,6,,,101.73,,,1.0,,,,
5,bbb_permeability,classification,NB05_bbb_permeability,supidimide,C1=CC=CC3=C1C(N(C2C(NCCC2)=O)[S]3(=O)=O)=O,,1,,,,,0.068359,0.3333,,,,,4,1,19,,,,0.1097,,,,65.829,280.305,,,,,7.0,,,,,,,,3,1,,,83.55,,,1.0,,,,
5,bbb_permeability,classification,NB05_bbb_permeability,taclamine,C5=C2C1=C(CCC4=C(C1CN3CCCCC23)C=CC=C4)C=C5,,2,,,,,0.070312,0.4286,,,,,1,0,22,,,,4.4577,,,,90.3,289.422,,,,,1.0,,,,,,,,5,0,,,3.24,,,1.0,,,,
5,bbb_permeability,classification,NB05_bbb_permeability,talbutal,C(C(C)C1(CC=C)C(=O)NC(NC1=O)=O)C,,0,,,,,0.050781,0.5455,,,,,3,2,16,,,,0.961,,,,58.3834,224.26,,,,,5.0,,,,,,,,1,4,,,75.27,,,1.0,,,,
5,bbb_permeability,classification,NB05_bbb_permeability,tenilapine,C3=C2C(=NC1=CSC=C1C(/C2=CS3)=C/C#N)N4CCN(C)CC4,,2,,,,,0.074219,0.2941,,,,,6,0,23,,,,3.404,,,,96.597,340.477,,,,,6.0,,,,,,,,4,0,,,42.63,,,1.0,,,,
5,bbb_permeability,classification,NB05_bbb_permeability,teniloxazine,C1=CC=CC(=C1CC2=CC=CS2)OCC3OCCNC3.O=C(O)\C=C/C(=O)O,,2,,,,,0.099609,0.3,,,,,6,3,28,,,,2.4179,,,,106.0833,405.472,,,,,8.0,,,,,,,,3,7,,,105.09,,,1.0,,,,
5,bbb_permeability,classification,NB05_bbb_permeability,tetrazepam,C1=C(Cl)C=CC2=C1C(=NCC(=O)N2C)C3=CCCCC3,,1,,,,,0.083984,0.375,,,,,2,0,20,,,,3.6059,,,,82.817,288.778,,,,,4.0,,,,,,,,3,1,,,32.67,,,1.0,,,,
5,bbb_permeability,classification,NB05_bbb_permeability,thiotetrabarbital,C(C1(C(CCC)CC)C(NC(=S)NC1=O)=O)C,,0,,,,,0.052734,0.75,,,,,3,2,17,,,,1.74,,,,70.2964,256.371,,,,,5.0,,,,,,,,1,5,,,58.2,,,1.0,,,,
5,bbb_permeability,classification,NB05_bbb_permeability,tiapride,C1=C([S](C)(=O)=O)C=CC(=C1C(NCCN(CC)CC)=O)OC,,1,,,,,0.082031,0.5333,,,,,5,1,22,,,,1.1703,,,,86.225,328.434,,,,,7.0,,,,,,,,1,8,,,75.71,,,1.0,,,,
5,bbb_permeability,classification,NB05_bbb_permeability,ticabesone(ticabesone-propionate),[C@]14([C@](OC(=O)CC)([C@@H](CC1C3[C@@](F)(C2(C(=CC(=O)C=C2)[C@@H](F)C3)C)[C@@H](O)C4)C)C(SC)=O)C,,0,,,,,0.113281,0.72,,,,,6,1,33,,,,4.1328,,,,120.8168,482.589,,,,,8.0,,,,,,,,4,3,,,80.67,,,1.0,,,,
5,bbb_permeability,classification,NB05_bbb_permeability,tienopramine,C1=CSC2=C1N(C3=C(C=C2)C=CC=C3)CCCN(C)C,,2,,,,,0.074219,0.2941,,,,,3,0,20,,,,4.3217,,,,89.866,284.428,,,,,3.0,,,,,,,,3,4,,,6.48,,,1.0,,,,
5,bbb_permeability,classification,NB05_bbb_permeability,tiflucarbine,C1=C4C(=C2C(=C1F)SC=C2C)C3=C(CCN(C3)CC)[NH]4,,3,,,,,0.085938,0.375,,,,,2,1,20,,,,4.2081,,,,83.0317,288.391,,,,,4.0,,,,,,,,4,1,,,19.03,,,1.0,,,,
5,bbb_permeability,classification,NB05_bbb_permeability,tiletamine,C1=C(SC=C1)C2(C(CCCC2)=O)NCC,,1,,,,,0.064453,0.5833,,,,,3,1,15,,,,2.696,,,,63.1487,223.341,,,,,3.0,,,,,,,,2,3,,,29.1,,,1.0,,,,
5,bbb_permeability,classification,NB05_bbb_permeability,timobesone,CSC(=O)C3(O)C(C)CC4C2CCC1=CC(=O)C=CC1(C)C2(F)C(O)CC34C,,0,,,,,0.103516,0.7273,,,,,5,2,28,,,,3.2239,,,,106.3736,408.535,,,,,6.0,,,,,,,,4,1,,,74.6,,,1.0,,,,
5,bbb_permeability,classification,NB05_bbb_permeability,tolboxane,C1=CC(=CC=C1B2OCC(CCC)(C)CO2)C,,1,,,,,0.058594,0.5714,,,,,2,0,17,,,,2.5434,,,,71.486,232.132,,,,,3.0,,,,,,,,2,3,,,18.46,,,1.0,,,,
5,bbb_permeability,classification,NB05_bbb_permeability,toloxatone,C2=C(N1CC(CO)OC1=O)C=CC=C2C,,1,,,,,0.070312,0.3636,,,,,3,1,15,,,,1.3125,,,,55.8798,207.229,,,,,4.0,,,,,,,,2,2,,,49.77,,,1.0,,,,
5,bbb_permeability,classification,NB05_bbb_permeability,tomoxetine,[C@H](OC1=C(C=CC=C1)C)(C2=CC=CC=C2)CCNC,,2,,,,,0.0625,0.2941,,,,,2,1,19,,,,3.7246,,,,79.5337,255.361,,,,,2.0,,,,,,,,2,6,,,21.26,,,1.0,,,,
5,bbb_permeability,classification,NB05_bbb_permeability,toprilidine,C1=CC=CC(=C1N3CCN(CCCOC2=CC=CC=N2)CC3)C,,2,,,,,0.076172,0.4211,,,,,4,0,23,,,,2.9811,,,,94.181,311.429,,,,,4.0,,,,,,,,3,6,,,28.6,,,1.0,,,,
5,bbb_permeability,classification,NB05_bbb_permeability,trepipam(trimopam),[C@H]2(C1=CC(=C(OC)C=C1CCN(C2)C)OC)C3=CC=CC=C3,,2,,,,,0.072266,0.3684,,,,,3,0,22,,,,3.3236,,,,89.032,297.398,,,,,3.0,,,,,,,,3,3,,,21.7,,,1.0,,,,
5,bbb_permeability,classification,NB05_bbb_permeability,triamcinolone-acetonide,[C@@]45([C@@]3([C@H]([C@H]2[C@]([C@@]1(C(=CC(=O)C=C1)CC2)C)(F)[C@H](C3)O)C[C@H]4OC(O5)(C)C)C)C(CO)=O,,0,,,,,0.113281,0.75,,,,,6,2,31,,,,2.4188,,,,108.5986,434.504,,,,,7.0,,,,,,,,5,2,,,93.06,,,1.0,,,,
5,bbb_permeability,classification,NB05_bbb_permeability,triamcinolone-diacetate,[C@]34([C@H]([C@H]2[C@]([C@@]1(C(=CC(=O)C=C1)CC2)C)(F)[C@H](C3)O)C[C@H]([C@@]4(C(COC(C)=O)=O)O)OC(C)=O)C,,0,,,,,0.119141,0.68,,,,,8,2,34,,,,1.7621,,,,115.8816,478.513,,,,,9.0,,,,,,,,4,4,,,127.2,,,1.0,,,,
5,bbb_permeability,classification,NB05_bbb_permeability,triamcinolone-hexacetonide,[C@@]45([C@@]3([C@H]([C@H]2[C@]([C@@]1(C(=CC(=O)C=C1)CC2)C)(F)[C@H](C3)O)C[C@H]4OC(O5)(C)C)C)C(COC(CC(C)(C)C)=O)=O,,0,,,,,0.128906,0.7667,,,,,7,1,38,,,,4.4059,,,,136.5438,532.649,,,,,8.0,,,,,,,,5,4,,,99.13,,,1.0,,,,
5,bbb_permeability,classification,NB05_bbb_permeability,triclacetamol,C1=C(NC(C(Cl)(Cl)Cl)=O)C=CC(=C1)O,,1,,,,,0.044922,0.125,,,,,2,2,14,,,,2.7009,,,,57.0265,254.5,,,,,6.0,,,,,,,,1,1,,,49.33,,,1.0,,,,
5,bbb_permeability,classification,NB05_bbb_permeability,triflubazam,C1=C(C(F)(F)F)C=CC3=C1N(C2=CC=CC=C2)C(CC(N3C)=O)=O,,2,,,,,0.074219,0.1765,,,,,2,0,24,,,,3.7366,,,,83.059,334.297,,,,,7.0,,,,,,,,3,1,,,40.62,,,1.0,,,,
5,bbb_permeability,classification,NB05_bbb_permeability,trifluomeprazine,C1=CC=C2C(=C1)SC3=C(N2CC(C)CN(C)C)C=C(C=C3)C(F)(F)F,,2,,,,,0.082031,0.3684,,,,,3,0,25,,,,5.5058,,,,96.733,366.452,,,,,6.0,,,,,,,,3,4,,,6.48,,,1.0,,,,
5,bbb_permeability,classification,NB05_bbb_permeability,trifluoperazine,C1=C(C=CC3=C1N(CCCN2CCN(CC2)C)C4=C(S3)C=CC=C4)C(F)(F)F,,2,,,,,0.085938,0.4286,,,,,4,0,28,,,,4.9456,,,,107.569,407.505,,,,,7.0,,,,,,,,4,4,,,9.72,,,1.0,,,,
5,bbb_permeability,classification,NB05_bbb_permeability,trimethadione,CC1(C(N(C(O1)=O)C)=O)C,,0,,,,,0.037109,0.6667,,,,,3,0,10,,,,0.3736,,,,33.33,143.142,,,,,4.0,,,,,,,,1,0,,,46.61,,,1.0,,,,
5,bbb_permeability,classification,NB05_bbb_permeability,tropapride,[C@H]13N([C@H](CC(C1)NC(C2=CC=CC(=C2OC)OC)=O)CC3)CC4=CC=CC=C4,,2,,,,,0.089844,0.4348,,,,,4,1,28,,,,3.6292,,,,108.8292,380.488,,,,,5.0,,,,,,,,4,6,,,50.8,,,1.0,,,,
5,bbb_permeability,classification,NB05_bbb_permeability,tuclazepam,C1=C2C(=CC=C1)N(C(Cl)(CN=C2C3=CC=CC=C3Cl)CO)C,,2,,,,,0.076172,0.2353,,,,,3,1,22,,,,3.5546,,,,92.4728,335.234,,,,,5.0,,,,,,,,3,2,,,35.83,,,1.0,,,,
5,bbb_permeability,classification,NB05_bbb_permeability,ulobetasol,CC4CC3C2CC(F)C1=CC(=O)C=CC1(C)C2(F)C(O)CC3(C)C4(O)C(=O)CCl,,0,,,,,0.107422,0.7273,,,,,4,2,29,,,,3.0902,,,,103.8576,428.903,,,,,7.0,,,,,,,,4,2,,,74.6,,,1.0,,,,
5,bbb_permeability,classification,NB05_bbb_permeability,valdetamide,C(C(C(N)=O)(CC)CC)C=C,,0,,,,,0.041016,0.6667,,,,,1,1,11,,,,1.8542,,,,47.0234,155.241,,,,,2.0,,,,,,,,0,5,,,43.09,,,1.0,,,,
5,bbb_permeability,classification,NB05_bbb_permeability,valnoctamide,C(C(C(CC)C)C(N)=O)C,,0,,,,,0.037109,0.875,,,,,1,1,10,,,,1.544,,,,42.4304,143.23,,,,,2.0,,,,,,,,0,4,,,43.09,,,1.0,,,,
5,bbb_permeability,classification,NB05_bbb_permeability,valperinol,[C@@H]1(C[C@H]3[C@H]2[C@@]1(O[C@H](O[C@H]2OC)[C@@H]3C)CN4CCCCC4)O,,0,,,,,0.078125,1.0,,,,,5,1,21,,,,1.2032,,,,76.5448,297.395,,,,,5.0,,,,,,,,5,3,,,51.16,,,1.0,,,,
5,bbb_permeability,classification,NB05_bbb_permeability,valpromide,C(C(CCC)C(N)=O)CC,,0,,,,,0.033203,0.875,,,,,1,1,10,,,,1.6881,,,,42.5004,143.23,,,,,2.0,,,,,,,,0,5,,,43.09,,,1.0,,,,
5,bbb_permeability,classification,NB05_bbb_permeability,vinbarbital,C(C1(C(NC(=O)NC1=O)=O)C(=C/CC)/C)C,,0,,,,,0.050781,0.5455,,,,,3,2,16,,,,1.1051,,,,58.4534,224.26,,,,,5.0,,,,,,,,1,3,,,75.27,,,1.0,,,,
5,bbb_permeability,classification,NB05_bbb_permeability,vinylbital,C(C(C1(C(NC(=O)NC1=O)=O)C=C)C)CC,,0,,,,,0.054688,0.5455,,,,,3,2,16,,,,0.961,,,,58.3834,224.26,,,,,5.0,,,,,,,,1,4,,,75.27,,,1.0,,,,
5,bbb_permeability,classification,NB05_bbb_permeability,viqualine,C1=C(OC)C=CC2=NC=CC(=C12)CCCC3C(CNCC3)C=C,,2,,,,,0.099609,0.45,,,,,3,1,23,,,,3.9778,,,,95.8967,310.441,,,,,3.0,,,,,,,,3,6,,,34.15,,,1.0,,,,
5,bbb_permeability,classification,NB05_bbb_permeability,xanomeline,C(OC1=NSN=C1C2=CCCN(C2)C)CCCCC,,1,,,,,0.076172,0.7143,,,,,5,0,19,,,,3.2161,,,,79.637,281.425,,,,,5.0,,,,,,,,2,7,,,38.25,,,1.0,,,,
5,bbb_permeability,classification,NB05_bbb_permeability,zaleplon,C2=N[N]1C(=CC=NC1=C2C#N)C3=CC(=CC=C3)N(C(C)=O)CC,,3,,,,,0.09375,0.1765,,,,,5,0,23,,,,2.6408,,,,86.839,305.341,,,,,6.0,,,,,,,,3,3,,,74.29,,,1.0,,,,
5,bbb_permeability,classification,NB05_bbb_permeability,zimeldine,C2=C(\C(C1=CC=CN=C1)=C\CN(C)C)C=CC(=C2)Br,,2,,,,,0.068359,0.1875,,,,,2,0,19,,,,3.8374,,,,84.012,317.23,,,,,3.0,,,,,,,,2,4,,,16.13,,,1.0,,,,
5,bbb_permeability,classification,NB05_bbb_permeability,zomebazam,C3=C(N2C1=C([N](C)N=C1C)N(C(=O)CC2=O)C)C=CC=C3,,2,,,,,0.070312,0.2667,,,,,4,0,21,,,,1.7597,,,,79.56,284.319,,,,,6.0,,,,,,,,3,1,,,58.44,,,1.0,,,,
5,bbb_permeability,classification,NB05_bbb_permeability,zometapine,C3=C(C1=NCCN=C2N(NC(=C12)C)C)C=CC=C3Cl,,1,,,,,0.074219,0.2857,,,,,4,1,19,,,,2.2652,,,,78.7567,274.755,,,,,5.0,,,,,,,,3,1,,,39.99,,,1.0,,,,
5,bbb_permeability,classification,NB05_bbb_permeability,nitrous-oxide,[N+](=[N-])=O,,0,,,,,0.011719,0.0,,,,,1,0,3,,,,-0.1584,,,,8.86,44.013,,,,,3.0,,,,,,,,0,0,,,53.47,,,1.0,,,,
5,bbb_permeability,classification,NB05_bbb_permeability,licostinel,C1=C(Cl)C(=C(C2=C1NC(=O)C(N2)=O)[N+](=O)[O-])Cl,,2,,,,,0.058594,0.0,,,,,4,2,17,,,,1.4314,,,,61.8638,276.035,,,,,9.0,,,,,,,,2,1,,,108.86,,,1.0,,,,
5,bbb_permeability,classification,NB05_bbb_permeability,ademetionine(adenosyl-methionine),[C@H]3([N]2C1=C(C(=NC=N1)N)N=C2)[C@@H]([C@@H]([C@H](O3)C[S+](CC[C@@H](C([O-])=O)N)C)O)O,,2,,,,,0.107422,0.6,,,,,11,4,27,,,,-3.2569,,,,96.2814,398.445,,,,,12.0,,,,,,,,3,7,,,185.46,,,1.0,,,,
5,bbb_permeability,classification,NB05_bbb_permeability,mesocarb,[O+]1=N[N](C=C1[N-]C(NC2=CC=CC=C2)=O)C(CC3=CC=CC=C3)C,,3,,,,,0.076172,0.1667,,,,,3,1,24,,,,4.7982,,,,92.2367,322.368,,,,,6.0,,,,,,,,3,5,,,72.32,,,1.0,,,,
5,bbb_permeability,classification,NB05_bbb_permeability,tofisoline,C1=C(OC)C(=CC2=C1C(=[N+](C(=C2CC)C)[NH-])C3=CC=C(C(=C3)OC)OC)OC,,3,,,,,0.066406,0.3182,,,,,4,0,28,,,,4.5148,,,,109.6217,382.46,,,,,6.0,,,,,,,,3,6,,,64.6,,,1.0,,,,
5,bbb_permeability,classification,NB05_bbb_permeability,azidamfenicol,[N+](=NCC(=O)N[C@@H]([C@H](O)C1=CC=C([N+]([O-])=O)C=C1)CO)=[N-],,1,,,,,0.082031,0.3636,,,,,6,3,21,,,,0.4156,,,,71.0857,295.255,,,,,10.0,,,,,,,,1,7,,,161.46,,,1.0,,,,
6,space_solar,regression,NB06_spacechem_ai,Pentacene,c1ccc2cc3cc4cc5ccccc5cc4cc3cc2c1,acene,5,,,,0.0,0.021484375,0.0,,,,,0,0,22,,,,6.299400000000003,,,,96.46600000000004,278.354,0.0,0.0,,,,,,,,,30.0,1.0,5,0,,0.0,0.0,0.85,2.7,,,,,
6,space_solar,regression,NB06_spacechem_ai,Tetracene,c1ccc2cc3cc4ccccc4cc3cc2c1,acene,4,,,,0.0,0.021484375,0.0,,,,,0,0,18,,,,5.146200000000003,,,,78.96000000000002,228.294,0.0,0.0,,,,,,,,,24.0,1.0,4,0,,0.0,0.0,0.8,2.4,,,,,
6,space_solar,regression,NB06_spacechem_ai,Hexacene,c1ccc2cc3cc4cc5cc6ccccc6cc5cc4cc3cc2c1,acene,6,,,,0.0,0.021484375,0.0,,,,,0,0,26,,,,7.452600000000003,,,,113.97200000000004,328.41400000000004,0.0,0.0,,,,,,,,,36.0,1.0,6,0,,0.0,0.0,0.87,3.0,,,,,
6,space_solar,regression,NB06_spacechem_ai,Chrysene,c1ccc2cc3ccccc3cc2c1,PAH,3,,,,0.0,0.01953125,0.0,,,,,0,0,14,,,,3.993000000000002,,,,61.45400000000003,178.23399999999995,0.0,0.0,,,,,,,,,18.0,1.0,3,0,,0.0,0.0,0.78,2.5,,,,,
6,space_solar,regression,NB06_spacechem_ai,Pyrene,c1cc2ccc3cccc4ccc(c1)c2c34,PAH,4,,,,0.0,0.021484375,0.0,,,,,0,0,16,,,,4.584000000000002,,,,70.14600000000003,202.25599999999997,0.0,0.0,,,,,,,,,24.0,1.0,4,0,,0.0,0.0,0.79,2.6,,,,,
6,space_solar,regression,NB06_spacechem_ai,Triphenylene,c1ccc2cc3ccccc3cc2c1,PAH,3,,,,0.0,0.01953125,0.0,,,,,0,0,14,,,,3.993000000000002,,,,61.45400000000003,178.23399999999995,0.0,0.0,,,,,,,,,18.0,1.0,3,0,,0.0,0.0,0.81,2.8,,,,,
6,space_solar,regression,NB06_spacechem_ai,Fluorene,c1ccc2c(c1)Cc1ccccc1-2,PAH,2,,,,0.0,0.02734375,0.0769230769230769,,,,,0,0,13,,,,3.257800000000002,,,,54.684000000000026,166.22299999999998,0.0,0.0,,,,,,,,,16.0,0.9230769230769232,3,0,,0.0,0.0,0.7,2.0,,,,,
6,space_solar,regression,NB06_spacechem_ai,Coronene,c1cc2ccc3ccc4ccc5ccc6ccc1c1c2c3c4c5c61,PAH,7,,,,0.0,0.015625,0.0,,,,,0,0,24,,,,6.919200000000002,,,,105.03600000000009,300.36000000000007,0.0,0.0,,,,,,,,,42.0,1.0,7,0,,0.0,0.0,0.9,3.6,,,,,
6,space_solar,regression,NB06_spacechem_ai,Perylene,C1=C2C=CC=CC2=C2C=CC=CC2=C2C=CC=CC12,rylene,2,,,,0.0,0.052734375,0.0526315789473684,,,,,0,0,19,,,,2.6605800000000013,,,,79.44900000000001,242.321,0.0,0.0,,,,,,,,,20.0,0.631578947368421,4,0,,0.0,0.0,0.84,3.0,,,,,
6,space_solar,regression,NB06_spacechem_ai,P3HT_unit,CCCCCCc1ccc(s1),donor,1,,,,0.0,0.046875,0.6,,,,,1,0,11,,,,3.8709000000000033,,,,52.16500000000004,168.305,0.0,0.0,,,,,,,,,6.0,0.4545454545454545,1,5,,0.0,0.0,0.71,2.1,,,,,
6,space_solar,regression,NB06_spacechem_ai,DPP_core,O=C1c2ccccc2C(=O)N1c1ccccc1,donor,2,,,,0.0,0.037109375,0.0,,,,,2,0,17,,,,2.4872000000000005,,,,64.02400000000003,223.231,0.0,3.0,,,,,,,,,16.0,0.7058823529411765,3,1,,0.0,37.38,0.78,2.4,,,,,
6,space_solar,regression,NB06_spacechem_ai,Carbazole,c1ccc2[nH]c3ccccc3c2c1,donor,3,,,,0.0,0.025390625,0.0,,,,,0,1,13,,,,3.3211000000000013,,,,55.80470000000002,167.21099999999998,1.0,1.0,,,,,,,,,18.0,1.0,3,0,,0.0,15.79,0.73,2.2,,,,,
6,space_solar,regression,NB06_spacechem_ai,BTR_unit,c1cc2c(s1)-c1sccc1-2,donor,2,,,,0.0,0.025390625,0.0,,,,,2,0,10,,,,3.4570000000000007,,,,46.626000000000005,164.254,0.0,0.0,,,,,,,,,16.0,1.0,3,0,,0.0,0.0,0.76,2.3,,,,,
6,space_solar,regression,NB06_spacechem_ai,PDI_core,O=C1c2cccc3cccc4cccc(c2c3c14)C(=O)N1CCCCC1,PDI,0,,,,0.0,0.0703125,0.217391304347826,,,,,2,0,26,,,,3.663400000000002,,,,101.15900000000002,341.4100000000002,0.0,3.0,,,,,,,,,20.0,0.0,5,1,,0.0,37.38,0.92,3.8,,,,,
6,space_solar,regression,NB06_spacechem_ai,IT4F_core,O=C1C(=Cc2sc3c(c2)c2c(cc3)CCCC2)c2ccc(F)c(F)c2C1=O,NFA,3,,,,0.0,0.091796875,0.1818181818181818,,,,,3,0,27,,,,5.364300000000003,,,,102.03350000000006,380.415,0.0,2.0,,,,,,,,,26.0,0.5555555555555556,5,1,,0.0,34.14,0.93,4.1,,,,,
6,space_solar,regression,NB06_spacechem_ai,Triazine_acc,c1ncnc(c1)-c1ccncc1,BN_mat,2,,,,0.0,0.037109375,0.0,,,,,3,0,12,,,,1.5385999999999995,,,,45.26300000000002,157.17599999999996,0.0,3.0,,,,,,,,,12.0,1.0,2,1,,0.0,38.67,0.65,1.8,,,,,
6,space_solar,regression,NB06_spacechem_ai,Benzimidazole,c1ccc2[nH]cnc2c1,rad_hard,2,,,,0.0,0.037109375,0.0,,,,,1,1,9,,,,1.5629,,,,36.0937,118.13899999999998,1.0,2.0,,,,,,,,,12.0,1.0,2,0,,0.0,28.68,0.62,1.7,,,,,
6,space_solar,regression,NB06_spacechem_ai,Polyimide_unit,O=C1OC(=O)c2ccccc21,rad_hard,1,,,,0.0,0.02734375,0.0,,,,,3,0,11,,,,0.9972,,,,36.18800000000001,148.11699999999996,0.0,3.0,,,,,,,,,10.0,0.5454545454545454,2,0,,0.0,43.370000000000005,0.66,1.9,,,,,
6,space_solar,regression,NB06_spacechem_ai,PTFE_unit,C(F)(F)=C(F)F,rad_hard,0,,,,0.0,0.009765625,0.0,,,,,0,0,6,,,,1.991,,,,11.458000000000002,100.014,0.0,0.0,,,,,,,,,0.0,0.0,0,0,,0.0,0.0,0.2,0.3,,,,,
6,space_solar,regression,NB06_spacechem_ai,Diamond_unit,C12CC3CC(CC(C3)C1)C2,rad_hard,0,,,,0.0,0.01171875,1.0,,,,,0,0,10,,,,2.832600000000001,,,,41.66200000000001,136.238,0.0,0.0,,,,,,,,,16.0,0.0,4,0,,0.0,0.0,0.5,1.2,,,,,
6,space_solar,regression,NB06_spacechem_ai,MAI_cation,C[NH3+],perovskite,0,,,,0.0,0.005859375,1.0,,,,,0,1,2,,,,-1.1419,,,,8.8121,32.066,3.0,1.0,,,,,,,,,0.0,0.0,0,0,,0.0,27.64,0.3,0.5,,,,,
6,space_solar,regression,NB06_spacechem_ai,FA_cation,NC(=N)N,perovskite,0,,,,0.0,0.01171875,0.0,,,,,1,3,4,,,,-1.1614300000000002,,,,16.1015,59.072,5.0,3.0,,,,,,,,,0.0,0.0,0,0,,0.0,75.89,0.4,0.8,,,,,
6,space_solar,regression,NB06_spacechem_ai,GUA_cation,NC(=N)N,perovskite,0,,,,0.0,0.01171875,0.0,,,,,1,3,4,,,,-1.1614300000000002,,,,16.1015,59.072,5.0,3.0,,,,,,,,,0.0,0.0,0,0,,0.0,75.89,0.41,0.8,,,,,
6,space_solar,regression,NB06_spacechem_ai,Rubrene_unit,c1ccc(-c2cc3ccccc3cc2)cc1,acene,3,,,,0.0,0.03515625,0.0,,,,,0,0,16,,,,4.506800000000003,,,,69.38400000000004,204.272,0.0,0.0,,,,,,,,,18.0,1.0,3,1,,0.0,0.0,0.88,3.1,,,,,
6,space_solar,regression,NB06_spacechem_ai,Rhodamine_B,CCN(CC)c1ccc2c(c1)OC1=CC(=[N+](CC)CC)C=CC1=C2c1ccccc1C(=O)O,dye,2,,,,0.0,0.1015625,0.2857142857142857,,,,,3,1,33,,,,5.561000000000005,,,,135.14329999999998,443.5670000000002,1.0,5.0,,,,,,,,,20.0,0.6060606060606061,4,7,,0.0,56.69,0.82,2.9,,,,,
6,space_solar,regression,NB06_spacechem_ai,C60_unit,C12=C3C4=C5C1=C1C6=C7C2=C2C8=C3C3=C9C4=C4C%10=C5C5=C1C1=C6C6=C%11C7=C2C2=C7C8=C3C3=C8C9=C4C4=C9C%10=C5C5=C1C1=C6C%11=C2C7=C3C8=C4C9=C51,fullerene,26,,,,0.0,0.005859375,0.0,,,,,0,0,50,,,,14.775000000000007,,,,217.30000000000015,600.5500000000002,0.0,0.0,,,,,,,,,156.0,1.0,26,0,,0.0,0.0,0.88,3.5,,,,,
6,space_solar,regression,NB06_spacechem_ai,Pentacene_aug0,c1ccc2cc3cc4cc5ccccc5cc4cc3cc2c1,acene,5,,,,0.732,0.0368330695830581,0.0,,,,,0,0,22,,,,6.257920709648648,,,,96.46600000000004,288.2882830602246,0.0,0.0,,,,,,,,,30.0,1.0,5,0,,-0.01,0.0,0.858,2.8,,,,,
6,space_solar,regression,NB06_spacechem_ai,Pentacene_aug1,c1ccc2cc3cc4cc5ccccc5cc4cc3cc2c1,acene,5,,,,0.182,0.0102386244151805,0.0,,,,,0,0,22,,,,6.462168013075792,,,,96.46600000000004,268.9645122813009,0.0,0.0,,,,,,,,,30.0,0.948252465024609,5,0,,-0.072,0.0,0.861,2.655,,,,,
6,space_solar,regression,NB06_spacechem_ai,Pentacene_aug2,c1ccc2cc3cc4cc5ccccc5cc4cc3cc2c1,acene,5,,,,0.292,0.01,0.0,,,,,0,0,22,,,,6.3936741997785855,,,,96.46600000000004,258.09737759331153,0.0,0.0,,,,,,,,,30.0,1.0,5,0,,-0.045,0.0,0.9,2.699,,,,,
6,space_solar,regression,NB06_spacechem_ai,Pentacene_aug3,c1ccc2cc3cc4cc5ccccc5cc4cc3cc2c1,acene,5,,,,0.608,0.0585299386901787,0.0,,,,,0,0,22,,,,6.332676776912963,,,,96.46600000000004,267.4663455094963,0.0,0.0,,,,,,,,,30.0,0.981948801633118,5,0,,-0.074,0.0,0.844,2.717,,,,,
6,space_solar,regression,NB06_spacechem_ai,Pentacene_aug4,c1ccc2cc3cc4cc5ccccc5cc4cc3cc2c1,acene,5,,,,0.034,0.01,0.0,,,,,0,0,22,,,,5.982086721313233,,,,96.46600000000004,278.0840555052413,0.0,0.0,,,,,,,,,30.0,1.0,5,0,,0.036,0.0,0.875,2.742,,,,,
6,space_solar,regression,NB06_spacechem_ai,Pentacene_aug5,c1ccc2cc3cc4cc5ccccc5cc4cc3cc2c1,acene,5,,,,0.97,0.0154623010882142,0.0085684140594985,,,,,0,0,22,,,,6.35845837076074,,,,96.46600000000004,251.79027902203137,0.0,0.0,,,,,,,,,30.0,0.9965305515283528,5,0,,0.016,0.0,0.892,2.862,,,,,
6,space_solar,regression,NB06_spacechem_ai,Pentacene_aug6,c1ccc2cc3cc4cc5ccccc5cc4cc3cc2c1,acene,5,,,,0.829,0.0137827293916736,0.0,,,,,0,0,22,,,,6.083446737481591,,,,96.46600000000004,248.78356019265144,0.0,0.0,,,,,,,,,30.0,1.0,5,0,,-0.046,0.0,0.877,2.778,,,,,
6,space_solar,regression,NB06_spacechem_ai,Pentacene_aug7,c1ccc2cc3cc4cc5ccccc5cc4cc3cc2c1,acene,5,,,,0.006,0.0153001274829757,0.0465640059558099,,,,,0,0,22,,,,6.482902886652264,,,,96.46600000000004,264.8155599938808,0.0,0.0,,,,,,,,,30.0,0.9748234743033208,5,0,,0.022,0.0,0.881,2.723,,,,,
6,space_solar,regression,NB06_spacechem_ai,Tetracene_aug0,c1ccc2cc3cc4ccccc4cc3cc2c1,acene,4,,,,0.331,0.0486091755714164,0.0,,,,,0,0,18,,,,5.438863538136711,,,,78.96000000000002,234.91926862807125,0.0,0.0,,,,,,,,,24.0,1.0,4,0,,-0.09,0.0,0.773,2.359,,,,,
6,space_solar,regression,NB06_spacechem_ai,Tetracene_aug1,c1ccc2cc3cc4ccccc4cc3cc2c1,acene,4,,,,0.12,0.0527772481162801,0.0769018283232984,,,,,0,0,18,,,,5.447259869367611,,,,78.96000000000002,226.8537975683933,0.0,0.0,,,,,,,,,24.0,0.9989252188267016,4,0,,0.007,0.0,0.813,2.425,,,,,
6,space_solar,regression,NB06_spacechem_ai,Tetracene_aug2,c1ccc2cc3cc4ccccc4cc3cc2c1,acene,4,,,,0.025,0.01,0.0,,,,,0,0,18,,,,5.39277075131257,,,,78.96000000000002,175.8990979182051,0.0,0.0,,,,,,,,,24.0,1.0,4,0,,-0.084,0.0,0.803,2.32,,,,,
6,space_solar,regression,NB06_spacechem_ai,Tetracene_aug3,c1ccc2cc3cc4ccccc4cc3cc2c1,acene,4,,,,0.41,0.0280593971931936,0.0,,,,,0,0,18,,,,5.253333771453527,,,,78.96000000000002,223.90056224324977,0.0,0.0,,,,,,,,,24.0,1.0,4,0,,0.013,0.0,0.784,2.475,,,,,
6,space_solar,regression,NB06_spacechem_ai,Tetracene_aug4,c1ccc2cc3cc4ccccc4cc3cc2c1,acene,4,,,,0.893,0.01,0.0,,,,,0,0,18,,,,5.30018022993401,,,,78.96000000000002,217.6987959246592,0.0,0.0,,,,,,,,,24.0,0.9882367554060352,4,0,,-0.019,0.0,0.797,2.515,,,,,
6,space_solar,regression,NB06_spacechem_ai,Tetracene_aug5,c1ccc2cc3cc4ccccc4cc3cc2c1,acene,4,,,,0.007,0.01,0.0,,,,,0,0,18,,,,5.22451658165397,,,,78.96000000000002,234.2164055412915,0.0,0.0,,,,,,,,,24.0,0.9897185645041968,4,0,,-0.023,0.0,0.758,2.378,,,,,
6,space_solar,regression,NB06_spacechem_ai,Tetracene_aug6,c1ccc2cc3cc4ccccc4cc3cc2c1,acene,4,,,,0.519,0.0209540974910156,0.0,,,,,0,0,18,,,,5.267415257044364,,,,78.96000000000002,225.0682857666798,0.0,0.0,,,,,,,,,24.0,0.9424368635410288,4,0,,0.005,0.0,0.818,2.483,,,,,
6,space_solar,regression,NB06_spacechem_ai,Tetracene_aug7,c1ccc2cc3cc4ccccc4cc3cc2c1,acene,4,,,,0.051,0.01,0.0150773671166806,,,,,0,0,18,,,,5.885172633745589,,,,78.96000000000002,229.49860419882052,0.0,0.0,,,,,,,,,24.0,0.9989586469088428,4,0,,-0.058,0.0,0.795,2.35,,,,,
6,space_solar,regression,NB06_spacechem_ai,Hexacene_aug0,c1ccc2cc3cc4cc5cc6ccccc6cc5cc4cc3cc2c1,acene,6,,,,0.238,0.0652934875161995,0.0,,,,,0,0,26,,,,7.678179909806035,,,,113.97200000000004,351.27045629030044,0.0,0.0,,,,,,,,,36.0,1.0,6,0,,0.009,0.0,0.917,3.045,,,,,
6,space_solar,regression,NB06_spacechem_ai,Hexacene_aug1,c1ccc2cc3cc4cc5cc6ccccc6cc5cc4cc3cc2c1,acene,6,,,,0.041,0.0309562236127036,0.0034281487403013,,,,,0,0,26,,,,7.2827106811191715,,,,113.97200000000004,308.6032734973863,0.0,0.0,,,,,,,,,36.0,0.9681308885882168,6,0,,-0.011,0.0,0.824,2.995,,,,,
6,space_solar,regression,NB06_spacechem_ai,Hexacene_aug2,c1ccc2cc3cc4cc5cc6ccccc6cc5cc4cc3cc2c1,acene,6,,,,0.937,0.01,0.0,,,,,0,0,26,,,,7.917580321505265,,,,113.97200000000004,310.02551531532396,0.0,0.0,,,,,,,,,36.0,1.0,6,0,,-0.079,0.0,0.865,3.061,,,,,
6,space_solar,regression,NB06_spacechem_ai,Hexacene_aug3,c1ccc2cc3cc4cc5cc6ccccc6cc5cc4cc3cc2c1,acene,6,,,,0.53,0.01,0.0390911435888655,,,,,0,0,26,,,,7.844742826284731,,,,113.97200000000004,332.96319869208264,0.0,0.0,,,,,,,,,36.0,0.9628914786736577,6,0,,-0.064,0.0,0.888,3.016,,,,,
6,space_solar,regression,NB06_spacechem_ai,Hexacene_aug4,c1ccc2cc3cc4cc5cc6ccccc6cc5cc4cc3cc2c1,acene,6,,,,0.887,0.01,0.0116126848580501,,,,,0,0,26,,,,7.5416954019699585,,,,113.97200000000004,338.852831312338,0.0,0.0,,,,,,,,,36.0,1.0,6,0,,0.017,0.0,0.867,3.15,,,,,
6,space_solar,regression,NB06_spacechem_ai,Hexacene_aug5,c1ccc2cc3cc4cc5cc6ccccc6cc5cc4cc3cc2c1,acene,6,,,,0.652,0.01,0.0393542301871226,,,,,0,0,26,,,,7.594749876273539,,,,113.97200000000004,365.7294902228951,0.0,0.0,,,,,,,,,36.0,1.0,6,0,,-0.066,0.0,0.854,3.031,,,,,
6,space_solar,regression,NB06_spacechem_ai,Hexacene_aug6,c1ccc2cc3cc4cc5cc6ccccc6cc5cc4cc3cc2c1,acene,6,,,,0.658,0.01,0.0,,,,,0,0,26,,,,7.576434278080953,,,,113.97200000000004,347.68152258488647,0.0,0.0,,,,,,,,,36.0,0.9733145671112344,6,0,,-0.015,0.0,0.876,3.084,,,,,
6,space_solar,regression,NB06_spacechem_ai,Hexacene_aug7,c1ccc2cc3cc4cc5cc6ccccc6cc5cc4cc3cc2c1,acene,6,,,,0.892,0.0758877583317923,0.0726767038578658,,,,,0,0,26,,,,7.554945592444996,,,,113.97200000000004,326.871965811718,0.0,0.0,,,,,,,,,36.0,0.9920602950028612,6,0,,-0.005,0.0,0.888,3.128,,,,,
6,space_solar,regression,NB06_spacechem_ai,Chrysene_aug0,c1ccc2cc3ccccc3cc2c1,PAH,3,,,,0.281,0.0338112598818418,0.0241236207621592,,,,,0,0,14,,,,3.7358527330751174,,,,61.45400000000003,190.7473469553001,0.0,0.0,,,,,,,,,18.0,0.9932961164402244,3,0,,-0.096,0.0,0.753,2.446,,,,,
6,space_solar,regression,NB06_spacechem_ai,Chrysene_aug1,c1ccc2cc3ccccc3cc2c1,PAH,3,,,,0.964,0.0366592258864694,0.0,,,,,0,0,14,,,,3.97115132620294,,,,61.45400000000003,187.69875249147088,0.0,0.0,,,,,,,,,18.0,0.9866045514379894,3,0,,0.028,0.0,0.774,2.672,,,,,
6,space_solar,regression,NB06_spacechem_ai,Chrysene_aug2,c1ccc2cc3ccccc3cc2c1,PAH,3,,,,0.936,0.01,0.0076862552972763,,,,,0,0,14,,,,3.6192783663864057,,,,61.45400000000003,182.51587488260404,0.0,0.0,,,,,,,,,18.0,1.0,3,0,,0.004,0.0,0.772,2.645,,,,,
6,space_solar,regression,NB06_spacechem_ai,Chrysene_aug3,c1ccc2cc3ccccc3cc2c1,PAH,3,,,,0.697,0.0298069690182441,0.0,,,,,0,0,14,,,,4.161235357910472,,,,61.45400000000003,185.3897472069656,0.0,0.0,,,,,,,,,18.0,1.0,3,0,,0.005,0.0,0.753,2.61,,,,,
6,space_solar,regression,NB06_spacechem_ai,Chrysene_aug4,c1ccc2cc3ccccc3cc2c1,PAH,3,,,,0.798,0.0347106344098653,0.0325695625652899,,,,,0,0,14,,,,5.148819447196418,,,,61.45400000000003,188.5349537261209,0.0,0.0,,,,,,,,,18.0,0.9905419226607896,3,0,,-0.003,0.0,0.825,2.617,,,,,
6,space_solar,regression,NB06_spacechem_ai,Chrysene_aug5,c1ccc2cc3ccccc3cc2c1,PAH,3,,,,0.578,0.01,0.0,,,,,0,0,14,,,,3.9219544179779993,,,,61.45400000000003,162.7774957092485,0.0,0.0,,,,,,,,,18.0,1.0,3,0,,-0.095,0.0,0.861,2.492,,,,,
6,space_solar,regression,NB06_spacechem_ai,Chrysene_aug6,c1ccc2cc3ccccc3cc2c1,PAH,3,,,,0.127,0.0238604217916394,0.0339798874467337,,,,,0,0,14,,,,4.319685179090212,,,,61.45400000000003,168.79536268421128,0.0,0.0,,,,,,,,,18.0,0.978089001048486,3,0,,-0.022,0.0,0.761,2.497,,,,,
6,space_solar,regression,NB06_spacechem_ai,Chrysene_aug7,c1ccc2cc3ccccc3cc2c1,PAH,3,,,,0.541,0.0365799166959244,0.0093227157384713,,,,,0,0,14,,,,3.797519895718257,,,,61.45400000000003,179.14543679807622,0.0,0.0,,,,,,,,,18.0,0.9801464060569484,3,0,,-0.004,0.0,0.73,2.577,,,,,
6,space_solar,regression,NB06_spacechem_ai,Pyrene_aug0,c1cc2ccc3cccc4ccc(c1)c2c34,PAH,4,,,,0.025,0.014794350283181,0.043287759708506,,,,,0,0,16,,,,4.549579067559932,,,,70.14600000000003,186.40558523134595,0.0,0.0,,,,,,,,,24.0,0.9639911077883268,4,0,,0.044,0.0,0.806,2.648,,,,,
6,space_solar,regression,NB06_spacechem_ai,Pyrene_aug1,c1cc2ccc3cccc4ccc(c1)c2c34,PAH,4,,,,0.549,0.0421336802110229,0.0458930973527388,,,,,0,0,16,,,,4.388001230227888,,,,70.14600000000003,192.75709377678083,0.0,0.0,,,,,,,,,24.0,1.0,4,0,,0.007,0.0,0.763,2.69,,,,,
6,space_solar,regression,NB06_spacechem_ai,Pyrene_aug2,c1cc2ccc3cccc4ccc(c1)c2c34,PAH,4,,,,0.356,0.020293867878764,0.0387317026714668,,,,,0,0,16,,,,4.438729778140127,,,,70.14600000000003,171.8686006809197,0.0,0.0,,,,,,,,,24.0,0.9721920858526576,4,0,,0.014,0.0,0.81,2.667,,,,,
6,space_solar,regression,NB06_spacechem_ai,Pyrene_aug3,c1cc2ccc3cccc4ccc(c1)c2c34,PAH,4,,,,0.173,0.0240991865457218,0.0,,,,,0,0,16,,,,4.276683707599715,,,,70.14600000000003,137.43065319861853,0.0,0.0,,,,,,,,,24.0,0.9867986653990904,4,0,,-0.035,0.0,0.842,2.591,,,,,
6,space_solar,regression,NB06_spacechem_ai,Pyrene_aug4,c1cc2ccc3cccc4ccc(c1)c2c34,PAH,4,,,,0.503,0.01,0.0231051737131635,,,,,0,0,16,,,,4.153241354646171,,,,70.14600000000003,231.0814657813223,0.0,0.0,,,,,,,,,24.0,1.0,4,0,,0.028,0.0,0.771,2.704,,,,,
6,space_solar,regression,NB06_spacechem_ai,Pyrene_aug5,c1cc2ccc3cccc4ccc(c1)c2c34,PAH,4,,,,0.94,0.01,0.0,,,,,0,0,16,,,,4.468405920941474,,,,70.14600000000003,203.65204169980035,0.0,0.0,,,,,,,,,24.0,1.0,4,0,,-0.014,0.0,0.856,2.727,,,,,
6,space_solar,regression,NB06_spacechem_ai,Pyrene_aug6,c1cc2ccc3cccc4ccc(c1)c2c34,PAH,4,,,,0.961,0.0116243563068233,0.0,,,,,0,0,16,,,,4.760495161945375,,,,70.14600000000003,199.2202980992883,0.0,0.0,,,,,,,,,24.0,0.9937563324892816,4,0,,0.036,0.0,0.818,2.78,,,,,
6,space_solar,regression,NB06_spacechem_ai,Pyrene_aug7,c1cc2ccc3cccc4ccc(c1)c2c34,PAH,4,,,,0.118,0.0340769518384722,0.0153649760438304,,,,,0,0,16,,,,4.83888062910631,,,,70.14600000000003,190.46870486111575,0.0,0.0,,,,,,,,,24.0,1.0,4,0,,0.005,0.0,0.819,2.622,,,,,
6,space_solar,regression,NB06_spacechem_ai,Triphenylene_aug0,c1ccc2cc3ccccc3cc2c1,PAH,3,,,,0.751,0.01,0.0058663691654391,,,,,0,0,14,,,,3.8249456879409114,,,,61.45400000000003,161.6540997815585,0.0,0.0,,,,,,,,,18.0,1.0,3,0,,0.021,0.0,0.824,2.934,,,,,
6,space_solar,regression,NB06_spacechem_ai,Triphenylene_aug1,c1ccc2cc3ccccc3cc2c1,PAH,3,,,,0.858,0.0199513268326551,0.0406754818000319,,,,,0,0,14,,,,3.9323422042698337,,,,61.45400000000003,189.1759476234007,0.0,0.0,,,,,,,,,18.0,1.0,3,0,,-0.036,0.0,0.852,2.893,,,,,
6,space_solar,regression,NB06_spacechem_ai,Triphenylene_aug2,c1ccc2cc3ccccc3cc2c1,PAH,3,,,,0.389,0.0314343905087382,0.0,,,,,0,0,14,,,,3.899919973021966,,,,61.45400000000003,191.87305942589924,0.0,0.0,,,,,,,,,18.0,1.0,3,0,,-0.098,0.0,0.828,2.76,,,,,
6,space_solar,regression,NB06_spacechem_ai,Triphenylene_aug3,c1ccc2cc3ccccc3cc2c1,PAH,3,,,,0.293,0.0320981601852856,0.0395831346981467,,,,,0,0,14,,,,4.62071618270564,,,,61.45400000000003,161.8695863353305,0.0,0.0,,,,,,,,,18.0,1.0,3,0,,-0.051,0.0,0.851,2.793,,,,,
6,space_solar,regression,NB06_spacechem_ai,Triphenylene_aug4,c1ccc2cc3ccccc3cc2c1,PAH,3,,,,0.058,0.0131035331669401,0.0,,,,,0,0,14,,,,3.7238236885542526,,,,61.45400000000003,177.98906454306166,0.0,0.0,,,,,,,,,18.0,0.9752350840962246,3,0,,-0.018,0.0,0.84,2.791,,,,,
6,space_solar,regression,NB06_spacechem_ai,Triphenylene_aug5,c1ccc2cc3ccccc3cc2c1,PAH,3,,,,0.618,0.0241722487471527,0.0,,,,,0,0,14,,,,3.8238826341588097,,,,61.45400000000003,186.49262908551245,0.0,0.0,,,,,,,,,18.0,0.9858688508314504,3,0,,-0.085,0.0,0.83,2.808,,,,,
6,space_solar,regression,NB06_spacechem_ai,Triphenylene_aug6,c1ccc2cc3ccccc3cc2c1,PAH,3,,,,0.813,0.049038374338991,0.0,,,,,0,0,14,,,,3.5707608676870355,,,,61.45400000000003,149.27231317005348,0.0,0.0,,,,,,,,,18.0,1.0,3,0,,0.042,0.0,0.805,2.964,,,,,
6,space_solar,regression,NB06_spacechem_ai,Triphenylene_aug7,c1ccc2cc3ccccc3cc2c1,PAH,3,,,,0.111,0.01,0.0,,,,,0,0,14,,,,3.945018441010974,,,,61.45400000000003,195.3871924640403,0.0,0.0,,,,,,,,,18.0,1.0,3,0,,-0.026,0.0,0.812,2.791,,,,,
6,space_solar,regression,NB06_spacechem_ai,Fluorene_aug0,c1ccc2c(c1)Cc1ccccc1-2,PAH,2,,,,0.962,0.0275955980156358,0.0568620533287851,,,,,0,0,13,,,,3.7176216739007746,,,,54.684000000000026,176.60993028482343,0.0,0.0,,,,,,,,,16.0,0.9297996975312356,3,0,,-0.044,0.0,0.74,2.101,,,,,
6,space_solar,regression,NB06_spacechem_ai,Fluorene_aug1,c1ccc2c(c1)Cc1ccccc1-2,PAH,2,,,,0.969,0.011996798742239,0.1248866182273372,,,,,0,0,13,,,,3.0258970648433614,,,,54.684000000000026,168.1765219709766,0.0,0.0,,,,,,,,,16.0,0.9876723968022698,3,0,,-0.022,0.0,0.763,2.124,,,,,
6,space_solar,regression,NB06_spacechem_ai,Fluorene_aug2,c1ccc2c(c1)Cc1ccccc1-2,PAH,2,,,,0.045,0.0153558970911195,0.0365081626553193,,,,,0,0,13,,,,3.312802601721507,,,,54.684000000000026,183.66941273441356,0.0,0.0,,,,,,,,,16.0,0.8978852678114998,3,0,,-0.058,0.0,0.767,1.949,,,,,
6,space_solar,regression,NB06_spacechem_ai,Fluorene_aug3,c1ccc2c(c1)Cc1ccccc1-2,PAH,2,,,,0.584,0.0158056768867519,0.1707316188838712,,,,,0,0,13,,,,3.100073493495773,,,,54.684000000000026,123.74508551380384,0.0,0.0,,,,,,,,,16.0,0.9515896382225046,3,0,,-0.088,0.0,0.722,1.999,,,,,
6,space_solar,regression,NB06_spacechem_ai,Fluorene_aug4,c1ccc2c(c1)Cc1ccccc1-2,PAH,2,,,,0.911,0.0179602369579059,0.1684960152157946,,,,,0,0,13,,,,3.405375751451953,,,,54.684000000000026,148.25470657303282,0.0,0.0,,,,,,,,,16.0,0.9584601266985616,3,0,,0.023,0.0,0.679,2.16,,,,,
6,space_solar,regression,NB06_spacechem_ai,Fluorene_aug5,c1ccc2c(c1)Cc1ccccc1-2,PAH,2,,,,0.97,0.0153562495409245,0.13881389252175,,,,,0,0,13,,,,3.663961712249625,,,,54.684000000000026,131.96030941818242,0.0,0.0,,,,,,,,,16.0,0.8752440933130922,3,0,,0.026,0.0,0.716,2.172,,,,,
6,space_solar,regression,NB06_spacechem_ai,Fluorene_aug6,c1ccc2c(c1)Cc1ccccc1-2,PAH,2,,,,0.769,0.0244961602995741,0.1080655735404518,,,,,0,0,13,,,,3.271894178129424,,,,54.684000000000026,166.32787399436364,0.0,0.0,,,,,,,,,16.0,0.8910483101954453,3,0,,0.042,0.0,0.702,2.157,,,,,
6,space_solar,regression,NB06_spacechem_ai,Fluorene_aug7,c1ccc2c(c1)Cc1ccccc1-2,PAH,2,,,,0.229,0.0123740192688689,0.1408069180180023,,,,,0,0,13,,,,3.412131650217626,,,,54.684000000000026,168.62891263423796,0.0,0.0,,,,,,,,,16.0,0.9330463434363108,3,0,,0.001,0.0,0.659,2.035,,,,,
6,space_solar,regression,NB06_spacechem_ai,Coronene_aug0,c1cc2ccc3ccc4ccc5ccc6ccc1c1c2c3c4c5c61,PAH,7,,,,0.52,0.0350564190190871,0.0877670421221602,,,,,0,0,24,,,,6.953902390287859,,,,105.03600000000009,331.38303951045054,0.0,0.0,,,,,,,,,42.0,0.9925310755456278,7,0,,0.028,0.0,0.972,3.706,,,,,
6,space_solar,regression,NB06_spacechem_ai,Coronene_aug1,c1cc2ccc3ccc4ccc5ccc6ccc1c1c2c3c4c5c61,PAH,7,,,,0.704,0.01,0.0,,,,,0,0,24,,,,7.329789467259706,,,,105.03600000000009,313.267518991703,0.0,0.0,,,,,,,,,42.0,0.9645022446200268,7,0,,-0.068,0.0,0.946,3.638,,,,,
6,space_solar,regression,NB06_spacechem_ai,Coronene_aug2,c1cc2ccc3ccc4ccc5ccc6ccc1c1c2c3c4c5c61,PAH,7,,,,0.514,0.0145140460220676,0.0,,,,,0,0,24,,,,7.13446267673879,,,,105.03600000000009,294.9718633111089,0.0,0.0,,,,,,,,,42.0,0.9488985268193454,7,0,,0.018,0.0,0.959,3.695,,,,,
6,space_solar,regression,NB06_spacechem_ai,Coronene_aug3,c1cc2ccc3ccc4ccc5ccc6ccc1c1c2c3c4c5c61,PAH,7,,,,0.493,0.01,0.0334836274415019,,,,,0,0,24,,,,6.909391575571774,,,,105.03600000000009,308.0413089787862,0.0,0.0,,,,,,,,,42.0,1.0,7,0,,-0.051,0.0,0.871,3.623,,,,,
6,space_solar,regression,NB06_spacechem_ai,Coronene_aug4,c1cc2ccc3ccc4ccc5ccc6ccc1c1c2c3c4c5c61,PAH,7,,,,0.897,0.01,0.0252023257758922,,,,,0,0,24,,,,6.601435943433317,,,,105.03600000000009,290.0826616532662,0.0,0.0,,,,,,,,,42.0,0.9840922714488268,7,0,,-0.029,0.0,0.888,3.706,,,,,
6,space_solar,regression,NB06_spacechem_ai,Coronene_aug5,c1cc2ccc3ccc4ccc5ccc6ccc1c1c2c3c4c5c61,PAH,7,,,,0.206,0.0199045982146844,0.0017631775985864,,,,,0,0,24,,,,6.60862730327419,,,,105.03600000000009,298.2193928009089,0.0,0.0,,,,,,,,,42.0,0.9790082347602224,7,0,,-0.045,0.0,0.963,3.586,,,,,
6,space_solar,regression,NB06_spacechem_ai,Coronene_aug6,c1cc2ccc3ccc4ccc5ccc6ccc1c1c2c3c4c5c61,PAH,7,,,,0.806,0.01,0.0,,,,,0,0,24,,,,6.852909120140035,,,,105.03600000000009,298.11343900618346,0.0,0.0,,,,,,,,,42.0,0.9917484490854508,7,0,,0.012,0.0,0.9,3.733,,,,,
6,space_solar,regression,NB06_spacechem_ai,Coronene_aug7,c1cc2ccc3ccc4ccc5ccc6ccc1c1c2c3c4c5c61,PAH,7,,,,0.463,0.0380164982286915,0.0155625077271768,,,,,0,0,24,,,,7.329262280233359,,,,105.03600000000009,270.056178756029,0.0,0.0,,,,,,,,,42.0,1.0,7,0,,0.012,0.0,0.927,3.682,,,,,
6,space_solar,regression,NB06_spacechem_ai,Perylene_aug0,C1=C2C=CC=CC2=C2C=CC=CC2=C2C=CC=CC12,rylene,2,,,,0.533,0.0311034149277121,0.0,,,,,0,0,19,,,,2.373917867819874,,,,79.44900000000001,239.7626481703847,0.0,0.0,,,,,,,,,20.0,0.6121817608411452,4,0,,-0.064,0.0,0.828,3.016,,,,,
6,space_solar,regression,NB06_spacechem_ai,Perylene_aug1,C1=C2C=CC=CC2=C2C=CC=CC2=C2C=CC=CC12,rylene,2,,,,0.789,0.0635125758736931,0.0095673688809552,,,,,0,0,19,,,,2.9250719270848364,,,,79.44900000000001,276.0638327014513,0.0,0.0,,,,,,,,,20.0,0.6772726696865108,4,0,,-0.025,0.0,0.858,3.093,,,,,
6,space_solar,regression,NB06_spacechem_ai,Perylene_aug2,C1=C2C=CC=CC2=C2C=CC=CC2=C2C=CC=CC12,rylene,2,,,,0.284,0.0639937597338114,0.1481024109708749,,,,,0,0,19,,,,2.603478396574918,,,,79.44900000000001,221.57607691347087,0.0,0.0,,,,,,,,,20.0,0.5896219201538467,4,0,,-0.046,0.0,0.873,2.997,,,,,
6,space_solar,regression,NB06_spacechem_ai,Perylene_aug3,C1=C2C=CC=CC2=C2C=CC=CC2=C2C=CC=CC12,rylene,2,,,,0.187,0.0517296128110172,0.0110840731268165,,,,,0,0,19,,,,2.514442384870593,,,,79.44900000000001,229.30814861756343,0.0,0.0,,,,,,,,,20.0,0.6396926521418161,4,0,,-0.057,0.0,0.845,2.971,,,,,
6,space_solar,regression,NB06_spacechem_ai,Perylene_aug4,C1=C2C=CC=CC2=C2C=CC=CC2=C2C=CC=CC12,rylene,2,,,,0.969,0.0331832701040289,0.0904011402386562,,,,,0,0,19,,,,2.388310901387522,,,,79.44900000000001,237.5420390626718,0.0,0.0,,,,,,,,,20.0,0.6466064629971524,4,0,,0.03,0.0,0.842,3.175,,,,,
6,space_solar,regression,NB06_spacechem_ai,Perylene_aug5,C1=C2C=CC=CC2=C2C=CC=CC2=C2C=CC=CC12,rylene,2,,,,0.572,0.0166367329867096,0.0811615123770263,,,,,0,0,19,,,,2.885996137011538,,,,79.44900000000001,244.30764610858452,0.0,0.0,,,,,,,,,20.0,0.6086811726721455,4,0,,-0.058,0.0,0.832,3.028,,,,,
6,space_solar,regression,NB06_spacechem_ai,Perylene_aug6,C1=C2C=CC=CC2=C2C=CC=CC2=C2C=CC=CC12,rylene,2,,,,0.115,0.0285140510047508,0.0,,,,,0,0,19,,,,2.675005483998416,,,,79.44900000000001,209.7701512423367,0.0,0.0,,,,,,,,,20.0,0.6295965534090016,4,0,,-0.008,0.0,0.861,3.009,,,,,
6,space_solar,regression,NB06_spacechem_ai,Perylene_aug7,C1=C2C=CC=CC2=C2C=CC=CC2=C2C=CC=CC12,rylene,2,,,,0.337,0.0301402379068476,0.0237869854712109,,,,,0,0,19,,,,2.6747996013949256,,,,79.44900000000001,229.28427784395683,0.0,0.0,,,,,,,,,20.0,0.6566497107303753,4,0,,-0.08,0.0,0.877,2.971,,,,,
6,space_solar,regression,NB06_spacechem_ai,P3HT_unit_aug0,CCCCCCc1ccc(s1),donor,1,,,,0.472,0.0347952962656835,0.5898477306978503,,,,,1,0,11,,,,4.3033705861973734,,,,52.16500000000004,178.90108355830566,0.0,0.0,,,,,,,,,6.0,0.4656798307465938,1,5,,-0.038,0.0,0.737,2.133,,,,,
6,space_solar,regression,NB06_spacechem_ai,P3HT_unit_aug1,CCCCCCc1ccc(s1),donor,1,,,,0.574,0.0382238362436075,0.5794061516938767,,,,,1,0,11,,,,3.8241968293823794,,,,52.16500000000004,170.036795749458,0.0,0.0,,,,,,,,,6.0,0.4399172678232797,1,5,,0.026,0.0,0.732,2.212,,,,,
6,space_solar,regression,NB06_spacechem_ai,P3HT_unit_aug2,CCCCCCc1ccc(s1),donor,1,,,,0.665,0.0387134925395689,0.583698823391608,,,,,1,0,11,,,,3.744604655753924,,,,52.16500000000004,176.19404284756595,0.0,0.0,,,,,,,,,6.0,0.4905818722103728,1,5,,-0.022,0.0,0.749,2.178,,,,,
6,space_solar,regression,NB06_spacechem_ai,P3HT_unit_aug3,CCCCCCc1ccc(s1),donor,1,,,,0.463,0.0424929894238227,0.6838218656137641,,,,,1,0,11,,,,3.568474106724782,,,,52.16500000000004,127.54250929644292,0.0,0.0,,,,,,,,,6.0,0.4643532757583794,1,5,,-0.055,0.0,0.72,2.115,,,,,
6,space_solar,regression,NB06_spacechem_ai,P3HT_unit_aug4,CCCCCCc1ccc(s1),donor,1,,,,0.906,0.0385692417219839,0.6571877021603464,,,,,1,0,11,,,,3.2075594072976377,,,,52.16500000000004,184.8931116236698,0.0,0.0,,,,,,,,,6.0,0.4647003467702869,1,5,,-0.006,0.0,0.684,2.23,,,,,
6,space_solar,regression,NB06_spacechem_ai,P3HT_unit_aug5,CCCCCCc1ccc(s1),donor,1,,,,0.894,0.0297533234818226,0.5575077815267604,,,,,1,0,11,,,,4.552107857341322,,,,52.16500000000004,180.9606373221257,0.0,0.0,,,,,,,,,6.0,0.4794555290417819,1,5,,0.018,0.0,0.714,2.252,,,,,
6,space_solar,regression,NB06_spacechem_ai,P3HT_unit_aug6,CCCCCCc1ccc(s1),donor,1,,,,0.762,0.0272997256843538,0.5744991800572626,,,,,1,0,11,,,,3.727602765970469,,,,52.16500000000004,169.73632474438784,0.0,0.0,,,,,,,,,6.0,0.4464492064866533,1,5,,0.032,0.0,0.756,2.246,,,,,
6,space_solar,regression,NB06_spacechem_ai,P3HT_unit_aug7,CCCCCCc1ccc(s1),donor,1,,,,0.229,0.0844109162511613,0.6677818929402475,,,,,1,0,11,,,,3.984090147913459,,,,52.16500000000004,159.41913479847778,0.0,0.0,,,,,,,,,6.0,0.4669485016421655,1,5,,0.008,0.0,0.741,2.143,,,,,
6,space_solar,regression,NB06_spacechem_ai,DPP_core_aug0,O=C1c2ccccc2C(=O)N1c1ccccc1,donor,2,,,,0.182,0.0359976815817909,0.0748022155744591,,,,,2,0,17,,,,2.1138035890065754,,,,64.02400000000003,207.75521601792855,0.0,3.0,,,,,,,,,16.0,0.7255133226317982,3,1,,0.036,37.38,0.73,2.464,,,,,
6,space_solar,regression,NB06_spacechem_ai,DPP_core_aug1,O=C1c2ccccc2C(=O)N1c1ccccc1,donor,2,,,,0.506,0.0415870554855826,0.0362883311949345,,,,,2,0,17,,,,2.149553285810488,,,,64.02400000000003,228.8303725263964,0.0,3.0,,,,,,,,,16.0,0.7203126298932779,3,1,,-0.008,37.38,0.793,2.468,,,,,
6,space_solar,regression,NB06_spacechem_ai,DPP_core_aug2,O=C1c2ccccc2C(=O)N1c1ccccc1,donor,2,,,,0.576,0.034593636598007,0.0,,,,,2,0,17,,,,2.628640507140799,,,,64.02400000000003,207.42151089109376,0.0,3.0,,,,,,,,,16.0,0.6761942083334191,3,1,,-0.009,37.38,0.839,2.477,,,,,
6,space_solar,regression,NB06_spacechem_ai,DPP_core_aug3,O=C1c2ccccc2C(=O)N1c1ccccc1,donor,2,,,,0.591,0.01,0.0,,,,,2,0,17,,,,2.815457455541285,,,,64.02400000000003,224.34549824577388,0.0,3.0,,,,,,,,,16.0,0.6755192216833715,3,1,,-0.04,37.38,0.787,2.449,,,,,
6,space_solar,regression,NB06_spacechem_ai,DPP_core_aug4,O=C1c2ccccc2C(=O)N1c1ccccc1,donor,2,,,,0.346,0.01,0.0834510762644696,,,,,2,0,17,,,,2.509195390156522,,,,64.02400000000003,239.69441167923827,0.0,3.0,,,,,,,,,16.0,0.6980946124002684,3,1,,-0.048,37.38,0.777,2.404,,,,,
6,space_solar,regression,NB06_spacechem_ai,DPP_core_aug5,O=C1c2ccccc2C(=O)N1c1ccccc1,donor,2,,,,0.498,0.0596406755909551,0.0348103182406709,,,,,2,0,17,,,,2.4053829290756994,,,,64.02400000000003,218.3161387182811,0.0,3.0,,,,,,,,,16.0,0.7613510357895369,3,1,,-0.037,37.38,0.783,2.438,,,,,
6,space_solar,regression,NB06_spacechem_ai,DPP_core_aug6,O=C1c2ccccc2C(=O)N1c1ccccc1,donor,2,,,,0.085,0.0366268732577999,0.0029609217007244,,,,,2,0,17,,,,2.1552422273774994,,,,64.02400000000003,217.8532261889034,0.0,3.0,,,,,,,,,16.0,0.7063002316985649,3,1,,0.05,37.38,0.859,2.462,,,,,
6,space_solar,regression,NB06_spacechem_ai,DPP_core_aug7,O=C1c2ccccc2C(=O)N1c1ccccc1,donor,2,,,,0.205,0.0392379795538379,0.0,,,,,2,0,17,,,,2.4438918764228177,,,,64.02400000000003,227.1926952153571,0.0,3.0,,,,,,,,,16.0,0.6844969794608616,3,1,,-0.071,37.38,0.783,2.359,,,,,
6,space_solar,regression,NB06_spacechem_ai,Carbazole_aug0,c1ccc2[nH]c3ccccc3c2c1,donor,3,,,,0.524,0.0179618076800841,0.0,,,,,0,1,13,,,,3.772297896574808,,,,55.80470000000002,162.11145565158287,1.0,1.0,,,,,,,,,18.0,0.9897193721775897,3,0,,-0.034,15.79,0.778,2.245,,,,,
6,space_solar,regression,NB06_spacechem_ai,Carbazole_aug1,c1ccc2[nH]c3ccccc3c2c1,donor,3,,,,0.644,0.01,0.0635777547497079,,,,,0,1,13,,,,3.0877549937227387,,,,55.80470000000002,139.06076610564355,1.0,1.0,,,,,,,,,18.0,1.0,3,0,,-0.039,15.79,0.771,2.258,,,,,
6,space_solar,regression,NB06_spacechem_ai,Carbazole_aug2,c1ccc2[nH]c3ccccc3c2c1,donor,3,,,,0.653,0.0342758912297207,0.0,,,,,0,1,13,,,,3.467912368368377,,,,55.80470000000002,156.7205946744045,1.0,1.0,,,,,,,,,18.0,1.0,3,0,,-0.064,15.79,0.736,2.234,,,,,
6,space_solar,regression,NB06_spacechem_ai,Carbazole_aug3,c1ccc2[nH]c3ccccc3c2c1,donor,3,,,,0.668,0.01,0.0,,,,,0,1,13,,,,3.668898941009276,,,,55.80470000000002,159.99167668361838,1.0,1.0,,,,,,,,,18.0,1.0,3,0,,-0.069,15.79,0.761,2.231,,,,,
6,space_solar,regression,NB06_spacechem_ai,Carbazole_aug4,c1ccc2[nH]c3ccccc3c2c1,donor,3,,,,0.817,0.0375108240269127,0.0,,,,,0,1,13,,,,3.2656293590671046,,,,55.80470000000002,185.691540384138,1.0,1.0,,,,,,,,,18.0,0.9533011247942828,3,0,,-0.049,15.79,0.725,2.274,,,,,
6,space_solar,regression,NB06_spacechem_ai,Carbazole_aug5,c1ccc2[nH]c3ccccc3c2c1,donor,3,,,,0.552,0.0333733472870414,0.0,,,,,0,1,13,,,,3.8475382545953103,,,,55.80470000000002,141.60241295007432,1.0,1.0,,,,,,,,,18.0,0.9836524273957316,3,0,,-0.035,15.79,0.747,2.248,,,,,
6,space_solar,regression,NB06_spacechem_ai,Carbazole_aug6,c1ccc2[nH]c3ccccc3c2c1,donor,3,,,,0.895,0.01,0.0,,,,,0,1,13,,,,3.6520905646049577,,,,55.80470000000002,166.458305951503,1.0,1.0,,,,,,,,,18.0,1.0,3,0,,0.02,15.79,0.737,2.354,,,,,
6,space_solar,regression,NB06_spacechem_ai,Carbazole_aug7,c1ccc2[nH]c3ccccc3c2c1,donor,3,,,,0.139,0.01,0.0173790852680835,,,,,0,1,13,,,,3.5440792282068156,,,,55.80470000000002,140.24729155788572,1.0,1.0,,,,,,,,,18.0,0.9838072095907192,3,0,,0.025,15.79,0.733,2.246,,,,,
6,space_solar,regression,NB06_spacechem_ai,BTR_unit_aug0,c1cc2c(s1)-c1sccc1-2,donor,2,,,,0.274,0.0450444446789102,0.0236298741206521,,,,,2,0,10,,,,3.1634881667154913,,,,46.626000000000005,168.17090510195362,0.0,0.0,,,,,,,,,16.0,1.0,3,0,,-0.017,0.0,0.796,2.324,,,,,
6,space_solar,regression,NB06_spacechem_ai,BTR_unit_aug1,c1cc2c(s1)-c1sccc1-2,donor,2,,,,0.175,0.0259124460042166,0.0,,,,,2,0,10,,,,3.76131101950544,,,,46.626000000000005,197.56348888925152,0.0,0.0,,,,,,,,,16.0,0.9812554426691296,3,0,,0.037,0.0,0.708,2.363,,,,,
6,space_solar,regression,NB06_spacechem_ai,BTR_unit_aug2,c1cc2c(s1)-c1sccc1-2,donor,2,,,,0.083,0.01,0.0,,,,,2,0,10,,,,3.239276856053961,,,,46.626000000000005,174.6071804093825,0.0,0.0,,,,,,,,,16.0,0.9723030026166728,3,0,,-0.01,0.0,0.743,2.303,,,,,
6,space_solar,regression,NB06_spacechem_ai,BTR_unit_aug3,c1cc2c(s1)-c1sccc1-2,donor,2,,,,0.566,0.0393968225881798,0.0092418061847436,,,,,2,0,10,,,,3.7730925389823526,,,,46.626000000000005,144.73653494045334,0.0,0.0,,,,,,,,,16.0,0.9742492665945636,3,0,,-0.029,0.0,0.786,2.356,,,,,
6,space_solar,regression,NB06_spacechem_ai,BTR_unit_aug4,c1cc2c(s1)-c1sccc1-2,donor,2,,,,0.496,0.0608066377127102,0.0,,,,,2,0,10,,,,3.493602944393609,,,,46.626000000000005,152.74124347524452,0.0,0.0,,,,,,,,,16.0,0.9989503452850912,3,0,,-0.01,0.0,0.804,2.364,,,,,
6,space_solar,regression,NB06_spacechem_ai,BTR_unit_aug5,c1cc2c(s1)-c1sccc1-2,donor,2,,,,0.246,0.01,0.0486277224813365,,,,,2,0,10,,,,4.000734567399079,,,,46.626000000000005,151.71465884424464,0.0,0.0,,,,,,,,,16.0,1.0,3,0,,0.023,0.0,0.784,2.36,,,,,
6,space_solar,regression,NB06_spacechem_ai,BTR_unit_aug6,c1cc2c(s1)-c1sccc1-2,donor,2,,,,0.917,0.01,0.0310336048775339,,,,,2,0,10,,,,3.382744409334549,,,,46.626000000000005,149.7112564835026,0.0,0.0,,,,,,,,,16.0,1.0,3,0,,-0.079,0.0,0.776,2.358,,,,,
6,space_solar,regression,NB06_spacechem_ai,BTR_unit_aug7,c1cc2c(s1)-c1sccc1-2,donor,2,,,,0.807,0.01,0.0229590039614218,,,,,2,0,10,,,,3.640175723585147,,,,46.626000000000005,171.85795702011924,0.0,0.0,,,,,,,,,16.0,0.9978950286562406,3,0,,-0.001,0.0,0.801,2.42,,,,,
6,space_solar,regression,NB06_spacechem_ai,PDI_core_aug0,O=C1c2cccc3cccc4cccc(c2c3c14)C(=O)N1CCCCC1,PDI,0,,,,0.181,0.0839425139474524,0.2700489470144712,,,,,2,0,26,,,,3.7257063061489353,,,,101.15900000000002,350.00236438265193,0.0,3.0,,,,,,,,,20.0,0.0,5,1,,-0.015,37.38,0.891,3.812,,,,,
6,space_solar,regression,NB06_spacechem_ai,PDI_core_aug1,O=C1c2cccc3cccc4cccc(c2c3c14)C(=O)N1CCCCC1,PDI,0,,,,0.319,0.0641290575306272,0.1942775399125739,,,,,2,0,26,,,,3.672326841848726,,,,101.15900000000002,341.9763675226094,0.0,3.0,,,,,,,,,20.0,0.0,5,1,,0.024,37.38,0.929,3.872,,,,,
6,space_solar,regression,NB06_spacechem_ai,PDI_core_aug2,O=C1c2cccc3cccc4cccc(c2c3c14)C(=O)N1CCCCC1,PDI,0,,,,0.34,0.0742435955302315,0.1954047514341173,,,,,2,0,26,,,,3.519775413500959,,,,101.15900000000002,345.85267543267446,0.0,3.0,,,,,,,,,20.0,0.0434093365306119,5,1,,0.009,37.38,0.921,3.86,,,,,
6,space_solar,regression,NB06_spacechem_ai,PDI_core_aug3,O=C1c2cccc3cccc4cccc(c2c3c14)C(=O)N1CCCCC1,PDI,0,,,,0.886,0.0984994488037116,0.2706653231010936,,,,,2,0,26,,,,3.2177318880889105,,,,101.15900000000002,362.04689078937287,0.0,3.0,,,,,,,,,20.0,0.0,5,1,,-0.008,37.38,0.94,3.925,,,,,
6,space_solar,regression,NB06_spacechem_ai,PDI_core_aug4,O=C1c2cccc3cccc4cccc(c2c3c14)C(=O)N1CCCCC1,PDI,0,,,,0.874,0.0598552994569346,0.2900605282037111,,,,,2,0,26,,,,3.5545484318681044,,,,101.15900000000002,387.3879624723852,0.0,3.0,,,,,,,,,20.0,0.0473871643719213,5,1,,0.048,37.38,0.924,3.979,,,,,
6,space_solar,regression,NB06_spacechem_ai,PDI_core_aug5,O=C1c2cccc3cccc4cccc(c2c3c14)C(=O)N1CCCCC1,PDI,0,,,,0.355,0.0749967946507304,0.1790014260926196,,,,,2,0,26,,,,3.57886461734185,,,,101.15900000000002,333.00626365808307,0.0,3.0,,,,,,,,,20.0,0.0,5,1,,-0.057,37.38,0.897,3.796,,,,,
6,space_solar,regression,NB06_spacechem_ai,PDI_core_aug6,O=C1c2cccc3cccc4cccc(c2c3c14)C(=O)N1CCCCC1,PDI,0,,,,0.218,0.083808889843332,0.2066918621365506,,,,,2,0,26,,,,3.363893787778365,,,,101.15900000000002,372.42000985628175,0.0,3.0,,,,,,,,,20.0,0.0,5,1,,0.042,37.38,0.954,3.875,,,,,
6,space_solar,regression,NB06_spacechem_ai,PDI_core_aug7,O=C1c2cccc3cccc4cccc(c2c3c14)C(=O)N1CCCCC1,PDI,0,,,,0.991,0.1194185027982178,0.2420138675482335,,,,,2,0,26,,,,3.778122923855217,,,,101.15900000000002,318.9555595687542,0.0,3.0,,,,,,,,,20.0,0.0086750593172345,5,1,,-0.065,37.38,0.945,3.883,,,,,
6,space_solar,regression,NB06_spacechem_ai,IT4F_core_aug0,O=C1C(=Cc2sc3c(c2)c2c(cc3)CCCC2)c2ccc(F)c(F)c2C1=O,NFA,3,,,,0.22,0.0803819491250104,0.2412690083735594,,,,,3,0,27,,,,5.2050009134994575,,,,102.03350000000006,367.6602003149737,0.0,2.0,,,,,,,,,26.0,0.5981706829952512,5,1,,-0.072,34.14,0.915,4.061,,,,,
6,space_solar,regression,NB06_spacechem_ai,IT4F_core_aug1,O=C1C(=Cc2sc3c(c2)c2c(cc3)CCCC2)c2ccc(F)c(F)c2C1=O,NFA,3,,,,0.816,0.1277144284619104,0.1060309760683202,,,,,3,0,27,,,,5.505724666915924,,,,102.03350000000006,363.76788853791544,0.0,2.0,,,,,,,,,26.0,0.6019807115954574,5,1,,-0.066,34.14,0.952,4.156,,,,,
6,space_solar,regression,NB06_spacechem_ai,IT4F_core_aug2,O=C1C(=Cc2sc3c(c2)c2c(cc3)CCCC2)c2ccc(F)c(F)c2C1=O,NFA,3,,,,0.889,0.132000965775327,0.198541021317533,,,,,3,0,27,,,,5.247989532019208,,,,102.03350000000006,368.1592261903123,0.0,2.0,,,,,,,,,26.0,0.5753118837357405,5,1,,0.043,34.14,0.956,4.277,,,,,
6,space_solar,regression,NB06_spacechem_ai,IT4F_core_aug3,O=C1C(=Cc2sc3c(c2)c2c(cc3)CCCC2)c2ccc(F)c(F)c2C1=O,NFA,3,,,,0.373,0.0962726340327779,0.2715460749940712,,,,,3,0,27,,,,5.124810826638466,,,,102.03350000000006,376.87605545011905,0.0,2.0,,,,,,,,,26.0,0.5400272165844704,5,1,,-0.061,34.14,0.936,4.095,,,,,
6,space_solar,regression,NB06_spacechem_ai,IT4F_core_aug4,O=C1C(=Cc2sc3c(c2)c2c(cc3)CCCC2)c2ccc(F)c(F)c2C1=O,NFA,3,,,,0.481,0.1287310215147206,0.2340262256716354,,,,,3,0,27,,,,5.720817982034428,,,,102.03350000000006,380.086542078545,0.0,2.0,,,,,,,,,26.0,0.5760123002443449,5,1,,-0.011,34.14,0.925,4.161,,,,,
6,space_solar,regression,NB06_spacechem_ai,IT4F_core_aug5,O=C1C(=Cc2sc3c(c2)c2c(cc3)CCCC2)c2ccc(F)c(F)c2C1=O,NFA,3,,,,0.797,0.1151827868089134,0.2071818833735467,,,,,3,0,27,,,,5.2565123727638845,,,,102.03350000000006,392.0935637065193,0.0,2.0,,,,,,,,,26.0,0.5875557962432302,5,1,,-0.001,34.14,0.971,4.218,,,,,
6,space_solar,regression,NB06_spacechem_ai,IT4F_core_aug6,O=C1C(=Cc2sc3c(c2)c2c(cc3)CCCC2)c2ccc(F)c(F)c2C1=O,NFA,3,,,,0.159,0.0754581615802552,0.1891538661398479,,,,,3,0,27,,,,5.558912966276895,,,,102.03350000000006,408.0581798207506,0.0,2.0,,,,,,,,,26.0,0.5917508245508063,5,1,,0.032,34.14,0.928,4.156,,,,,
6,space_solar,regression,NB06_spacechem_ai,IT4F_core_aug7,O=C1C(=Cc2sc3c(c2)c2c(cc3)CCCC2)c2ccc(F)c(F)c2C1=O,NFA,3,,,,0.832,0.1067219463205444,0.1841400092259892,,,,,3,0,27,,,,5.246298356301795,,,,102.03350000000006,387.788466177458,0.0,2.0,,,,,,,,,26.0,0.514759871326158,5,1,,-0.024,34.14,0.952,4.201,,,,,
6,space_solar,regression,NB06_spacechem_ai,Triazine_acc_aug0,c1ncnc(c1)-c1ccncc1,BN_mat,2,,,,0.78,0.0426898055154067,0.0788726639881737,,,,,3,0,12,,,,2.1875764169916376,,,,45.26300000000002,170.08568362282148,0.0,3.0,,,,,,,,,12.0,0.9971411340283914,2,1,,-0.084,38.67,0.673,1.833,,,,,
6,space_solar,regression,NB06_spacechem_ai,Triazine_acc_aug1,c1ncnc(c1)-c1ccncc1,BN_mat,2,,,,0.103,0.0165790690117787,0.0097044996449153,,,,,3,0,12,,,,1.5945827369469072,,,,45.26300000000002,169.33393019433075,0.0,3.0,,,,,,,,,12.0,1.0,2,1,,0.041,38.67,0.639,1.856,,,,,
6,space_solar,regression,NB06_spacechem_ai,Triazine_acc_aug2,c1ncnc(c1)-c1ccncc1,BN_mat,2,,,,0.346,0.0357943697785402,0.018860593753226,,,,,3,0,12,,,,1.328563755518248,,,,45.26300000000002,159.8353934829375,0.0,3.0,,,,,,,,,12.0,1.0,2,1,,-0.007,38.67,0.64,1.845,,,,,
6,space_solar,regression,NB06_spacechem_ai,Triazine_acc_aug3,c1ncnc(c1)-c1ccncc1,BN_mat,2,,,,0.274,0.0270682905129477,0.0,,,,,3,0,12,,,,2.1029471208321766,,,,45.26300000000002,146.072009466136,0.0,3.0,,,,,,,,,12.0,1.0,2,1,,0.05,38.67,0.612,1.891,,,,,
6,space_solar,regression,NB06_spacechem_ai,Triazine_acc_aug4,c1ncnc(c1)-c1ccncc1,BN_mat,2,,,,0.082,0.0351258577244123,0.0436228664140072,,,,,3,0,12,,,,1.7511069341898058,,,,45.26300000000002,136.7513436573857,0.0,3.0,,,,,,,,,12.0,1.0,2,1,,0.002,38.67,0.613,1.814,,,,,
6,space_solar,regression,NB06_spacechem_ai,Triazine_acc_aug5,c1ncnc(c1)-c1ccncc1,BN_mat,2,,,,0.398,0.0441504829302859,0.0121669724661345,,,,,3,0,12,,,,1.217574570102154,,,,45.26300000000002,194.10873992095327,0.0,3.0,,,,,,,,,12.0,0.99276291826431,2,1,,-0.059,38.67,0.657,1.801,,,,,
6,space_solar,regression,NB06_spacechem_ai,Triazine_acc_aug6,c1ncnc(c1)-c1ccncc1,BN_mat,2,,,,0.864,0.0460635462003463,0.0228376609576891,,,,,3,0,12,,,,1.9717293812219776,,,,45.26300000000002,132.14521151619107,0.0,3.0,,,,,,,,,12.0,1.0,2,1,,-0.029,38.67,0.678,1.901,,,,,
6,space_solar,regression,NB06_spacechem_ai,Triazine_acc_aug7,c1ncnc(c1)-c1ccncc1,BN_mat,2,,,,0.131,0.0659117193089894,0.0354501878794256,,,,,3,0,12,,,,1.9373457590397292,,,,45.26300000000002,170.03045519735085,0.0,3.0,,,,,,,,,12.0,0.9973079291713832,2,1,,-0.095,38.67,0.659,1.725,,,,,
6,space_solar,regression,NB06_spacechem_ai,Benzimidazole_aug0,c1ccc2[nH]cnc2c1,rad_hard,2,,,,0.201,0.0240568954139521,0.0,,,,,1,1,9,,,,2.1031821298732445,,,,36.0937,104.61115395881458,1.0,2.0,,,,,,,,,12.0,1.0,2,0,,-0.026,28.68,0.628,1.704,,,,,
6,space_solar,regression,NB06_spacechem_ai,Benzimidazole_aug1,c1ccc2[nH]cnc2c1,rad_hard,2,,,,0.012,0.0523176681228859,0.0,,,,,1,1,9,,,,0.9960377807163406,,,,36.0937,109.2153313357044,1.0,2.0,,,,,,,,,12.0,0.9524829152954284,2,0,,-0.089,28.68,0.607,1.613,,,,,
6,space_solar,regression,NB06_spacechem_ai,Benzimidazole_aug2,c1ccc2[nH]cnc2c1,rad_hard,2,,,,0.78,0.0139420812161491,0.0,,,,,1,1,9,,,,1.6905372685354894,,,,36.0937,133.85500317301663,1.0,2.0,,,,,,,,,12.0,0.999891923827283,2,0,,-0.094,28.68,0.607,1.723,,,,,
6,space_solar,regression,NB06_spacechem_ai,Benzimidazole_aug3,c1ccc2[nH]cnc2c1,rad_hard,2,,,,0.56,0.023469690040044,0.0,,,,,1,1,9,,,,1.8261086871727017,,,,36.0937,148.206966035343,1.0,2.0,,,,,,,,,12.0,0.992584678524382,2,0,,-0.099,28.68,0.637,1.685,,,,,
6,space_solar,regression,NB06_spacechem_ai,Benzimidazole_aug4,c1ccc2[nH]cnc2c1,rad_hard,2,,,,0.568,0.0556020486582553,0.0286291390678079,,,,,1,1,9,,,,1.4785699121342135,,,,36.0937,98.10659980210168,1.0,2.0,,,,,,,,,12.0,1.0,2,0,,0.003,28.68,0.614,1.789,,,,,
6,space_solar,regression,NB06_spacechem_ai,Benzimidazole_aug5,c1ccc2[nH]cnc2c1,rad_hard,2,,,,0.709,0.0264046707687886,0.0317585900840984,,,,,1,1,9,,,,1.3688189666883277,,,,36.0937,119.33160739840346,1.0,2.0,,,,,,,,,12.0,1.0,2,0,,0.031,28.68,0.661,1.837,,,,,
6,space_solar,regression,NB06_spacechem_ai,Benzimidazole_aug6,c1ccc2[nH]cnc2c1,rad_hard,2,,,,0.452,0.0274316583189135,0.0098955391731323,,,,,1,1,9,,,,1.6221798814077195,,,,36.0937,144.4868813126865,1.0,2.0,,,,,,,,,12.0,0.9804574598915664,2,0,,-0.003,28.68,0.681,1.764,,,,,
6,space_solar,regression,NB06_spacechem_ai,Benzimidazole_aug7,c1ccc2[nH]cnc2c1,rad_hard,2,,,,0.976,0.0799547821722372,0.0,,,,,1,1,9,,,,1.6901497839205748,,,,36.0937,111.73205383611358,1.0,2.0,,,,,,,,,12.0,0.9992693622321706,2,0,,-0.049,28.68,0.655,1.797,,,,,
6,space_solar,regression,NB06_spacechem_ai,Polyimide_unit_aug0,O=C1OC(=O)c2ccccc21,rad_hard,1,,,,0.228,0.01,0.006001566335913,,,,,3,0,11,,,,1.1280971009022096,,,,36.18800000000001,182.66786340201415,0.0,3.0,,,,,,,,,10.0,0.5638600846364579,2,0,,0.049,43.370000000000005,0.666,1.984,,,,,
6,space_solar,regression,NB06_spacechem_ai,Polyimide_unit_aug1,O=C1OC(=O)c2ccccc21,rad_hard,1,,,,0.868,0.01,0.0786993381645016,,,,,3,0,11,,,,0.4966247778367232,,,,36.18800000000001,142.96946925153307,0.0,3.0,,,,,,,,,10.0,0.5086815755644751,2,0,,0.009,43.370000000000005,0.663,2.039,,,,,
6,space_solar,regression,NB06_spacechem_ai,Polyimide_unit_aug2,O=C1OC(=O)c2ccccc21,rad_hard,1,,,,0.439,0.0450169487497334,0.0,,,,,3,0,11,,,,1.3113294907836464,,,,36.18800000000001,152.6060363711994,0.0,3.0,,,,,,,,,10.0,0.5402757264563208,2,0,,0.009,43.370000000000005,0.701,1.975,,,,,
6,space_solar,regression,NB06_spacechem_ai,Polyimide_unit_aug3,O=C1OC(=O)c2ccccc21,rad_hard,1,,,,0.912,0.0352598206687481,0.0690045677073725,,,,,3,0,11,,,,0.5242823529047251,,,,36.18800000000001,161.16345756826834,0.0,3.0,,,,,,,,,10.0,0.5266876644092595,2,0,,-0.068,43.370000000000005,0.723,1.968,,,,,
6,space_solar,regression,NB06_spacechem_ai,Polyimide_unit_aug4,O=C1OC(=O)c2ccccc21,rad_hard,1,,,,0.18,0.0199314633582778,0.0586364509629682,,,,,3,0,11,,,,1.075402129747172,,,,36.18800000000001,157.99760372565473,0.0,3.0,,,,,,,,,10.0,0.5617625500923784,2,0,,-0.064,43.370000000000005,0.663,1.863,,,,,
6,space_solar,regression,NB06_spacechem_ai,Polyimide_unit_aug5,O=C1OC(=O)c2ccccc21,rad_hard,1,,,,0.359,0.0505602857475703,0.0,,,,,3,0,11,,,,0.1426372138109773,,,,36.18800000000001,163.55097421296685,0.0,3.0,,,,,,,,,10.0,0.5066141011829183,2,0,,-0.011,43.370000000000005,0.656,1.943,,,,,
6,space_solar,regression,NB06_spacechem_ai,Polyimide_unit_aug6,O=C1OC(=O)c2ccccc21,rad_hard,1,,,,0.97,0.0174686183367737,0.0,,,,,3,0,11,,,,1.101151164519215,,,,36.18800000000001,138.76297597376214,0.0,3.0,,,,,,,,,10.0,0.5753425500379596,2,0,,-0.032,43.370000000000005,0.682,2.014,,,,,
6,space_solar,regression,NB06_spacechem_ai,Polyimide_unit_aug7,O=C1OC(=O)c2ccccc21,rad_hard,1,,,,0.617,0.0688787096712168,0.0,,,,,3,0,11,,,,0.8687654517102262,,,,36.18800000000001,116.98536202680496,0.0,3.0,,,,,,,,,10.0,0.5358054939180239,2,0,,0.006,43.370000000000005,0.662,1.999,,,,,
6,space_solar,regression,NB06_spacechem_ai,PTFE_unit_aug0,C(F)(F)=C(F)F,rad_hard,0,,,,0.585,0.01,0.0,,,,,0,0,6,,,,2.120012494157321,,,,11.458000000000002,107.65270904463108,0.0,0.0,,,,,,,,,0.0,0.0,0,0,,0.03,0.0,0.204,0.418,,,,,
6,space_solar,regression,NB06_spacechem_ai,PTFE_unit_aug1,C(F)(F)=C(F)F,rad_hard,0,,,,0.039,0.01,0.0,,,,,0,0,6,,,,2.00658376574219,,,,11.458000000000002,114.5665908727396,0.0,0.0,,,,,,,,,0.0,0.0023590557094827,0,0,,-0.082,0.0,0.223,0.224,,,,,
6,space_solar,regression,NB06_spacechem_ai,PTFE_unit_aug2,C(F)(F)=C(F)F,rad_hard,0,,,,0.455,0.01,0.0,,,,,0,0,6,,,,2.094946542769398,,,,11.458000000000002,118.34055349404964,0.0,0.0,,,,,,,,,0.0,0.0332454845021254,0,0,,-0.023,0.0,0.272,0.346,,,,,
6,space_solar,regression,NB06_spacechem_ai,PTFE_unit_aug3,C(F)(F)=C(F)F,rad_hard,0,,,,0.97,0.0141142824635944,0.0957015676933393,,,,,0,0,6,,,,1.6749753310479032,,,,11.458000000000002,112.2694781012514,0.0,0.0,,,,,,,,,0.0,0.0,0,0,,-0.086,0.0,0.201,0.36,,,,,
6,space_solar,regression,NB06_spacechem_ai,PTFE_unit_aug4,C(F)(F)=C(F)F,rad_hard,0,,,,0.945,0.0307787129201522,0.0,,,,,0,0,6,,,,2.1397045663917815,,,,11.458000000000002,117.4153546137751,0.0,0.0,,,,,,,,,0.0,0.006032971401449,0,0,,0.002,0.0,0.291,0.444,,,,,
6,space_solar,regression,NB06_spacechem_ai,PTFE_unit_aug5,C(F)(F)=C(F)F,rad_hard,0,,,,0.216,0.01,0.0,,,,,0,0,6,,,,2.347109091668114,,,,11.458000000000002,122.12451865915968,0.0,0.0,,,,,,,,,0.0,0.0090790639571709,0,0,,-0.001,0.0,0.253,0.331,,,,,
6,space_solar,regression,NB06_spacechem_ai,PTFE_unit_aug6,C(F)(F)=C(F)F,rad_hard,0,,,,0.871,0.0290473683657671,0.0226767150756989,,,,,0,0,6,,,,2.089628723091044,,,,11.458000000000002,98.73123306814016,0.0,0.0,,,,,,,,,0.0,0.0,0,0,,0.017,0.0,0.266,0.448,,,,,
6,space_solar,regression,NB06_spacechem_ai,PTFE_unit_aug7,C(F)(F)=C(F)F,rad_hard,0,,,,0.808,0.0122771540694308,0.0687853406655809,,,,,0,0,6,,,,1.6227176554589025,,,,11.458000000000002,123.80340977849282,0.0,0.0,,,,,,,,,0.0,0.0,0,0,,0.014,0.0,0.207,0.436,,,,,
6,space_solar,regression,NB06_spacechem_ai,Diamond_unit_aug0,C12CC3CC(CC(C3)C1)C2,rad_hard,0,,,,0.325,0.01,0.9576519325840837,,,,,0,0,10,,,,2.8372737142744415,,,,41.66200000000001,132.77656351432262,0.0,0.0,,,,,,,,,16.0,0.0,4,0,,-0.045,0.0,0.554,1.204,,,,,
6,space_solar,regression,NB06_spacechem_ai,Diamond_unit_aug1,C12CC3CC(CC(C3)C1)C2,rad_hard,0,,,,0.227,0.0567674661068861,1.0,,,,,0,0,10,,,,2.435673061977752,,,,41.66200000000001,123.45876504620996,0.0,0.0,,,,,,,,,16.0,0.0,4,0,,-0.089,0.0,0.554,1.145,,,,,
6,space_solar,regression,NB06_spacechem_ai,Diamond_unit_aug2,C12CC3CC(CC(C3)C1)C2,rad_hard,0,,,,0.519,0.0605137981267854,0.9177300626521554,,,,,0,0,10,,,,2.7351505849474145,,,,41.66200000000001,155.87330973983188,0.0,0.0,,,,,,,,,16.0,0.0306771129602892,4,0,,-0.028,0.0,0.469,1.25,,,,,
6,space_solar,regression,NB06_spacechem_ai,Diamond_unit_aug3,C12CC3CC(CC(C3)C1)C2,rad_hard,0,,,,0.813,0.0104668874420095,1.0,,,,,0,0,10,,,,3.001772736015709,,,,41.66200000000001,163.92345637021037,0.0,0.0,,,,,,,,,16.0,0.0031260331185562,4,0,,0.008,0.0,0.539,1.33,,,,,
6,space_solar,regression,NB06_spacechem_ai,Diamond_unit_aug4,C12CC3CC(CC(C3)C1)C2,rad_hard,0,,,,0.486,0.0395587957268919,0.9448205341392114,,,,,0,0,10,,,,2.748397476939969,,,,41.66200000000001,121.15870822266648,0.0,0.0,,,,,,,,,16.0,0.0053968245346043,4,0,,-0.061,0.0,0.48,1.211,,,,,
6,space_solar,regression,NB06_spacechem_ai,Diamond_unit_aug5,C12CC3CC(CC(C3)C1)C2,rad_hard,0,,,,0.716,0.01,0.9887683425001488,,,,,0,0,10,,,,2.361449818913048,,,,41.66200000000001,154.60433212004625,0.0,0.0,,,,,,,,,16.0,0.0165015629707365,4,0,,-0.059,0.0,0.485,1.248,,,,,
6,space_solar,regression,NB06_spacechem_ai,Diamond_unit_aug6,C12CC3CC(CC(C3)C1)C2,rad_hard,0,,,,0.709,0.0227685490883429,1.0,,,,,0,0,10,,,,2.43239235152454,,,,41.66200000000001,138.3455101229192,0.0,0.0,,,,,,,,,16.0,0.0,4,0,,-0.084,0.0,0.466,1.222,,,,,
6,space_solar,regression,NB06_spacechem_ai,Diamond_unit_aug7,C12CC3CC(CC(C3)C1)C2,rad_hard,0,,,,0.043,0.0125305838240776,1.0,,,,,0,0,10,,,,3.2418421289921544,,,,41.66200000000001,140.71628268129322,0.0,0.0,,,,,,,,,16.0,0.0014658021097711,4,0,,-0.005,0.0,0.505,1.201,,,,,
6,space_solar,regression,NB06_spacechem_ai,MAI_cation_aug0,C[NH3+],perovskite,0,,,,0.611,0.0237578625388888,0.9653547401102046,,,,,0,1,2,,,,-1.3407702752652846,,,,8.8121,50.0,3.0,1.0,,,,,,,,,0.0,0.0,0,0,,-0.038,27.64,0.275,0.553,,,,,
6,space_solar,regression,NB06_spacechem_ai,MAI_cation_aug1,C[NH3+],perovskite,0,,,,0.668,0.0120557892045405,1.0,,,,,0,1,2,,,,-0.7675773781978801,,,,8.8121,50.0,3.0,1.0,,,,,,,,,0.0,0.0,0,0,,-0.086,27.64,0.288,0.514,,,,,
6,space_solar,regression,NB06_spacechem_ai,MAI_cation_aug2,C[NH3+],perovskite,0,,,,0.217,0.050069835031827,0.9926498999185756,,,,,0,1,2,,,,-1.0177602707645508,,,,8.8121,50.0,3.0,1.0,,,,,,,,,0.0,0.0289163735038472,0,0,,-0.086,27.64,0.306,0.447,,,,,
6,space_solar,regression,NB06_spacechem_ai,MAI_cation_aug3,C[NH3+],perovskite,0,,,,0.594,0.01,1.0,,,,,0,1,2,,,,-1.5528408938737237,,,,8.8121,50.0,3.0,1.0,,,,,,,,,0.0,0.0503310244222932,0,0,,-0.025,27.64,0.288,0.564,,,,,
6,space_solar,regression,NB06_spacechem_ai,MAI_cation_aug4,C[NH3+],perovskite,0,,,,0.274,0.01,0.9492621634653566,,,,,0,1,2,,,,-0.6533810130614388,,,,8.8121,50.0,3.0,1.0,,,,,,,,,0.0,0.0,0,0,,-0.088,27.64,0.288,0.453,,,,,
6,space_solar,regression,NB06_spacechem_ai,MAI_cation_aug5,C[NH3+],perovskite,0,,,,0.068,0.0225299542321784,0.9222052176898188,,,,,0,1,2,,,,-1.3728919693175927,,,,8.8121,50.0,3.0,1.0,,,,,,,,,0.0,0.0099264069664337,0,0,,0.02,27.64,0.308,0.53,,,,,
6,space_solar,regression,NB06_spacechem_ai,MAI_cation_aug6,C[NH3+],perovskite,0,,,,0.333,0.01,1.0,,,,,0,1,2,,,,-1.0296830290457284,,,,8.8121,50.0,3.0,1.0,,,,,,,,,0.0,0.0,0,0,,0.0,27.64,0.357,0.55,,,,,
6,space_solar,regression,NB06_spacechem_ai,MAI_cation_aug7,C[NH3+],perovskite,0,,,,0.175,0.01,0.929314275154751,,,,,0,1,2,,,,-1.1190983825762766,,,,8.8121,50.0,3.0,1.0,,,,,,,,,0.0,0.0,0,0,,0.004,27.64,0.309,0.53,,,,,
6,space_solar,regression,NB06_spacechem_ai,FA_cation_aug0,NC(=N)N,perovskite,0,,,,0.665,0.014553088272798,0.0,,,,,1,3,4,,,,-0.7906020474368689,,,,16.1015,50.0,5.0,3.0,,,,,,,,,0.0,0.0363929309993755,0,0,,0.019,75.89,0.381,0.919,,,,,
6,space_solar,regression,NB06_spacechem_ai,FA_cation_aug1,NC(=N)N,perovskite,0,,,,0.089,0.0308527963358916,0.0,,,,,1,3,4,,,,-1.0434346481816887,,,,16.1015,105.45859079963388,5.0,3.0,,,,,,,,,0.0,0.0212432603006577,0,0,,0.013,75.89,0.406,0.827,,,,,
6,space_solar,regression,NB06_spacechem_ai,FA_cation_aug2,NC(=N)N,perovskite,0,,,,0.088,0.01,0.0253995663456271,,,,,1,3,4,,,,-1.5607998860673336,,,,16.1015,50.0,5.0,3.0,,,,,,,,,0.0,0.0,0,0,,0.041,75.89,0.347,0.854,,,,,
6,space_solar,regression,NB06_spacechem_ai,FA_cation_aug3,NC(=N)N,perovskite,0,,,,0.919,0.01,0.0,,,,,1,3,4,,,,-0.413530144770163,,,,16.1015,66.84357209061928,5.0,3.0,,,,,,,,,0.0,0.027572294489633,0,0,,-0.025,75.89,0.421,0.912,,,,,
6,space_solar,regression,NB06_spacechem_ai,FA_cation_aug4,NC(=N)N,perovskite,0,,,,0.79,0.01,0.0,,,,,1,3,4,,,,-1.064920658141196,,,,16.1015,64.41984628143805,5.0,3.0,,,,,,,,,0.0,0.0160952953071121,0,0,,-0.054,75.89,0.411,0.864,,,,,
6,space_solar,regression,NB06_spacechem_ai,FA_cation_aug5,NC(=N)N,perovskite,0,,,,0.641,0.0228749561270372,0.0408883149600143,,,,,1,3,4,,,,-1.1641656989932612,,,,16.1015,59.63562314738256,5.0,3.0,,,,,,,,,0.0,0.0417062264705194,0,0,,0.023,75.89,0.412,0.92,,,,,
6,space_solar,regression,NB06_spacechem_ai,FA_cation_aug6,NC(=N)N,perovskite,0,,,,0.399,0.0223126050871346,0.0,,,,,1,3,4,,,,-1.554980869705048,,,,16.1015,59.279052396867606,5.0,3.0,,,,,,,,,0.0,0.0016994977469132,0,0,,-0.078,75.89,0.39,0.782,,,,,
6,space_solar,regression,NB06_spacechem_ai,FA_cation_aug7,NC(=N)N,perovskite,0,,,,0.312,0.023717324599924,0.0,,,,,1,3,4,,,,-1.0154795068521396,,,,16.1015,57.66202443881817,5.0,3.0,,,,,,,,,0.0,0.0,0,0,,-0.024,75.89,0.378,0.823,,,,,
6,space_solar,regression,NB06_spacechem_ai,GUA_cation_aug0,NC(=N)N,perovskite,0,,,,0.152,0.01,0.0745363068424976,,,,,1,3,4,,,,-0.7958014444908053,,,,16.1015,89.68701664687394,5.0,3.0,,,,,,,,,0.0,0.0044600237160633,0,0,,-0.091,75.89,0.407,0.732,,,,,
6,space_solar,regression,NB06_spacechem_ai,GUA_cation_aug1,NC(=N)N,perovskite,0,,,,0.692,0.0355316754957268,0.0001523010076707,,,,,1,3,4,,,,-1.2521709059464388,,,,16.1015,50.0,5.0,3.0,,,,,,,,,0.0,0.0131081450923904,0,0,,-0.091,75.89,0.429,0.813,,,,,
6,space_solar,regression,NB06_spacechem_ai,GUA_cation_aug2,NC(=N)N,perovskite,0,,,,0.527,0.01,0.0,,,,,1,3,4,,,,-1.606899390534971,,,,16.1015,78.06308270882647,5.0,3.0,,,,,,,,,0.0,0.0,0,0,,-0.036,75.89,0.38,0.843,,,,,
6,space_solar,regression,NB06_spacechem_ai,GUA_cation_aug3,NC(=N)N,perovskite,0,,,,0.769,0.0195548301080509,0.0,,,,,1,3,4,,,,-0.933683451909206,,,,16.1015,69.90125456409575,5.0,3.0,,,,,,,,,0.0,0.0,0,0,,-0.098,75.89,0.408,0.817,,,,,
6,space_solar,regression,NB06_spacechem_ai,GUA_cation_aug4,NC(=N)N,perovskite,0,,,,0.012,0.01,0.0289645749800544,,,,,1,3,4,,,,-1.1064220240662537,,,,16.1015,50.0,5.0,3.0,,,,,,,,,0.0,0.0035874110524245,0,0,,-0.064,75.89,0.41,0.738,,,,,
6,space_solar,regression,NB06_spacechem_ai,GUA_cation_aug5,NC(=N)N,perovskite,0,,,,0.098,0.0459529196028468,0.0,,,,,1,3,4,,,,-1.2089888719080912,,,,16.1015,83.00343003328982,5.0,3.0,,,,,,,,,0.0,0.0,0,0,,-0.027,75.89,0.399,0.788,,,,,
6,space_solar,regression,NB06_spacechem_ai,GUA_cation_aug6,NC(=N)N,perovskite,0,,,,0.459,0.0482389442709387,0.0519952343698038,,,,,1,3,4,,,,-1.6454984193630224,,,,16.1015,50.0,5.0,3.0,,,,,,,,,0.0,0.0,0,0,,0.018,75.89,0.399,0.887,,,,,
6,space_solar,regression,NB06_spacechem_ai,GUA_cation_aug7,NC(=N)N,perovskite,0,,,,0.038,0.0177046016081298,0.0,,,,,1,3,4,,,,-1.307803422443711,,,,16.1015,72.63051742678537,5.0,3.0,,,,,,,,,0.0,0.0222628611602792,0,0,,0.035,75.89,0.475,0.841,,,,,
6,space_solar,regression,NB06_spacechem_ai,Rubrene_unit_aug0,c1ccc(-c2cc3ccccc3cc2)cc1,acene,3,,,,0.067,0.0378869566216547,0.0,,,,,0,0,16,,,,4.975253359018058,,,,69.38400000000004,230.30682578797595,0.0,0.0,,,,,,,,,18.0,1.0,3,1,,-0.022,0.0,0.895,3.088,,,,,
6,space_solar,regression,NB06_spacechem_ai,Rubrene_unit_aug1,c1ccc(-c2cc3ccccc3cc2)cc1,acene,3,,,,0.071,0.022018364420572,0.0,,,,,0,0,16,,,,4.562204091759475,,,,69.38400000000004,196.96556897375785,0.0,0.0,,,,,,,,,18.0,1.0,3,1,,-0.098,0.0,0.841,3.013,,,,,
6,space_solar,regression,NB06_spacechem_ai,Rubrene_unit_aug2,c1ccc(-c2cc3ccccc3cc2)cc1,acene,3,,,,0.174,0.0200203482286107,0.0359476655332533,,,,,0,0,16,,,,4.667795825758189,,,,69.38400000000004,183.3337803463612,0.0,0.0,,,,,,,,,18.0,1.0,3,1,,-0.085,0.0,0.919,3.041,,,,,
6,space_solar,regression,NB06_spacechem_ai,Rubrene_unit_aug3,c1ccc(-c2cc3ccccc3cc2)cc1,acene,3,,,,0.206,0.0784562968980216,0.0278115004700329,,,,,0,0,16,,,,4.957200095586649,,,,69.38400000000004,175.8357866651631,0.0,0.0,,,,,,,,,18.0,1.0,3,1,,-0.082,0.0,0.924,3.049,,,,,
6,space_solar,regression,NB06_spacechem_ai,Rubrene_unit_aug4,c1ccc(-c2cc3ccccc3cc2)cc1,acene,3,,,,0.98,0.056606396746196,0.0253917878144811,,,,,0,0,16,,,,4.785152038424374,,,,69.38400000000004,191.4016353923971,0.0,0.0,,,,,,,,,18.0,1.0,3,1,,-0.01,0.0,0.945,3.237,,,,,
6,space_solar,regression,NB06_spacechem_ai,Rubrene_unit_aug5,c1ccc(-c2cc3ccccc3cc2)cc1,acene,3,,,,0.928,0.0130920826855663,0.0,,,,,0,0,16,,,,4.255037099798301,,,,69.38400000000004,196.97294540914228,0.0,0.0,,,,,,,,,18.0,1.0,3,1,,-0.066,0.0,0.867,3.173,,,,,
6,space_solar,regression,NB06_spacechem_ai,Rubrene_unit_aug6,c1ccc(-c2cc3ccccc3cc2)cc1,acene,3,,,,0.887,0.0408078490097659,0.0,,,,,0,0,16,,,,4.423756010033326,,,,69.38400000000004,199.84692752828457,0.0,0.0,,,,,,,,,18.0,0.9949863485864076,3,1,,-0.003,0.0,0.924,3.23,,,,,
6,space_solar,regression,NB06_spacechem_ai,Rubrene_unit_aug7,c1ccc(-c2cc3ccccc3cc2)cc1,acene,3,,,,0.842,0.01,0.0586736928742662,,,,,0,0,16,,,,4.9890036728060005,,,,69.38400000000004,199.29817747632904,0.0,0.0,,,,,,,,,18.0,1.0,3,1,,0.009,0.0,0.917,3.236,,,,,
6,space_solar,regression,NB06_spacechem_ai,Rhodamine_B_aug0,CCN(CC)c1ccc2c(c1)OC1=CC(=[N+](CC)CC)C=CC1=C2c1ccccc1C(=O)O,dye,2,,,,0.818,0.1356067988927047,0.2867778645510888,,,,,3,1,33,,,,5.365592931862457,,,,135.14329999999998,451.560759035053,1.0,5.0,,,,,,,,,20.0,0.615325596438575,4,7,,-0.068,56.69,0.874,2.955,,,,,
6,space_solar,regression,NB06_spacechem_ai,Rhodamine_B_aug1,CCN(CC)c1ccc2c(c1)OC1=CC(=[N+](CC)CC)C=CC1=C2c1ccccc1C(=O)O,dye,2,,,,0.298,0.1150261270253991,0.3047722049584246,,,,,3,1,33,,,,6.341504934254123,,,,135.14329999999998,448.3820635897715,1.0,5.0,,,,,,,,,20.0,0.6447531886830884,4,7,,-0.015,56.69,0.849,2.929,,,,,
6,space_solar,regression,NB06_spacechem_ai,Rhodamine_B_aug2,CCN(CC)c1ccc2c(c1)OC1=CC(=[N+](CC)CC)C=CC1=C2c1ccccc1C(=O)O,dye,2,,,,0.009,0.1133340680884121,0.2431882630038206,,,,,3,1,33,,,,5.193710529113195,,,,135.14329999999998,440.7978803203247,1.0,5.0,,,,,,,,,20.0,0.5886449025664644,4,7,,-0.063,56.69,0.814,2.838,,,,,
6,space_solar,regression,NB06_spacechem_ai,Rhodamine_B_aug3,CCN(CC)c1ccc2c(c1)OC1=CC(=[N+](CC)CC)C=CC1=C2c1ccccc1C(=O)O,dye,2,,,,0.616,0.1018562638945839,0.2552251404983165,,,,,3,1,33,,,,5.6794014589468995,,,,135.14329999999998,476.96509008702833,1.0,5.0,,,,,,,,,20.0,0.6020400910604186,4,7,,-0.072,56.69,0.868,2.921,,,,,
6,space_solar,regression,NB06_spacechem_ai,Rhodamine_B_aug4,CCN(CC)c1ccc2c(c1)OC1=CC(=[N+](CC)CC)C=CC1=C2c1ccccc1C(=O)O,dye,2,,,,0.958,0.0941058369581646,0.2638413706981152,,,,,3,1,33,,,,5.755484130153163,,,,135.14329999999998,427.86903373835537,1.0,5.0,,,,,,,,,20.0,0.6277320467954393,4,7,,-0.045,56.69,0.813,2.999,,,,,
6,space_solar,regression,NB06_spacechem_ai,Rhodamine_B_aug5,CCN(CC)c1ccc2c(c1)OC1=CC(=[N+](CC)CC)C=CC1=C2c1ccccc1C(=O)O,dye,2,,,,0.886,0.1268141820685436,0.1976738451152468,,,,,3,1,33,,,,5.441109144315624,,,,135.14329999999998,478.10627702466826,1.0,5.0,,,,,,,,,20.0,0.5602909166235033,4,7,,-0.011,56.69,0.795,3.022,,,,,
6,space_solar,regression,NB06_spacechem_ai,Rhodamine_B_aug6,CCN(CC)c1ccc2c(c1)OC1=CC(=[N+](CC)CC)C=CC1=C2c1ccccc1C(=O)O,dye,2,,,,0.642,0.1257298246118628,0.3860189301222418,,,,,3,1,33,,,,6.328459785700481,,,,135.14329999999998,432.5298370821512,1.0,5.0,,,,,,,,,20.0,0.6679057133596981,4,7,,-0.09,56.69,0.879,2.906,,,,,
6,space_solar,regression,NB06_spacechem_ai,Rhodamine_B_aug7,CCN(CC)c1ccc2c(c1)OC1=CC(=[N+](CC)CC)C=CC1=C2c1ccccc1C(=O)O,dye,2,,,,0.27,0.0924979390134544,0.2855455628437381,,,,,3,1,33,,,,5.73875808476036,,,,135.14329999999998,464.0482505162294,1.0,5.0,,,,,,,,,20.0,0.6009550673848583,4,7,,0.024,56.69,0.801,2.964,,,,,
6,space_solar,regression,NB06_spacechem_ai,C60_unit_aug0,C12=C3C4=C5C1=C1C6=C7C2=C2C8=C3C3=C9C4=C4C%10=C5C5=C1C1=C6C6=C%11C7=C2C2=C7C8=C3C3=C8C9=C4C4=C9C%10=C5C5=C1C1=C6C%11=C2C7=C3C8=C4C9=C51,fullerene,26,,,,0.789,0.01,0.0,,,,,0,0,50,,,,15.06159156257116,,,,217.30000000000015,614.4777489491345,0.0,0.0,,,,,,,,,156.0,0.9784953303819158,26,0,,-0.022,0.0,0.862,3.596,,,,,
6,space_solar,regression,NB06_spacechem_ai,C60_unit_aug1,C12=C3C4=C5C1=C1C6=C7C2=C2C8=C3C3=C9C4=C4C%10=C5C5=C1C1=C6C6=C%11C7=C2C2=C7C8=C3C3=C8C9=C4C4=C9C%10=C5C5=C1C1=C6C%11=C2C7=C3C8=C4C9=C51,fullerene,26,,,,0.598,0.0175013290693723,0.0927046283167094,,,,,0,0,50,,,,14.738475747485024,,,,217.30000000000015,598.8963862831462,0.0,0.0,,,,,,,,,156.0,1.0,26,0,,0.01,0.0,0.861,3.6,,,,,
6,space_solar,regression,NB06_spacechem_ai,C60_unit_aug2,C12=C3C4=C5C1=C1C6=C7C2=C2C8=C3C3=C9C4=C4C%10=C5C5=C1C1=C6C6=C%11C7=C2C2=C7C8=C3C3=C8C9=C4C4=C9C%10=C5C5=C1C1=C6C%11=C2C7=C3C8=C4C9=C51,fullerene,26,,,,0.84,0.01,0.0771621764136094,,,,,0,0,50,,,,14.487168228982965,,,,217.30000000000015,596.0203180230036,0.0,0.0,,,,,,,,,156.0,0.9853345173464118,26,0,,-0.042,0.0,0.953,3.584,,,,,
6,space_solar,regression,NB06_spacechem_ai,C60_unit_aug3,C12=C3C4=C5C1=C1C6=C7C2=C2C8=C3C3=C9C4=C4C%10=C5C5=C1C1=C6C6=C%11C7=C2C2=C7C8=C3C3=C8C9=C4C4=C9C%10=C5C5=C1C1=C6C%11=C2C7=C3C8=C4C9=C51,fullerene,26,,,,0.299,0.01,0.0,,,,,0,0,50,,,,14.244468190331151,,,,217.30000000000015,603.3677249382242,0.0,0.0,,,,,,,,,156.0,1.0,26,0,,0.041,0.0,0.872,3.586,,,,,
6,space_solar,regression,NB06_spacechem_ai,C60_unit_aug4,C12=C3C4=C5C1=C1C6=C7C2=C2C8=C3C3=C9C4=C4C%10=C5C5=C1C1=C6C6=C%11C7=C2C2=C7C8=C3C3=C8C9=C4C4=C9C%10=C5C5=C1C1=C6C%11=C2C7=C3C8=C4C9=C51,fullerene,26,,,,0.133,0.01,0.0886125798334872,,,,,0,0,50,,,,13.913321336015512,,,,217.30000000000015,577.1516632857944,0.0,0.0,,,,,,,,,156.0,1.0,26,0,,-0.088,0.0,0.882,3.432,,,,,
6,space_solar,regression,NB06_spacechem_ai,C60_unit_aug5,C12=C3C4=C5C1=C1C6=C7C2=C2C8=C3C3=C9C4=C4C%10=C5C5=C1C1=C6C6=C%11C7=C2C2=C7C8=C3C3=C8C9=C4C4=C9C%10=C5C5=C1C1=C6C%11=C2C7=C3C8=C4C9=C51,fullerene,26,,,,0.61,0.01,0.0613466611942153,,,,,0,0,50,,,,14.915632276822514,,,,217.30000000000015,588.5057587927646,0.0,0.0,,,,,,,,,156.0,0.9969953777056014,26,0,,-0.08,0.0,0.915,3.512,,,,,
6,space_solar,regression,NB06_spacechem_ai,C60_unit_aug6,C12=C3C4=C5C1=C1C6=C7C2=C2C8=C3C3=C9C4=C4C%10=C5C5=C1C1=C6C6=C%11C7=C2C2=C7C8=C3C3=C8C9=C4C4=C9C%10=C5C5=C1C1=C6C%11=C2C7=C3C8=C4C9=C51,fullerene,26,,,,0.906,0.01,0.0,,,,,0,0,50,,,,14.52693589378805,,,,217.30000000000015,582.990348264869,0.0,0.0,,,,,,,,,156.0,1.0,26,0,,-0.063,0.0,0.926,3.573,,,,,
6,space_solar,regression,NB06_spacechem_ai,C60_unit_aug7,C12=C3C4=C5C1=C1C6=C7C2=C2C8=C3C3=C9C4=C4C%10=C5C5=C1C1=C6C6=C%11C7=C2C2=C7C8=C3C3=C8C9=C4C4=C9C%10=C5C5=C1C1=C6C%11=C2C7=C3C8=C4C9=C51,fullerene,26,,,,0.034,0.01,0.0442022698180524,,,,,0,0,50,,,,14.55083649625566,,,,217.30000000000015,600.1226541130314,0.0,0.0,,,,,,,,,156.0,1.0,26,0,,-0.091,0.0,0.808,3.414,,,,,
